"Action","Page","Title","Section","FileName"
"Would create page","butterfly-wings-grin.html","Butterfly Wings Grin","Digitized Versions","Butterfly Wings Grin 1.png"
"Would create page","butterfly-wings-grin.html","Butterfly Wings Grin","Digitized Versions","Butterfly Wings Grin 2.png"
"Would create page","darth-grin.html","Darth Grin","Original Drawing","Darth Grin ORIGINAL.jpg"
"Would create page","darth-vader-grin.html","Darth Vader Grin","Digitized Versions","Darth Vader Grin B&W.png"
"Would create page","darth-vader-grin.html","Darth Vader Grin","Original Drawing","Darth Vader Grin back ORIGINAL.jpg"
"Would create page","darth-vader-grin.html","Darth Vader Grin","Digitized Versions","Darth Vader Grin COLOR.png"
"Would create page","darth-vader-grin.html","Darth Vader Grin","Original Drawing","Darth Vader Grin ORIGINAL.jpg"
"Would create page","darth-vader-grin.html","Darth Vader Grin","Digitized Versions","Darth Vader Grin side B&W.jpg"
"Would create page","darth-vader-grin.html","Darth Vader Grin","Digitized Versions","Darth Vader Grin side COLOR.jpg"
"Would create page","darth-vader-grin.html","Darth Vader Grin","Original Drawing","Darth Vader Grin side ORIGINAL.jpg"
"Would create page","david-grin.html","David Grin","Digitized Versions","David Grin COLOR.jpg"
"Would create page","david-grin.html","David Grin","Original Drawing","David Grin ORIGINAL COLOR.jpg"
"Would create page","david-grin.html","David Grin","Original Drawing","David Grin ORIGINAL.jpg"
"Would add to existing page","deadmau5-grin.html","DEADMAU5 Grin","Digitized Versions","DEADMAU5 Grin B&W.jpg"
"Would add to existing page","deadmau5-grin.html","DEADMAU5 Grin","Digitized Versions","DEADMAU5 Grin back B&W.jpg"
"Would add to existing page","deadmau5-grin.html","DEADMAU5 Grin","Original Drawing","DEADMAU5 Grin back ORIGINAL.jpg"
"Would add to existing page","deadmau5-grin.html","DEADMAU5 Grin","Digitized Versions","DEADMAU5 Grin COLOR 1.jpg"
"Would add to existing page","deadmau5-grin.html","DEADMAU5 Grin","Digitized Versions","DEADMAU5 Grin COLOR 4.jpg"
"Would add to existing page","deadmau5-grin.html","DEADMAU5 Grin","Digitized Versions","DEADMAU5 Grin COLOR 6.jpg"
"Would add to existing page","deadmau5-grin.html","DEADMAU5 Grin","Original Drawing","DEADMAU5 Grin ORIGINAL.jpg"
"Would add to existing page","deadmau5-grin.html","DEADMAU5 Grin","Digitized Versions","DEADMAU5 Grin side B&W.jpg"
"Would add to existing page","deadmau5-grin.html","DEADMAU5 Grin","Original Drawing","DEADMAU5 Grin side ORIGINAL.jpg"
"Would add to existing page","deadmau5-grin.html","DEADMAU5 Grin","Digitized Versions","DEADMAU5 Grin three quarters B&W.jpg"
"Would add to existing page","deadmau5-grin.html","DEADMAU5 Grin","Original Drawing","DEADMAU5 Grin three quarters ORIGINAL.jpg"
"Would create page","deadmau5-grin-running.html","DEADMAU5 Grin Running","Digitized Versions","DEADMAU5 Grin Running B&W.jpg"
"Would create page","deadmau5-grin-running.html","DEADMAU5 Grin Running","Original Drawing","DEADMAU5 Grin Running ORIGINAL.jpg"
"Would create page","dementon-grin.html","Dementon Grin","Digitized Versions","Dementon Grin B&W.jpg"
"Would create page","dementon-grin.html","Dementon Grin","Digitized Versions","Dementon Grin COLOR.jpg"
"Would create page","dementon-grin.html","Dementon Grin","Original Drawing","Dementon Grin ORIGINAL.jpg"
"Would add to existing page","deputy-dog-grin.html","Deputy Dog Grin","Digitized Versions","Deputy Dog Grin B&W.jpg"
"Would create page","devil-grin.html","Devil Grin","Digitized Versions","Devil Grin B&W.jpg"
"Would create page","devil-grin.html","Devil Grin","Digitized Versions","Devil Grin COLOR.jpg"
"Would create page","devil-grin.html","Devil Grin","Original Drawing","Devil Grin ORIGINAL COLOR.jpg"
"Would create page","devine-devil.html","Devine Devil","Digitized Versions","Devine Devil COLOR.jpg"
"Would create page","dino-heart-grin.html","Dino Heart Grin","Digitized Versions","Dino Heart Grin B&W.png"
"Would create page","dino-heart-grin.html","Dino Heart Grin","Digitized Versions","Dino Heart Grin COLOR.png"
"Would create page","dino-heart-grin.html","Dino Heart Grin","Original Drawing","Dino Heart Grin ORIGINAL.jpg"
"Would create page","dj-grin.html","DJ Grin","Digitized Versions","DJ Grin B&W.jpg"
"Would create page","dj-grin.html","DJ Grin","Digitized Versions","DJ Grin COLOR.jpg"
"Would create page","dog-grin.html","Dog Grin","Digitized Versions","Dog Grin B&W.png"
"Would create page","dog-grin.html","Dog Grin","Digitized Versions","Dog Grin COLOR.jpg"
"Would create page","dog-grin.html","Dog Grin","Original Drawing","Dog Grin ORIGINAL COLOR 1.jpg"
"Would create page","dog-grin.html","Dog Grin","Original Drawing","Dog Grin ORIGINAL COLOR 2.jpg"
"Would create page","dog-grin.html","Dog Grin","Original Drawing","Dog Grin ORIGINAL.jpg"
"Would create page","dog-head-grin.html","Dog Head Grin","Digitized Versions","Dog Head Grin B&W.jpg"
"Would create page","dog-head-grin.html","Dog Head Grin","Digitized Versions","Dog Head Grin COLOR.jpg"
"Would create page","dog-head-grin.html","Dog Head Grin","Original Drawing","Dog Head Grin ORIGINAL.jpg"
"Would add to existing page","dr-bub-quack-grin.html","Dr Bub Quack Grin","Digitized Versions","Dr Bub Quack Grin B&W.jpg"
"Would add to existing page","dripping-grin.html","Dripping Grin","Digitized Versions","Dripping Grin B&W.jpg"
"Would add to existing page","dripping-grin.html","Dripping Grin","Digitized Versions","Dripping Grin head B&W.jpg"
"Would add to existing page","dripping-grin.html","Dripping Grin","Original Drawing","Dripping Grin ORIGINAL COLOR.jpg"
"Would add to existing page","droopy-dog-grin.html","Droopy Dog Grin","Digitized Versions","Droopy Dog Grin COLOR.jpg"
"Would add to existing page","dunny-grin.html","Dunny Grin","Digitized Versions","Dunny Grin B&W.jpg"
"Would add to existing page","dunny-grin.html","Dunny Grin","Digitized Versions","Dunny Grin COLOR.jpg"
"Would create page","elefanka-grin.html","Elefanka Grin","Digitized Versions","Elefanka Grin Side View B&W.png"
"Would create page","elefanka-grin.html","Elefanka Grin","Digitized Versions","Elefanka Grin Side View COLOR.jpg"
"Would create page","elefanka-grin.html","Elefanka Grin","Digitized Versions","Elefanka Grin Side View COLOR.png"
"Would create page","elefanka-with-angel-wings-grin.html","Elefanka With Angel Wings Grin","Digitized Versions","Elefanka With Angel Wings Grin B&W.jpg"
"Would create page","elefanka-with-angel-wings-grin.html","Elefanka With Angel Wings Grin","Digitized Versions","Elefanka With Angel Wings Grin COLOR.jpg"
"Would add to existing page","elephant-grin.html","Elephant Grin","Digitized Versions","Elephant Grin B&W.jpg"
"Would add to existing page","elephant-grin.html","Elephant Grin","Digitized Versions","Elephant Grin COLOR.jpg"
"Would add to existing page","elephant-grin.html","Elephant Grin","Original Drawing","Elephant Grin ORIGINAL COLOR 2.jpg"
"Would add to existing page","eminem-grin.html","Eminem Grin","Digitized Versions","Eminem Grin COLOR.jpg"
"Would add to existing page","ernie-grin.html","Ernie Grin","Digitized Versions","Ernie Grin B&W.jpg"
"Would create page","ez-nuts-grin-1.html","EZ Nuts Grin 1","Digitized Versions","EZ Nuts Grin 1 COLOR.jpg"
"Would create page","ez-nuts-grin-2.html","EZ Nuts Grin 2","Digitized Versions","EZ Nuts Grin 2 COLOR.jpg"
"Would create page","ez-nuts-grin-3.html","EZ Nuts Grin 3","Digitized Versions","EZ Nuts Grin 3 COLOR.jpg"
"Would add to existing page","faze-banks-grin.html","Faze Banks Grin","Digitized Versions","Faze Banks Grin B&W.jpg"
"Would add to existing page","felix-grin.html","Felix Grin","Digitized Versions","Felix Grin Front B&W.jpg"
"Would add to existing page","felix-grin.html","Felix Grin","Original Drawing","Felix Grin ORIGINAL COLOR.jpg"
"Would add to existing page","felix-grin.html","Felix Grin","Digitized Versions","Felix Grin side B&W.jpg"
"Would create page","finn-grin.html","Finn Grin","Digitized Versions","Finn Grin B&W.jpg"
"Would create page","finn-grin.html","Finn Grin","Digitized Versions","Finn Grin COLOR.jpg"
"Would create page","finn-grin.html","Finn Grin","Original Drawing","Finn Grin ORIGINAL COLOR.jpg"
"Would add to existing page","flaming-o-grin.html","Flaming O Grin","Digitized Versions","Flaming O Grin B&W.jpg"
"Would add to existing page","flaming-o-grin.html","Flaming O Grin","Digitized Versions","Flaming O Grin COLOR.jpg"
"Would add to existing page","flower-brain-grin.html","Flower Brain Grin","Original Drawing","Flower Brain Grin ORIGINAL COLOR.jpg"
"Would add to existing page","flower-grin.html","Flower Grin","Digitized Versions","Flower Grin COLOR.jpg"
"Would add to existing page","flying-grinnie.html","Flying Grinnie","Digitized Versions","Flying Grinnie B&W.jpg"
"Would add to existing page","flying-grinnie.html","Flying Grinnie","Digitized Versions","Flying Grinnie COLOR.jpg"
"Would add to existing page","football-player-grin.html","Football Player Grin","Digitized Versions","Football Player Grin B&W.jpg"
"Would add to existing page","football-player-grin.html","Football Player Grin","Digitized Versions","Football Player Grin COLOR.jpg"
"Would add to existing page","franken-fat-grin.html","Franken Fat Grin","Digitized Versions","Franken Fat Grin B&W.jpg"
"Would add to existing page","franken-grin.html","Franken Grin","Original Drawing","Franken Grin ORIGINAL COLOR.png"
"Would add to existing page","freak-bro-afro-stache.html","Freak Bro Afro Stache","Digitized Versions","Freak Bro Afro Stache COLOR.jpg"
"Would add to existing page","freak-bro-grin.html","Freak Bro Grin","Digitized Versions","Freak Bro Grin COLOR.jpg"
"Would add to existing page","freak-cat.html","Freak Cat","Digitized Versions","Freak Cat B&W.jpg"
"Would add to existing page","freak-cat.html","Freak Cat","Digitized Versions","Freak Cat COLOR.jpg"
"Would create page","freddy-funko-grin.html","Freddy Funko Grin","Digitized Versions","Freddy Funko Grin B&W.jpg"
"Would create page","freddy-funko-grin.html","Freddy Funko Grin","Digitized Versions","Freddy Funko Grin COLOR.jpg"
"Would create page","freddy-funko-grin-2.html","Freddy Funko Grin 2","Digitized Versions","Freddy Funko Grin 2 B&W.jpg"
"Would create page","freddy-funko-grin-2.html","Freddy Funko Grin 2","Digitized Versions","Freddy Funko Grin 2 COLOR.jpg"
"Would add to existing page","garfield-grin.html","Garfield Grin","Digitized Versions","Garfield Grin B&W.jpg"
"Would add to existing page","garfield-grin.html","Garfield Grin","Digitized Versions","Garfield Grin COLOR.1.jpg"
"Would add to existing page","garfield-grin.html","Garfield Grin","Digitized Versions","Garfield Grin COLOR.jpg"
"Would add to existing page","george-jetson-grin.html","George Jetson Grin","Digitized Versions","George Jetson Grin B&W.jpg"
"Would add to existing page","george-jetson-grin.html","George Jetson Grin","Digitized Versions","George Jetson Grin COLOR.jpg"
"Would create page","globe-grin.html","Globe Grin","Original Drawing","Globe Grin ORIGINAL COLOR.jpg"
"Would add to existing page","godzilla-heart-grin.html","Godzilla Heart Grin","Digitized Versions","Godzilla Heart Grin B&W.jpg"
"Would add to existing page","gorilla-grin.html","Gorilla Grin","Digitized Versions","Gorilla Grin COLOR.jpg"
"Would add to existing page","gorilla-grin.html","Gorilla Grin","Original Drawing","Gorilla grin ORIGINAL COLOR 2.png"
"Would add to existing page","gorilla-grin-2.html","Gorilla Grin 2","Digitized Versions","Gorilla Grin 2 back B&W.jpg"
"Would add to existing page","gorilla-grin-2.html","Gorilla Grin 2","Digitized Versions","Gorilla Grin 2 Front B&W.jpg"
"Would add to existing page","gorilla-grin-2.html","Gorilla Grin 2","Digitized Versions","Gorilla Grin 2 side COLOR.jpg"
"Would add to existing page","grim-grin-grin-reaper.html","Grim Grin (Grin Reaper)","Digitized Versions","Grim Grin (Grin Reaper) B&W.jpg"
"Would add to existing page","grim-grin-grin-reaper.html","Grim Grin (Grin Reaper)","Digitized Versions","Grim Grin (Grin Reaper) COLOR.jpg"
"Would add to existing page","grim-reaper-grin.html","Grim Reaper Grin","Original Drawing","Grim Reaper Grin ORIGINAL COLOR 2.jpg"
"Would add to existing page","grim-reefer.html","Grim Reefer","Digitized Versions","Grim Reefer COLOR.jpg"
"Would create page","grin.html","Grin","Digitized Versions","Grin B&W.jpg"
"Would add to existing page","grin-animation.html","Grin animation","Digitized Versions","Grin animation back B&W.jpg"
"Would add to existing page","grin-animation.html","Grin animation","Digitized Versions","Grin animation back COLOR.jpg"
"Would add to existing page","grin-brain-cone.html","Grin Brain Cone","Digitized Versions","Grin Brain Cone B&W.jpg"
"Would add to existing page","grin-bunny-three-ears.html","Grin Bunny Three Ears","Digitized Versions","Grin Bunny Three Ears COLOR.jpg"
"Would add to existing page","grin-car.html","Grin Car","Digitized Versions","Grin Car back B&W.jpg"
"Would add to existing page","grin-car.html","Grin Car","Digitized Versions","Grin Car front COLOR.jpg"
"Would add to existing page","grin-car.html","Grin Car","Digitized Versions","Grin Car side B&W.jpg"
"Would add to existing page","grin-car.html","Grin Car","Digitized Versions","Grin Car three quarters COLOR.jpg"
"Would add to existing page","grinch-grin.html","Grinch Grin","Digitized Versions","Grinch Grin COLOR.jpg"
"Would add to existing page","grin-flower.html","Grin Flower","Digitized Versions","Grin Flower B&W.jpg"
"Would add to existing page","grin-god.html","Grin God","Digitized Versions","Grin God back B&W.jpg"
"Would add to existing page","grin-god.html","Grin God","Digitized Versions","Grin God back COLOR.jpg"
"Would add to existing page","grin-god.html","Grin God","Digitized Versions","Grin God COLOR.jpg"
"Would add to existing page","grinnie.html","Grinnie","Digitized Versions","Grinnie COLOR.jpg"
"Would add to existing page","grinnie-delusionville-pilot.html","Grinnie Delusionville Pilot","Digitized Versions","Grinnie Delusionville Pilot side B&W.jpg"
"Would add to existing page","grinnie-delusionville-pilot-in-plane.html","Grinnie Delusionville Pilot in plane","Digitized Versions","Grinnie Delusionville Pilot in plane side B&W.jpg"
"Would add to existing page","grinnie-delusionville-pilot-in-plane.html","Grinnie Delusionville Pilot in plane","Digitized Versions","Grinnie Delusionville Pilot in plane side COLOR.jpg"
"Would add to existing page","grinnie-delusionville-pilot-in-plane.html","Grinnie Delusionville Pilot in plane","Digitized Versions","Grinnie Delusionville Pilot in plane three quarters B&W.png"
"Would add to existing page","grinnies-grin.html","Grinnies Grin","Digitized Versions","Grinnies Grin B&W.jpg"
"Would add to existing page","grinnies-grin.html","Grinnies Grin","Original Drawing","Grinnies Grin ORIGINAL.jpg"
"Would create page","grinnie-sideview-eyeball.html","Grinnie Sideview Eyeball","Digitized Versions","Grinnie Sideview Eyeball B&W.jpg"
"Would create page","grinnie-sideview-eyeball.html","Grinnie Sideview Eyeball","Digitized Versions","Grinnie Sideview Eyeball COLOR.jpg"
"Would add to existing page","grinnies-on-tv.html","Grinnies on TV","Digitized Versions","Grinnies on TV COLOR.jpg"
"Would add to existing page","grinnies-twins.html","Grinnies Twins","Digitized Versions","Grinnies Twins B&W.jpg"
"Would add to existing page","grin-planet.html","Grin Planet","Digitized Versions","Grin Planet COLOR.jpg"
"Would add to existing page","grin-reaper-version-2.html","Grin Reaper version 2","Digitized Versions","Grin Reaper version 2 COLOR.jpg"
"Would add to existing page","grin-smoker.html","Grin Smoker","Digitized Versions","Grin Smoker B&W.jpg"
"Would create page","grogu-grin.html","Grogu Grin","Digitized Versions","Grogu Grin B&W.jpg"
"Would create page","grogu-grin.html","Grogu Grin","Digitized Versions","Grogu Grin COLOR.jpg"
"Would add to existing page","grouch-grin.html","Grouch Grin","Digitized Versions","Grouch Grin B&W.jpg"
"Would add to existing page","grouch-grin.html","Grouch Grin","Digitized Versions","Grouch Grin COLOR.jpg"
"Would add to existing page","gummy-bear-grin.html","Gummy Bear Grin","Digitized Versions","Gummy Bear Grin B&W.jpg"
"Would add to existing page","gummy-bear-grin.html","Gummy Bear Grin","Digitized Versions","Gummy Bear Grin COLOR.jpg"
"Would add to existing page","hawaiian-punch-grin.html","Hawaiian Punch Grin","Digitized Versions","Hawaiian Punch Grin B&W.jpg"
"Would add to existing page","hawaiian-punch-grin.html","Hawaiian Punch Grin","Digitized Versions","Hawaiian Punch Grin COLOR.jpg"
"Would create page","hello-kitty.html","Hello Kitty","Original Drawing","Hello Kitty ORIGINAL COLOR.jpg"
"Would add to existing page","hello-kitty-grin.html","Hello Kitty Grin","Digitized Versions","Hello Kitty Grin B&W.jpg"
"Would add to existing page","hello-kitty-grin.html","Hello Kitty Grin","Digitized Versions","Hello Kitty Grin COLOR.jpg"
"Would add to existing page","hello-kitty-grin.html","Hello Kitty Grin","Digitized Versions","Hello Kitty Grin left side COLOR.jpg"
"Would add to existing page","hello-kitty-grin.html","Hello Kitty Grin","Original Drawing","Hello Kitty Grin ORIGINAL COLOR.jpg"
"Would add to existing page","hello-kitty-grin.html","Hello Kitty Grin","Digitized Versions","Hello Kitty Grin right side COLOR.jpg"
"Would add to existing page","homer-grin.html","Homer Grin","Digitized Versions","Homer Grin B&W.jpg"
"Would add to existing page","homer-grin.html","Homer Grin","Digitized Versions","Homer Grin COLOR.jpg"
"Would add to existing page","homer-grin.html","Homer Grin","Digitized Versions","Homer Grin headshot B&W.jpg"
"Would add to existing page","homer-grin.html","Homer Grin","Digitized Versions","Homer Grin headshot side B&W.jpg"
"Would add to existing page","homer-grin-3.html","Homer Grin 3","Digitized Versions","Homer Grin 3 back B&W.jpg"
"Would add to existing page","homer-grin-3.html","Homer Grin 3","Digitized Versions","Homer Grin 3 back COLOR.jpg"
"Would add to existing page","homer-grin-3.html","Homer Grin 3","Digitized Versions","Homer Grin 3 left side B&W.jpg"
"Would add to existing page","homer-grin-3.html","Homer Grin 3","Digitized Versions","Homer Grin 3 left side COLOR.jpg"
"Would add to existing page","homer-grin-3.html","Homer Grin 3","Digitized Versions","Homer Grin 3 right side B&W.jpg"
"Would add to existing page","homer-grin-3.html","Homer Grin 3","Digitized Versions","Homer Grin 3 right side COLOR.jpg"
"Would add to existing page","homer-grin-flying.html","Homer Grin Flying","Digitized Versions","Homer Grin Flying B&W.jpg"
"Would add to existing page","homer-grin-flying.html","Homer Grin Flying","Digitized Versions","Homer Grin Flying COLOR.jpg"
"Would add to existing page","homer-grin-version-2.html","Homer grin version 2","Digitized Versions","Homer grin version 2 back B&W.jpg"
"Would add to existing page","homer-grin-version-2.html","Homer grin version 2","Digitized Versions","Homer grin version 2 back COLOR.jpg"
"Would add to existing page","homer-grin-version-2.html","Homer grin version 2","Digitized Versions","Homer Grin version 2 left side B&W.jpg"
"Would add to existing page","homer-grin-version-2.html","Homer grin version 2","Digitized Versions","Homer Grin version 2 left side COLOR.jpg"
"Would add to existing page","homer-grin-version-2.html","Homer grin version 2","Digitized Versions","Homer Grin version 2 right side B&W.jpg"
"Would add to existing page","homer-grin-version-2.html","Homer grin version 2","Digitized Versions","Homer Grin version 2 right side COLOR.jpg"
"Would add to existing page","honey-butts-grin.html","Honey Butts Grin","Digitized Versions","Honey Butts Grin COLOR.jpg"
"Would add to existing page","hr-puffenstuff-grin.html","HR Puffenstuff Grin","Digitized Versions","HR Puffenstuff Grin B&W.jpg"
"Would create page","jake-grin.html","Jake Grin","Original Drawing","Jake Grin ORIGINAL COLOR.jpg"
"Would add to existing page","jake-the-dog-grin.html","Jake the Dog Grin","Digitized Versions","Jake the Dog Grin B&W.jpg"
"Would add to existing page","jake-the-dog-grin.html","Jake the Dog Grin","Digitized Versions","Jake the Dog Grin COLOR.jpg"
"Would add to existing page","jake-the-dog-grin.html","Jake the Dog Grin","Original Drawing","Jake the Dog Grin ORIGINAL COLOR.jpg"
"Would add to existing page","jane-jetson-grin.html","Jane Jetson Grin","Digitized Versions","Jane Jetson Grin B&W.jpg"
"Would add to existing page","jane-jetson-grin.html","Jane Jetson Grin","Digitized Versions","Jane Jetson Grin COLOR.1.jpg"
"Would add to existing page","jane-jetson-grin.html","Jane Jetson Grin","Digitized Versions","Jane Jetson Grin COLOR.jpg"
"Would add to existing page","joker-grin.html","Joker Grin","Digitized Versions","Joker Grin COLOR.jpg"
"Would add to existing page","kanegon-grin.html","Kanegon Grin","Digitized Versions","Kanegon Grin B&W.jpg"
"Would add to existing page","kevin-durant-grin.html","Kevin Durant Grin","Digitized Versions","Kevin Durant Grin With Ball B&W.jpg"
"Would add to existing page","kevin-durant-grin.html","Kevin Durant Grin","Digitized Versions","Kevin Durant Grin With Ball COLOR.jpg"
"Would add to existing page","kiss-gene-grin.html","Kiss Gene Grin","Digitized Versions","Kiss Gene Grin B&W.jpg"
"Would add to existing page","kiss-gene-grin.html","Kiss Gene Grin","Digitized Versions","Kiss Gene Grin COLOR.jpg"
"Would add to existing page","krusty-the-clown-grin.html","Krusty the Clown Grin","Digitized Versions","Krusty the Clown Grin front COLOR.jpg"
"Would add to existing page","kursed-grin.html","Kursed Grin","Digitized Versions","Kursed Grin Side View B&W.jpg"
"Would create page","lagoon-creature-grin.html","Lagoon Creature Grin","Digitized Versions","Lagoon Creature Grin COLOR.jpg"
"Would add to existing page","lemon-boy-grin.html","Lemon Boy grin","Digitized Versions","Lemon Boy grin B&W.jpg"
"Would add to existing page","liberty-grin.html","Liberty Grin","Digitized Versions","Liberty Grin B&W 2.jpeg"
"Would add to existing page","liberty-grin.html","Liberty Grin","Digitized Versions","Liberty Grin COLOR.jpg"
"Would create page","lion-face-grin.html","Lion Face Grin","Digitized Versions","Lion Face Grin B&W.png"
"Would create page","lion-face-grin.html","Lion Face Grin","Digitized Versions","Lion Face Grin COLOR 1.png"
"Would create page","lion-face-grin.html","Lion Face Grin","Digitized Versions","Lion Face Grin COLOR 2.jpg"
"Would add to existing page","lisa-grin.html","Lisa Grin","Digitized Versions","Lisa Grin front B&W.jpg"
"Would add to existing page","lisa-grin.html","Lisa Grin","Digitized Versions","Lisa Grin left side B&W.jpg"
"Would add to existing page","lisa-grin.html","Lisa Grin","Digitized Versions","Lisa Grin right side B&W.jpg"
"Would add to existing page","lisa-grin.html","Lisa Grin","Digitized Versions","Lisa Grin right side COLOR.jpg"
"Would add to existing page","lucky-cat-grin.html","Lucky Cat Grin","Digitized Versions","Lucky Cat Grin B&W.jpg"
"Would create page","mad-mickey-grin.html","Mad Mickey Grin","Original Drawing","Mad Mickey Grin ORIGINAL COLOR.jpg"
"Would add to existing page","maggie-grin.html","Maggie Grin","Digitized Versions","Maggie Grin back B&W.jpg"
"Would add to existing page","maggie-grin.html","Maggie Grin","Digitized Versions","Maggie Grin back COLOR.jpg"
"Would add to existing page","maggie-grin.html","Maggie Grin","Digitized Versions","Maggie Grin front B&W.jpg"
"Would add to existing page","maggie-grin.html","Maggie Grin","Digitized Versions","Maggie Grin side B&W.jpg"
"Would add to existing page","manny-pacquaio-grin.html","Manny Pacquaio Grin","Digitized Versions","Manny Pacquaio Grin B&W.jpg"
"Would create page","man-shark.html","Man Shark","Digitized Versions","Man Shark COLORED.jpg"
"Would add to existing page","marge-grin.html","Marge Grin","Digitized Versions","Marge Grin front COLOR.jpg"
"Would add to existing page","marge-grin.html","Marge Grin","Digitized Versions","Marge Grin left side B&W.jpg"
"Would add to existing page","marge-grin.html","Marge Grin","Digitized Versions","Marge Grin left side COLOR.jpg"
"Would add to existing page","marge-grin.html","Marge Grin","Digitized Versions","Marge Grin right side B&W.jpg"
"Would add to existing page","marge-grin.html","Marge Grin","Digitized Versions","Marge Grin right side COLOR.jpg"
"Would add to existing page","mario-grin.html","Mario Grin","Digitized Versions","Mario Grin front B&W.jpg"
"Would add to existing page","mario-grin.html","Mario Grin","Digitized Versions","Mario Grin front COLOR.jpg"
"Would add to existing page","mario-grin.html","Mario Grin","Digitized Versions","Mario Grin left side COLOR.jpg"
"Would create page","max-grin.html","Max Grin","Digitized Versions","Max Grin COLOR.jpg"
"Would create page","max-grin.html","Max Grin","Original Drawing","Max Grin ORIGINAL.jpg"
"Would create page","max-grin.html","Max Grin","Digitized Versions","Max Grin png.jpg"
"Would add to existing page","mc-grin.html","MC Grin","Digitized Versions","MC Grin B&W.jpg"
"Would add to existing page","mc-grin.html","MC Grin","Digitized Versions","MC Grin COLOR.jpg"
"Would add to existing page","mc-grin.html","MC Grin","Original Drawing","MC Grin ORIGINAL COLOR 2.png"
"Would add to existing page","mc-grin.html","MC Grin","Original Drawing","MC Grin ORIGINAL COLOR.jpg"
"Would add to existing page","mc-supersized-grin.html","MC Supersized Grin","Digitized Versions","MC Supersized Grin B&W.jpg"
"Would add to existing page","mc-supersized-grin.html","MC Supersized Grin","Digitized Versions","MC Supersized Grin COLOR.jpg"
"Would add to existing page","mc-supersized-grin.html","MC Supersized Grin","Digitized Versions","MC Supersized Grin side COLOR.jpg"
"Would add to existing page","mc-supersized-grin-2.html","MC Supersized Grin 2","Digitized Versions","MC Supersized Grin 2 B&W.jpg"
"Would add to existing page","mc-supersize-grin-flying.html","MC Supersize Grin Flying","Digitized Versions","MC Supersize Grin Flying B&W.jpg"
"Would add to existing page","mc-supersize-grin-flying.html","MC Supersize Grin Flying","Digitized Versions","MC Supersize Grin Flying COLOR.1.jpg"
"Would add to existing page","mc-supersize-grin-flying.html","MC Supersize Grin Flying","Digitized Versions","MC Supersize Grin Flying COLOR.jpg"
"Would add to existing page","melting-monster-grin.html","Melting Monster Grin","Digitized Versions","Melting Monster Grin B&W.jpg"
"Would add to existing page","melting-monster-grin.html","Melting Monster Grin","Digitized Versions","Melting Monster Grin COLOR.jpg"
"Would add to existing page","mentadusa.html","Mentadusa","Digitized Versions","Mentadusa COLOR.jpg"
"Would add to existing page","mickey-grin.html","Mickey Grin","Original Drawing","Mickey Grin ORIGINAL COLOR.jpg"
"Would add to existing page","mickey-mouse-grin.html","Mickey Mouse Grin","Digitized Versions","Mickey Mouse Grin back B&W.jpg"
"Would add to existing page","mickey-mouse-grin.html","Mickey Mouse Grin","Digitized Versions","Mickey Mouse Grin COLOR.png"
"Would add to existing page","mickey-mouse-grin.html","Mickey Mouse Grin","Digitized Versions","Mickey Mouse Grin left side COLOR.jpg"
"Would add to existing page","mickey-mouse-grin-2.html","Mickey Mouse Grin 2","Digitized Versions","Mickey Mouse Grin 2 B&W.jpg"
"Would add to existing page","mickey-mouse-grin-flying.html","Mickey Mouse Grin Flying","Digitized Versions","Mickey Mouse Grin Flying B&W.jpg"
"Would add to existing page","mickey-mouse-grin-flying.html","Mickey Mouse Grin Flying","Digitized Versions","Mickey Mouse Grin Flying COLOR.1.jpg"
"Would add to existing page","mickey-mouse-grin-flying.html","Mickey Mouse Grin Flying","Digitized Versions","Mickey Mouse Grin Flying COLOR.jpg"
"Would add to existing page","mishka-eyeball-grin.html","Mishka Eyeball Grin","Digitized Versions","Mishka Eyeball Grin B&W.jpg"
"Would add to existing page","modzilla-grin.html","Modzilla Grin","Digitized Versions","Modzilla Grin Front B&W.jpg"
"Would add to existing page","modzilla-grin.html","Modzilla Grin","Digitized Versions","Modzilla Grin Side B&W.jpg"
"Would add to existing page","mogul-grin.html","Mogul Grin","Digitized Versions","Mogul Grin B&W.jpg"
"Would add to existing page","mogul-grin.html","Mogul Grin","Digitized Versions","Mogul Grin back B&W.jpg"
"Would add to existing page","mogul-grin.html","Mogul Grin","Digitized Versions","Mogul Grin back COLOR.jpg"
"Would add to existing page","mogul-grin.html","Mogul Grin","Digitized Versions","Mogul Grin right side B&W.jpg"
"Would add to existing page","mogul-grin.html","Mogul Grin","Digitized Versions","Mogul Grin right side COLOR.jpg"
"Would add to existing page","mogul-grin-standing.html","Mogul Grin Standing","Digitized Versions","Mogul Grin Standing B&W.jpg"
"Would add to existing page","monkey-grin-mouth.html","Monkey Grin Mouth","Digitized Versions","Monkey Grin Mouth B&W.jpg"
"Would add to existing page","monkey-shiner-angel-grin.html","Monkey Shiner Angel Grin","Original Drawing","Monkey Shiner Angel Grin ORINGINAL (1).jpg"
"Would add to existing page","monkey-shriner-grin.html","Monkey Shriner Grin","Digitized Versions","Monkey Shriner Grin COLOR.jpg"
"Would add to existing page","monkey-shriner-grin.html","Monkey Shriner Grin","Original Drawing","Monkey Shriner Grin ORIGINAL COLOR.jpg"
"Would add to existing page","mounted-gorilla-grin.html","Mounted Gorilla Grin","Digitized Versions","Mounted Gorilla Grin B&W.jpg"
"Would add to existing page","mounted-gorilla-grin.html","Mounted Gorilla Grin","Digitized Versions","Mounted Gorilla Grin COLOR.jpg"
"Would add to existing page","mouth-grin.html","Mouth Grin","Digitized Versions","Mouth Grin B&W.jpg"
"Would add to existing page","mr-met-grin.html","Mr Met Grin","Digitized Versions","Mr Met Grin B&W.jpg"
"Would add to existing page","mr-met-grin.html","Mr Met Grin","Digitized Versions","Mr Met Grin COLOR.jpg"
"Would add to existing page","mr-potato-grin.html","Mr Potato Grin","Digitized Versions","Mr Potato Grin B&W.jpg"
"Would add to existing page","mummy-grin.html","Mummy Grin","Digitized Versions","Mummy Grin B&W.jpg"
"Would create page","mummy-grin-2.html","Mummy Grin 2","Digitized Versions","Mummy Grin 2 COLOR.jpg"
"Would add to existing page","mush-man-grin.html","Mush Man grin","Digitized Versions","Mush Man grin COLOR.jpg"
"Would add to existing page","mush-man-grin.html","Mush Man grin","Digitized Versions","Mush Man Grin side view COLOR.jpg"
"Would add to existing page","mutley-grin.html","Mutley Grin","Digitized Versions","Mutley Grin B&W.jpg"
"Would add to existing page","mutley-grin.html","Mutley Grin","Digitized Versions","Mutley Grin COLOR.1.jpg"
"Would add to existing page","mutley-grin.html","Mutley Grin","Digitized Versions","Mutley Grin COLOR.jpg"
"Would create page","negative-positive-grin.html","Negative Positive Grin","Original Drawing","Negative Positive Grin ORIGINAL COLOR.jpg"
"Would add to existing page","ninja-turtle-grin.html","Ninja Turtle Grin","Digitized Versions","Ninja Turtle Grin B&W.jpg"
"Would add to existing page","ninja-turtle-grin.html","Ninja Turtle Grin","Original Drawing","Ninja Turtle Grin ORIGINAL COLOR.jpg"
"Would add to existing page","olive-oil-grin.html","Olive Oil Grin","Digitized Versions","Olive Oil Grin B&W.jpg"
"Would add to existing page","olive-oil-grin.html","Olive Oil Grin","Digitized Versions","Olive Oil Grin COLOR.jpg"
"Would add to existing page","orion-grin.html","Orion Grin","Original Drawing","Orion Grin side ORIGINAL Colorway 1.jpg"
"Would add to existing page","orion-grin.html","Orion Grin","Original Drawing","Orion Grin side ORIGINAL Colorway 10 (2).jpg"
"Would add to existing page","orion-grin.html","Orion Grin","Original Drawing","Orion Grin side ORIGINAL Colorway 10.jpg"
"Would add to existing page","orion-grin.html","Orion Grin","Original Drawing","Orion Grin side ORIGINAL Colorway 11 (2).jpg"
"Would add to existing page","orion-grin.html","Orion Grin","Original Drawing","Orion Grin side ORIGINAL Colorway 11.jpg"
"Would add to existing page","orion-grin.html","Orion Grin","Original Drawing","Orion Grin side ORIGINAL Colorway 12.jpg"
"Would add to existing page","orion-grin.html","Orion Grin","Original Drawing","Orion Grin side ORIGINAL Colorway 2.jpg"
"Would add to existing page","orion-grin.html","Orion Grin","Original Drawing","Orion Grin side ORIGINAL Colorway 3.jpg"
"Would add to existing page","orion-grin.html","Orion Grin","Original Drawing","Orion Grin side ORIGINAL Colorway 4.jpg"
"Would add to existing page","orion-grin.html","Orion Grin","Original Drawing","Orion Grin side ORIGINAL Colorway 5.jpg"
"Would add to existing page","orion-grin.html","Orion Grin","Original Drawing","Orion Grin side ORIGINAL Colorway 6.jpg"
"Would add to existing page","orion-grin.html","Orion Grin","Original Drawing","Orion Grin side ORIGINAL Colorway 7.jpg"
"Would add to existing page","orion-grin.html","Orion Grin","Original Drawing","Orion Grin side ORIGINAL Colorway 8.jpg"
"Would add to existing page","orion-grin.html","Orion Grin","Original Drawing","Orion Grin side ORIGINAL Colorway 9 (2).jpg"
"Would add to existing page","orion-grin.html","Orion Grin","Original Drawing","Orion Grin side ORIGINAL Colorway 9.jpg"
"Would add to existing page","panda-bear-grin.html","Panda Bear Grin","Digitized Versions","Panda Bear Grin B&W.jpg"
"Would add to existing page","panda-grin.html","Panda Grin","Digitized Versions","Panda Grin B&W.jpg"
"Would add to existing page","panda-grin.html","Panda Grin","Digitized Versions","Panda Grin COLOR.jpg"
"Would add to existing page","panda-grin.html","Panda Grin","Original Drawing","Panda Grin ORIGINAL COLOR.jpg"
"Would add to existing page","patrick-grin.html","Patrick Grin","Digitized Versions","Patrick Grin B&W.jpg"
"Would add to existing page","patrick-grin.html","Patrick Grin","Original Drawing","Patrick Grin ORIGINAL COLOR 2.jpg"
"Would add to existing page","peko-girl-grin.html","Peko Girl Grin","Digitized Versions","Peko Girl Grin COLOR.jpg"
"Would add to existing page","pepz-boy-grin.html","Pepz Boy Grin","Digitized Versions","Pepz Boy Grin B&W.jpg"
"Would add to existing page","pepz-boy-grin.html","Pepz Boy Grin","Digitized Versions","Pepz Boy Grin COLOR.jpg"
"Would add to existing page","peter-grin.html","Peter Grin","Digitized Versions","Peter Grin B&W.jpg"
"Would add to existing page","peter-grin.html","Peter Grin","Digitized Versions","Peter Grin COLOR.jpg"
"Would add to existing page","peter-potamus-grin.html","Peter Potamus Grin","Digitized Versions","Peter Potamus Grin B&W.jpg"
"Would add to existing page","peter-potamus-grin.html","Peter Potamus Grin","Digitized Versions","Peter Potamus Grin COLOR.jpg"
"Would add to existing page","pinocchio-grin.html","Pinocchio Grin","Digitized Versions","Pinocchio Grin front COLOR.jpg"
"Would add to existing page","pinocchio-grin.html","Pinocchio Grin","Digitized Versions","pinocchio grin left side - B&W - Trace girl.jpg"
"Would add to existing page","pinocchio-grin.html","Pinocchio Grin","Digitized Versions","Pinocchio Grin Right Side B&W.jpg"
"Would create page","pizza-this-grin.html","Pizza This Grin","Digitized Versions","Pizza This Grin B&W.jpg"
"Would create page","pizza-this-grin.html","Pizza This Grin","Digitized Versions","Pizza This Grin COLOR.jpg"
"Would add to existing page","plush-bear-grin.html","Plush Bear Grin","Original Drawing","Plush Bear Grin front ORIGINAL COLOR.jpg"
"Would add to existing page","popeye-butthead-grin.html","Popeye Butthead Grin","Digitized Versions","Popeye Butthead Grin B&W.jpg"
"Would add to existing page","popeye-butthead-grin.html","Popeye Butthead Grin","Digitized Versions","Popeye Butthead Grin COLOR.jpg"
"Would add to existing page","powerpuff-girl-bubbles-grin.html","Powerpuff Girl Bubbles Grin","Digitized Versions","Powerpuff Girl Bubbles Grin B&W.jpg"
"Would add to existing page","powerpuff-girl-bubbles-grin.html","Powerpuff Girl Bubbles Grin","Digitized Versions","Powerpuff Girl Bubbles Grin COLOR.jpg"
"Would add to existing page","pumpkin-grin.html","Pumpkin Grin","Digitized Versions","Pumpkin Grin B&W.jpg"
"Would add to existing page","pumpkin-grin.html","Pumpkin Grin","Digitized Versions","Pumpkin Grin Side View B&W.jpg"
"Would add to existing page","qhrist-grin-1.html","Qhrist Grin 1","Digitized Versions","Qhrist Grin 1 B&W.jpg"
"Would add to existing page","qhrist-grin-2.html","Qhrist Grin 2","Digitized Versions","Qhrist Grin 2 COLOR.jpg"
"Would add to existing page","qhrist-grin-2.html","Qhrist Grin 2","Original Drawing","Qhrist Grin 2 ORIGINAL COLOR.jpg"
"Would add to existing page","quick-draw-mcgraw-grin.html","Quick Draw McGraw Grin","Digitized Versions","Quick Draw McGraw Grin B&W.jpg"
"Would add to existing page","quick-draw-mcgraw-grin.html","Quick Draw McGraw Grin","Digitized Versions","Quick Draw McGraw Grin COLOR.jpg"
"Would add to existing page","rabbbit-double-grin-mouth.html","Rabbbit Double Grin Mouth","Digitized Versions","Rabbbit Double Grin Mouth COLOR.jpg"
"Would add to existing page","rabbbit-grin.html","Rabbbit Grin","Digitized Versions","Rabbbit Grin COLOR (2).jpg"
"Would add to existing page","rabbbit-grin-mouth.html","Rabbbit Grin mouth","Digitized Versions","Rabbbit Grin mouth B&W.jpg"
"Would add to existing page","rabbbit-grin-mouth.html","Rabbbit Grin mouth","Digitized Versions","Rabbbit Grin Mouth COLOR.jpg"
"Would add to existing page","rabbbit-grin-version-2.html","Rabbbit Grin version 2","Digitized Versions","Rabbbit Grin version 2 back B&W.jpg"
"Would add to existing page","rabbbit-grin-version-2.html","Rabbbit Grin version 2","Digitized Versions","Rabbbit Grin version 2 back COLOR.jpg"
"Would add to existing page","rabbbit-grin-version-2.html","Rabbbit Grin version 2","Digitized Versions","Rabbbit Grin version 2 three quarters B&W.jpg"
"Would add to existing page","rabbbit-skull-grin.html","Rabbbit Skull Grin","Digitized Versions","Rabbbit Skull Grin COLOR.jpg"
"Would add to existing page","rabbbit-with-fangs.html","Rabbbit with Fangs","Digitized Versions","Rabbbit with Fangs side B&W.jpg"
"Would add to existing page","rabbit-grin.html","Rabbit Grin","Digitized Versions","Rabbit Grin B&W.jpg"
"Would add to existing page","rabbit-grin.html","Rabbit Grin","Digitized Versions","Rabbit Grin COLOR.jpg"
"Would add to existing page","rabbit-grin-2.html","Rabbit Grin 2","Digitized Versions","Rabbit Grin 2 B&W.jpg"
"Would add to existing page","richie-grin.html","Richie Grin","Digitized Versions","Richie Grin COLOR.jpg"
"Would add to existing page","richie-grin.html","Richie Grin","Original Drawing","Richie Grin ORIGINAL COLOR 2.jpg"
"Would create page","ring-racer.html","Ring Racer","Original Drawing","Ring Racer ORIGINAL COLOR.1.jpg"
"Would create page","ring-racer.html","Ring Racer","Original Drawing","Ring Racer ORIGINAL COLOR.jpg"
"Would create page","ring-racer-1.html","Ring Racer 1","Original Drawing","Ring Racer 1 ORIGINAL COLOR.png"
"Would create page","ring-racer-2.html","Ring Racer 2","Original Drawing","Ring Racer 2 ORIGINAL COLOR.png"
"Would create page","ring-racer-3.html","Ring Racer 3","Original Drawing","Ring Racer 3 ORIGINAL COLOR.jpg"
"Would create page","ring-racer-4.html","Ring Racer 4","Original Drawing","Ring Racer 4 ORIGINAL COLOR.jpg"
"Would create page","ring-racer-5.html","Ring Racer 5","Original Drawing","Ring Racer 5 ORIGINAL COLOR.jpg"
"Would create page","ring-racer-5.html","Ring Racer 5","Original Drawing","Ring Racer 5 ORIGINAL COLOR.png"
"Would create page","ring-racer-6.html","Ring Racer 6","Original Drawing","Ring Racer 6 ORIGINAL COLOR.png"
"Would create page","ring-racer-7.html","Ring Racer 7","Original Drawing","Ring Racer 7 ORIGINAL COLOR.png"
"Would create page","ring-racer-8.html","Ring Racer 8","Original Drawing","Ring Racer 8 ORIGINAL COLOR.png"
"Would create page","ring-racer-9.html","Ring Racer 9","Original Drawing","Ring Racer 9 ORIGINAL COLOR.png"
"Would add to existing page","robbie-spray-grin.html","Robbie Spray Grin","Digitized Versions","Robbie Spray Grin B&W.jpg"
"Would add to existing page","robbie-spray-grin.html","Robbie Spray Grin","Original Drawing","Robbie Spray Grin ORIGINAL.jpg"
"Would add to existing page","robby-robot-grin.html","Robby Robot Grin","Digitized Versions","Robby Robot Grin COLOR.jpg"
"Would create page","ron-grin-face-icon.html","Ron Grin Face Icon","Original Drawing","Ron Grin Face Icon ORIGINAL COLOR.jpg"
"Would add to existing page","rosie-jetson-grin.html","Rosie Jetson Grin","Digitized Versions","Rosie Jetson Grin B&W.jpg"
"Would add to existing page","rosie-jetson-grin.html","Rosie Jetson Grin","Digitized Versions","Rosie Jetson Grin COLOR.jpg"
"Would add to existing page","rugrat-grin.html","Rugrat Grin","Digitized Versions","Rugrat Grin B&W.jpg"
"Would add to existing page","rugrat-grin.html","Rugrat Grin","Digitized Versions","Rugrat Grin COLOR.jpg"
"Would add to existing page","santa-cruz-hand-grin.html","Santa Cruz Hand Grin","Digitized Versions","Santa Cruz Hand Grin B&W.jpg"
"Would add to existing page","santa-grin-1.html","Santa Grin 1","Digitized Versions","Santa Grin 1 B&W.jpg"
"Would add to existing page","santa-grin-1.html","Santa Grin 1","Original Drawing","Santa Grin 1 ORIGINAL COLOR.jpg"
"Would add to existing page","santa-grin-2.html","Santa Grin 2","Digitized Versions","Santa Grin 2 B&W.jpg"
"Would add to existing page","santa-grin-3.html","Santa Grin 3","Digitized Versions","Santa Grin 3 B&W.jpg"
"Would add to existing page","santa-grin-3.html","Santa Grin 3","Digitized Versions","Santa Grin 3 COLOR.jpg"
"Would add to existing page","scooby-doo-grin.html","Scooby Doo Grin","Digitized Versions","Scooby Doo Grin B&W.jpg"
"Would add to existing page","scooby-doo-grin.html","Scooby Doo Grin","Digitized Versions","Scooby Doo Grin COLOR.jpg"
"Would add to existing page","scream-grin.html","Scream Grin","Digitized Versions","Scream Grin B&W.jpg"
"Would add to existing page","sever-fairy-landshark-grin-front-mickey-fin.html","Sever Fairy Landshark Grin Front (Mickey Fin)","Digitized Versions","Sever Fairy Landshark Grin Front (Mickey Fin) COLOR.png"
"Would add to existing page","sever-fairy-landshark-grin-mickey-fin.html","Sever Fairy Landshark Grin (Mickey Fin)","Digitized Versions","Sever Fairy Landshark Grin (Mickey Fin) B&W.png"
"Would add to existing page","sever-fairy-landshark-grin-mickey-fin.html","Sever Fairy Landshark Grin (Mickey Fin)","Digitized Versions","Sever Fairy Landshark Grin three quarters png.jpg"
"Would add to existing page","shark-grin.html","Shark Grin","Digitized Versions","Shark Grin B&W.jpg"
"Would add to existing page","shark-grin-hotrod.html","Shark Grin Hotrod","Digitized Versions","Shark Grin Hotrod COLOR.jpg"
"Would add to existing page","shark-man-grin.html","Shark Man Grin","Digitized Versions","Shark Man Grin B&W.jpg"
"Would add to existing page","skeleton-grin.html","Skeleton Grin","Digitized Versions","Skeleton Grin front B&W.jpg"
"Would add to existing page","skeleton-grin.html","Skeleton Grin","Digitized Versions","Skeleton Grin side B&W.jpg"
"Would add to existing page","slo-moe-grin.html","Slo Moe Grin","Digitized Versions","Slo Moe Grin Portrait B&W.jpg"
"Would add to existing page","slow-moe-grin.html","Slow Moe Grin","Digitized Versions","Slow Moe Grin B&W.jpg"
"Would add to existing page","slushsquatch-grin.html","Slushsquatch Grin","Digitized Versions","Slushsquatch Grin B&W.jpg"
"Would add to existing page","slushsquatch-grin.html","Slushsquatch Grin","Digitized Versions","Slushsquatch Grin COLOR.jpg"
"Would add to existing page","smack-crack-pop-grin.html","Smack, Crack, Pop Grin","Digitized Versions","Smack, Crack, Pop Grin B&W.jpg"
"Would add to existing page","smack-crack-pop-grin.html","Smack, Crack, Pop Grin","Digitized Versions","Smack, Crack, Pop Grin COLOR.jpg"
"Would add to existing page","smiley-face-dog-grin-newcastle.html","Smiley Face Dog Grin Newcastle","Digitized Versions","Smiley Face Dog Grin Newcastle B&W.jpg"
"Would add to existing page","smoking-grin.html","Smoking Grin","Digitized Versions","Smoking Grin B&W.jpg"
"Would add to existing page","smoking-grin.html","Smoking Grin","Digitized Versions","Smoking Grin COLOR.jpg"
"Would add to existing page","smoking-grin.html","Smoking Grin","Original Drawing","Smoking Grin ORIGINAL COLOR 2.jpg"
"Would add to existing page","smoking-grin.html","Smoking Grin","Original Drawing","Smoking Grin ORIGINAL COLOR.1.jpg"
"Would add to existing page","smoking-grin.html","Smoking Grin","Original Drawing","Smoking Grin ORIGINAL COLOR.jpg"
"Would add to existing page","smurfette-grin.html","Smurfette Grin","Digitized Versions","Smurfette Grin B&W.jpg"
"Would add to existing page","smurfette-grin.html","Smurfette Grin","Original Drawing","Smurfette Grin ORIGINAL COLOR.jpg"
"Would add to existing page","smurf-grin.html","Smurf Grin","Digitized Versions","Smurf Grin B&W.jpg"
"Would add to existing page","smurf-grin.html","Smurf Grin","Digitized Versions","Smurf Grin COLOR.jpg"
"Would add to existing page","snoopy-grin.html","Snoopy Grin","Digitized Versions","Snoopy Grin B&W.jpg"
"Would add to existing page","snoopy-grin.html","Snoopy Grin","Digitized Versions","Snoopy Grin back B&W.jpg"
"Would add to existing page","snoopy-grin.html","Snoopy Grin","Digitized Versions","Snoopy Grin back COLOR.1.jpg"
"Would add to existing page","snoopy-grin.html","Snoopy Grin","Digitized Versions","Snoopy Grin back COLOR.jpg"
"Would add to existing page","snoopy-grin.html","Snoopy Grin","Digitized Versions","Snoopy Grin COLOR.jpg"
"Would add to existing page","snoopy-grin.html","Snoopy Grin","Digitized Versions","Snoopy Grin front B&W.jpg"
"Would add to existing page","snoopy-grin.html","Snoopy Grin","Original Drawing","Snoopy Grin ORIGINAL COLOR.jpg"
"Would add to existing page","sock-monkey-grin.html","Sock Monkey Grin","Digitized Versions","Sock Monkey Grin COLOR.jpg"
"Would add to existing page","sock-monkey-grin.html","Sock Monkey Grin","Original Drawing","Sock Monkey Grin ORIGINAL COLOR 1.jpg"
"Would add to existing page","sonic-grin.html","Sonic Grin","Digitized Versions","Sonic Grin COLOR.jpg"
"Would add to existing page","space-shark-grin.html","Space Shark Grin","Original Drawing","Space Shark Grin ORIGINAL.jpg"
"Would add to existing page","spaz-grin.html","Spaz Grin","Original Drawing","Spaz Grin ORIGINAL COLOR.jpg"
"Would add to existing page","speak-more-evil-grin.html","Speak More Evil Grin","Digitized Versions","Speak More Evil Grin B&W.jpg"
"Would create page","spitting-grin.html","Spitting Grin","Digitized Versions","Spitting Grin B&W.jpg"
"Would create page","spitting-grin.html","Spitting Grin","Digitized Versions","Spitting Grin COLOR.jpg"
"Would add to existing page","spongebob-grin.html","Spongebob Grin","Digitized Versions","Spongebob Grin B&W.jpg"
"Would add to existing page","spongebob-grin.html","Spongebob Grin","Original Drawing","Spongebob Grin ORIGINAL COLOR.jpg"
"Would add to existing page","squirrel-squirt-grin.html","Squirrel Squirt Grin","Digitized Versions","Squirrel Squirt Grin B&W.jpg"
"Would add to existing page","squirrel-squirt-grin.html","Squirrel Squirt Grin","Digitized Versions","squirrel squirt grin head - B&W - trace girl - png.jpg"
"Would add to existing page","staples-pigeon-grin.html","Staples Pigeon Grin","Digitized Versions","Staples Pigeon Grin front B&W.jpg"
"Would add to existing page","staples-pigeon-grin.html","Staples Pigeon Grin","Digitized Versions","Staples Pigeon Grin front COLOR.jpg"
"Would add to existing page","staples-pigeon-grin.html","Staples Pigeon Grin","Digitized Versions","Staples Pigeon Grin side B&W.jpg"
"Would add to existing page","starskull-trooper-grin.html","Starskull Trooper Grin","Digitized Versions","Starskull Trooper Grin B&W.jpg"
"Would add to existing page","starskull-trooper-grin.html","Starskull Trooper Grin","Digitized Versions","Starskull Trooper Grin COLOR.jpg"
"Would add to existing page","stewie-grin.html","Stewie Grin","Digitized Versions","Stewie Grin B&W.jpg"
"Would add to existing page","stewie-grin.html","Stewie Grin","Digitized Versions","Stewie Grin COLOR.jpg"
"Would add to existing page","stitch-grin.html","Stitch Grin","Digitized Versions","Stitch Grin COLOR.jpg"
"Would add to existing page","stitch-grin.html","Stitch Grin","Original Drawing","Stitch Grin ORIGINAL COLOR.jpg"
"Would add to existing page","stormtrooper-grin.html","Stormtrooper Grin","Digitized Versions","Stormtrooper Grin B&W.jpg"
"Would add to existing page","stormtrooper-grin.html","Stormtrooper Grin","Digitized Versions","Stormtrooper Grin COLOR.jpg"
"Would add to existing page","street-fighter-guile-grin.html","Street Fighter Guile Grin","Digitized Versions","Street Fighter Guile Grin COLOR.jpg"
"Would add to existing page","sugar-clown-grin.html","Sugar Clown Grin","Digitized Versions","Sugar Clown Grin B&W.jpg"
"Would add to existing page","sugar-clown-grin.html","Sugar Clown Grin","Digitized Versions","Sugar Clown Grin back B&W.jpg"
"Would add to existing page","sugar-clown-grin.html","Sugar Clown Grin","Digitized Versions","Sugar Clown Grin back COLOR.jpg"
"Would add to existing page","sugar-clown-grin.html","Sugar Clown Grin","Digitized Versions","Sugar Clown Grin left side COLOR.jpg"
"Would add to existing page","sugar-clown-grin.html","Sugar Clown Grin","Digitized Versions","Sugar Clown Grin right side B&W.jpg"
"Would add to existing page","sugar-clown-grin.html","Sugar Clown Grin","Digitized Versions","Sugar Clown Grin right side COLOR.jpg"
"Would add to existing page","sugar-diabetic-bear-grin.html","Sugar Diabetic Bear Grin","Digitized Versions","Sugar Diabetic Bear Grin B&W.jpg"
"Would add to existing page","sugar-smack-grin.html","Sugar Smack Grin","Digitized Versions","Sugar Smack Grin B&W.jpg"
"Would add to existing page","sugar-smack-grin.html","Sugar Smack Grin","Digitized Versions","Sugar Smack Grin COLOR.jpg"
"Would add to existing page","surf-girl-grin.html","Surf Girl Grin","Original Drawing","Surf Girl Grin ORIGINAL COLOR 2.jpg"
"Would add to existing page","surf-girl-grin.html","Surf Girl Grin","Original Drawing","Surf Girl Grin ORIGINAL COLOR.jpg"
"Would add to existing page","taz-grin.html","Taz Grin","Digitized Versions","Taz Grin B&W.jpg"
"Would add to existing page","taz-grin.html","Taz Grin","Digitized Versions","Taz Grin circle COLOR.jpg"
"Would add to existing page","taz-grin.html","Taz Grin","Digitized Versions","Taz Grin COLOR.jpg"
"Would add to existing page","taz-grin-flower.html","Taz Grin Flower","Original Drawing","Taz Grin Flower Face ORIGINAL.jpg"
"Would add to existing page","techno-kitten-grin.html","Techno Kitten Grin","Digitized Versions","Techno Kitten Grin B&W.jpg"
"Would add to existing page","techno-kitten-grin.html","Techno Kitten Grin","Digitized Versions","Techno Kitten Grin COLOR.jpg"
"Would add to existing page","teddy-bear-grin.html","Teddy Bear Grin","Original Drawing","Teddy Bear Grin ORIGINAL COLOR.jpg"
"Would add to existing page","teddy-bear-grin-standing.html","Teddy Bear Grin Standing","Digitized Versions","Teddy Bear Grin Standing B&W.jpg"
"Would add to existing page","teddy-bear-grin-standing.html","Teddy Bear Grin Standing","Digitized Versions","Teddy Bear Grin Standing COLOR.jpg"
"Would add to existing page","teddy-bear-grin-standing.html","Teddy Bear Grin Standing","Original Drawing","Teddy Bear Grin Standing ORIGINAL COLOR 2.png"
"Would add to existing page","telegrinnie.html","Telegrinnie","Digitized Versions","Telegrinnie B&W.jpg"
"Would add to existing page","telegrinnie.html","Telegrinnie","Original Drawing","Telegrinnie ORIGINAL COLOR.jpg"
"Would add to existing page","teletubby-grin-flying.html","Teletubby Grin Flying","Digitized Versions","Teletubby Grin Flying B&W.jpg"
"Would add to existing page","teletubby-grin-flying.html","Teletubby Grin Flying","Digitized Versions","Teletubby Grin Flying COLOR.jpg"
"Would add to existing page","tiger-grin-2.html","Tiger Grin 2","Original Drawing","Tiger Grin 2 ORIGINAL colorway 1.jpg"
"Would add to existing page","tiger-grin-2.html","Tiger Grin 2","Original Drawing","Tiger Grin 2 ORIGINAL colorway 2.jpg"
"Would add to existing page","tiger-sphinx.html","Tiger Sphinx","Digitized Versions","Tiger Sphinx B&W.jpg"
"Would add to existing page","tiger-sphinx.html","Tiger Sphinx","Digitized Versions","Tiger Sphinx side COLOR.jpg"
"Would add to existing page","timid-shark-grin.html","Timid Shark Grin","Digitized Versions","Timid Shark Grin COLOR.jpg"
"Would add to existing page","timmy-turner-grin.html","Timmy Turner Grin","Digitized Versions","Timmy Turner Grin COLOR.jpg"
"Would add to existing page","tmnt-leonardo-grin.html","Tmnt Leonardo Grin","Digitized Versions","Tmnt Leonardo Grin B&W.jpg"
"Would add to existing page","tmnt-michelangelo-grin.html","Tmnt Michelangelo Grin","Digitized Versions","Tmnt Michelangelo Grin COLOR.jpg"
"Would add to existing page","tmnt-raphael-grin.html","Tmnt Raphael Grin","Digitized Versions","Tmnt Raphael Grin B&W.jpg"
"Would create page","tony-grin.html","Tony Grin","Original Drawing","Tony Grin ORIGINAL COLOR.jpg"
"Would add to existing page","tony-tiger-grin-1.html","Tony Tiger Grin 1","Digitized Versions","Tony Tiger Grin 1 B&W.jpg"
"Would add to existing page","tony-tiger-grin-1.html","Tony Tiger Grin 1","Digitized Versions","Tony Tiger Grin 1 COLOR.jpg"
"Would add to existing page","tony-tiger-grin-1.html","Tony Tiger Grin 1","Original Drawing","Tony Tiger Grin 1 ORIGINAL COLOR.jpg"
"Would add to existing page","tony-tiger-grin-2.html","Tony Tiger Grin 2","Digitized Versions","Tony Tiger Grin 2 B&W.jpg"
"Would add to existing page","topcat-grin.html","Topcat Grin","Digitized Versions","Topcat Grin B&W.jpg"
"Would add to existing page","topcat-grin.html","Topcat Grin","Digitized Versions","Topcat Grin COLOR.jpg"
"Would add to existing page","trippy-grin.html","Trippy Grin","Digitized Versions","Trippy Grin COLOR.jpg"
"Would add to existing page","tupac-grin.html","Tupac Grin","Digitized Versions","Tupac Grin B&W.jpg"
"Would add to existing page","tupac-grin.html","Tupac Grin","Original Drawing","Tupac Grin ORIGINAL COLOR 1.jpg"
"Would add to existing page","tupac-grin.html","Tupac Grin","Original Drawing","Tupac Grin ORIGINAL COLOR 2.jpg"
"Would add to existing page","tweetie-grin.html","Tweetie Grin","Original Drawing","Tweetie Grin ORIGINAL COLOR.jpg"
"Would add to existing page","two-faced-rabbbit-grin.html","Two-Faced Rabbbit Grin","Digitized Versions","Two-Faced Rabbbit Grin back B&W.jpg"
"Would add to existing page","two-faced-rabbbit-grin.html","Two-Faced Rabbbit Grin","Digitized Versions","Two-Faced Rabbbit Grin back COLOR.jpg"
"Would add to existing page","two-faced-rabbbit-grin.html","Two-Faced Rabbbit Grin","Digitized Versions","Two-Faced Rabbbit Grin side B&W.jpg"
"Would add to existing page","two-faced-rabbbit-grin.html","Two-Faced Rabbbit Grin","Digitized Versions","Two-Faced Rabbbit Grin side COLOR.jpg"
"Would create page","unicorn-grin-skewered.html","Unicorn Grin skewered","Original Drawing","Unicorn Grin skewered ORIGINAL 1.png"
"Would create page","unicorn-grin-skewered.html","Unicorn Grin skewered","Original Drawing","Unicorn Grin skewered ORIGINAL 2.png"
"Would create page","unicorn-grin-skewered.html","Unicorn Grin skewered","Original Drawing","Unicorn Grin skewered ORIGINAL 3.png"
"Would create page","unicorn-grin-skewered.html","Unicorn Grin skewered","Original Drawing","Unicorn Grin skewered ORIGINAL 4.png"
"Would create page","unicorn-grin-skewered.html","Unicorn Grin skewered","Original Drawing","Unicorn Grin skewered ORIGINAL 5.png"
"Would create page","unicorn-grin-skewered.html","Unicorn Grin skewered","Original Drawing","Unicorn Grin skewered ORIGINAL 6.png"
"Would create page","unicorn-grin-skewered.html","Unicorn Grin skewered","Original Drawing","Unicorn Grin skewered ORIGINAL 7.png"
"Would create page","unicorn-grin-skewered.html","Unicorn Grin skewered","Original Drawing","Unicorn Grin skewered ORIGINAL 8.png"
"Would add to existing page","wing-grin.html","Wing Grin","Original Drawing","Wing Grin body ORIGINAL COLOR.png"
"Would add to existing page","yin-yang-face-grin.html","Yin Yang Face Grin","Original Drawing","Yin Yang Face Grin ORIGINAL COLOR.jpg"
"Would add to existing page","yin-yang-grin-1.html","Yin Yang Grin 1","Original Drawing","Yin Yang Grin 1 ORIGINAL COLOR.png"
"Would add to existing page","zephyr-zelephant-grin.html","Zephyr Zelephant Grin","Digitized Versions","Zephyr Zelephant Grin COLOR.png"
