"Character","Page","Section","File","FullPath"
"Lady Bigfoot","lady-bigfoot.html","Original Drawing","Lady Bigfoot ORIGINAL.jpg","D:\github\ron-english-sketches-and-drawings\images\Sketches\bigfoot\Lady Bigfoot ORIGINAL.jpg"
"Lady Bigfoot","lady-bigfoot.html","Digitized Versions","Lady Bigfoot B&W.jpg","D:\github\ron-english-sketches-and-drawings\images\Sketches\bigfoot\Lady Bigfoot B&W.jpg"
"Lady Bigfoot","lady-bigfoot.html","Digitized Versions","Lady Bigfoot COLOR.jpg","D:\github\ron-english-sketches-and-drawings\images\Sketches\bigfoot\Lady Bigfoot COLOR.jpg"
"Little Bigfoot","little-bigfoot.html","Original Drawing","Little Bigfoot ORIGINAL.jpg","D:\github\ron-english-sketches-and-drawings\images\Sketches\bigfoot\Little Bigfoot ORIGINAL.jpg"
"Little Bigfoot","little-bigfoot.html","Digitized Versions","Little Bigfoot B&W.jpg","D:\github\ron-english-sketches-and-drawings\images\Sketches\bigfoot\Little Bigfoot B&W.jpg"
"Little Bigfoot","little-bigfoot.html","Digitized Versions","Little Bigfoot COLOR.jpg","D:\github\ron-english-sketches-and-drawings\images\Sketches\bigfoot\Little Bigfoot COLOR.jpg"
"Urban Bigfoot","urban-bigfoot.html","Original Drawing","Urban Bigfoot 1 front ORIGINAL.jpg","D:\github\ron-english-sketches-and-drawings\images\Sketches\bigfoot\Urban Bigfoot 1 front ORIGINAL.jpg"
"Urban Bigfoot","urban-bigfoot.html","Original Drawing","Urban Bigfoot 1 back ORIGINAL.jpg","D:\github\ron-english-sketches-and-drawings\images\Sketches\bigfoot\Urban Bigfoot 1 back ORIGINAL.jpg"
"Urban Bigfoot","urban-bigfoot.html","Original Drawing","Urban Bigfoot 1 left side ORIGINAL.jpg","D:\github\ron-english-sketches-and-drawings\images\Sketches\bigfoot\Urban Bigfoot 1 left side ORIGINAL.jpg"
"Urban Bigfoot","urban-bigfoot.html","Original Drawing","Urban Bigfoot 1 right side ORIGINAL.jpg","D:\github\ron-english-sketches-and-drawings\images\Sketches\bigfoot\Urban Bigfoot 1 right side ORIGINAL.jpg"
"Urban Bigfoot","urban-bigfoot.html","Digitized Versions","Urban Bigfoot 1 front B&W.jpg","D:\github\ron-english-sketches-and-drawings\images\Sketches\bigfoot\Urban Bigfoot 1 front B&W.jpg"
"Urban Bigfoot","urban-bigfoot.html","Digitized Versions","Urban Bigfoot 1 back B&W.jpg","D:\github\ron-english-sketches-and-drawings\images\Sketches\bigfoot\Urban Bigfoot 1 back B&W.jpg"
"Urban Bigfoot","urban-bigfoot.html","Digitized Versions","Urban Bigfoot 1 left side B&W.jpg","D:\github\ron-english-sketches-and-drawings\images\Sketches\bigfoot\Urban Bigfoot 1 left side B&W.jpg"
"Urban Bigfoot","urban-bigfoot.html","Digitized Versions","Urban Bigfoot right side 1 B&W.jpg","D:\github\ron-english-sketches-and-drawings\images\Sketches\bigfoot\Urban Bigfoot right side 1 B&W.jpg"
"Urban Bigfoot","urban-bigfoot.html","Digitized Versions","Urban Bigfoot 1 front COLOR.jpg","D:\github\ron-english-sketches-and-drawings\images\Sketches\bigfoot\Urban Bigfoot 1 front COLOR.jpg"
"Urban Bigfoot","urban-bigfoot.html","Digitized Versions","Urban Bigfoot 1 back COLOR.jpg","D:\github\ron-english-sketches-and-drawings\images\Sketches\bigfoot\Urban Bigfoot 1 back COLOR.jpg"
"Urban Bigfoot","urban-bigfoot.html","Digitized Versions","Urban Bigfoot 1 left side COLOR.jpg","D:\github\ron-english-sketches-and-drawings\images\Sketches\bigfoot\Urban Bigfoot 1 left side COLOR.jpg"
"Urban Bigfoot","urban-bigfoot.html","Digitized Versions","Urban Bigfoot 1 right side COLOR.jpg","D:\github\ron-english-sketches-and-drawings\images\Sketches\bigfoot\Urban Bigfoot 1 right side COLOR.jpg"
"Urban Bigfoot","urban-bigfoot.html","Trading Cards","series 1 #52 front - BIGFOOTS - urban bigfoot - ultrarare.jpg","D:\github\ron-english-sketches-and-drawings\images\Sketches\bigfoot\series 1 #52 front - BIGFOOTS - urban bigfoot - ultrarare.jpg"
"Urban Bigfoot","urban-bigfoot.html","Trading Cards","series 1 #52 back - BIGFOOTS - Urban Bigfoot - ultrarare.jpg","D:\github\ron-english-sketches-and-drawings\images\Sketches\bigfoot\series 1 #52 back - BIGFOOTS - Urban Bigfoot - ultrarare.jpg"
"Bigfoot Living Room","bigfoot-living-room.html","Original Drawing","Bigfoot Living Room 1 ORIGINAL.jpg","D:\github\ron-english-sketches-and-drawings\images\Sketches\bigfoot\Bigfoot Living Room 1 ORIGINAL.jpg"
"Bigfoot Living Room","bigfoot-living-room.html","Original Drawing","Bigfoot Living Room 2 ORIGINAL.jpg","D:\github\ron-english-sketches-and-drawings\images\Sketches\bigfoot\Bigfoot Living Room 2 ORIGINAL.jpg"
"Bigfoot Living Room","bigfoot-living-room.html","Digitized Versions","Bigfoot Living Room 1A B&W.jpg","D:\github\ron-english-sketches-and-drawings\images\Sketches\bigfoot\Bigfoot Living Room 1A B&W.jpg"
"Bigfoot Living Room","bigfoot-living-room.html","Digitized Versions","Bigfoot Living Room 1B B&W.jpg","D:\github\ron-english-sketches-and-drawings\images\Sketches\bigfoot\Bigfoot Living Room 1B B&W.jpg"
"Bigfoot Messiah","bigfoot-messiah.html","Original Drawing","Bigfoot Messiah ORIGINAL.jpg","D:\github\ron-english-sketches-and-drawings\images\Sketches\bigfoot\Bigfoot Messiah ORIGINAL.jpg"
"Bigfoot Messiah","bigfoot-messiah.html","Digitized Versions","Bigfoot Messiah B&w.jpg","D:\github\ron-english-sketches-and-drawings\images\Sketches\bigfoot\Bigfoot Messiah B&w.jpg"
"Bigfoot Messiah","bigfoot-messiah.html","Digitized Versions","Bigfoot Messiah COLOR.jpg","D:\github\ron-english-sketches-and-drawings\images\Sketches\bigfoot\Bigfoot Messiah COLOR.jpg"
"Midget Bigfoot","midget-bigfoot.html","Original Drawing","Midget Bigfoot ORIGINAL.jpg","D:\github\ron-english-sketches-and-drawings\images\Sketches\bigfoot\Midget Bigfoot ORIGINAL.jpg"
"Midget Bigfoot","midget-bigfoot.html","Digitized Versions","Midget Bigfoot B&W.jpg","D:\github\ron-english-sketches-and-drawings\images\Sketches\bigfoot\Midget Bigfoot B&W.jpg"
"Midget Bigfoot","midget-bigfoot.html","Digitized Versions","Midget Bigfoot COLOR.jpg","D:\github\ron-english-sketches-and-drawings\images\Sketches\bigfoot\Midget Bigfoot COLOR.jpg"
"Midget Bigfoot","midget-bigfoot.html","Trading Cards","series 2 #38 front - BIGFOOTS - MIdget Bigfoot - rare.jpg","D:\github\ron-english-sketches-and-drawings\images\Sketches\bigfoot\series 2 #38 front - BIGFOOTS - MIdget Bigfoot - rare.jpg"
"Midget Bigfoot","midget-bigfoot.html","Trading Cards","series 2 #38 back - BIGFOOTS - Midget Bigfoot - rare.jpg","D:\github\ron-english-sketches-and-drawings\images\Sketches\bigfoot\series 2 #38 back - BIGFOOTS - Midget Bigfoot - rare.jpg"
"Midget Bigfoot","midget-bigfoot.html","Additional Collector Card","Midget Bigfoot card.jpg","D:\github\ron-english-sketches-and-drawings\images\Sketches\bigfoot\Midget Bigfoot card.jpg"
"Bigfoot Tourist","bigfoot-tourist.html","Original Drawing","Bigfoot Tourist ORIGINAL.jpg","D:\github\ron-english-sketches-and-drawings\images\Sketches\bigfoot\Bigfoot Tourist ORIGINAL.jpg"
"Bigfoot Tourist","bigfoot-tourist.html","Original Drawing","Bigfoot Tourist ORIGINAL COLOR.jpg","D:\github\ron-english-sketches-and-drawings\images\Sketches\bigfoot\Bigfoot Tourist ORIGINAL COLOR.jpg"
"Bigfoot Tourist","bigfoot-tourist.html","Digitized Versions","Bigfoot Tourist B&W.jpg","D:\github\ron-english-sketches-and-drawings\images\Sketches\bigfoot\Bigfoot Tourist B&W.jpg"
"Bigfoot Tourist","bigfoot-tourist.html","Digitized Versions","Bigfoot Tourist COLOR.jpg","D:\github\ron-english-sketches-and-drawings\images\Sketches\bigfoot\Bigfoot Tourist COLOR.jpg"
"Li'l Bigfoot","lil-bigfoot.html","Original Drawing","Li'l Bigfoot ORIGINAL.jpg","D:\github\ron-english-sketches-and-drawings\images\Sketches\bigfoot\Li'l Bigfoot ORIGINAL.jpg"
"Li'l Bigfoot","lil-bigfoot.html","Digitized Versions","Li'l Bigfoot B&W.jpg","D:\github\ron-english-sketches-and-drawings\images\Sketches\bigfoot\Li'l Bigfoot B&W.jpg"
"Li'l Bigfoot","lil-bigfoot.html","Digitized Versions","Li'l Bigfoot COLOR.jpg","D:\github\ron-english-sketches-and-drawings\images\Sketches\bigfoot\Li'l Bigfoot COLOR.jpg"
"Li'l Bigfoot","lil-bigfoot.html","Trading Cards","series 1 #36 front - BIGFOOTS - Lil Bigfoot - uncommon.jpg","D:\github\ron-english-sketches-and-drawings\images\Sketches\bigfoot\series 1 #36 front - BIGFOOTS - Lil Bigfoot - uncommon.jpg"
"Li'l Bigfoot","lil-bigfoot.html","Trading Cards","series 1 #36 back - BIGFOOT - Li'l Bigfoot - uncommon.jpg","D:\github\ron-english-sketches-and-drawings\images\Sketches\bigfoot\series 1 #36 back - BIGFOOT - Li'l Bigfoot - uncommon.jpg"
"Li'l Bigfoot","lil-bigfoot.html","Additional Collector Card","Li'l Bigfoot card.jpg","D:\github\ron-english-sketches-and-drawings\images\Sketches\bigfoot\Li'l Bigfoot card.jpg"
"Bigfoot Feet","bigfoot-feet.html","Original Drawing","Bigfoot feet ORIGINAL.jpg","D:\github\ron-english-sketches-and-drawings\images\Sketches\bigfoot\Bigfoot feet ORIGINAL.jpg"
"Bigfoot Feet","bigfoot-feet.html","Original Drawing","Bigfoot Footprint ORIGINAL.jpg","D:\github\ron-english-sketches-and-drawings\images\Sketches\bigfoot\Bigfoot Footprint ORIGINAL.jpg"
"Urban Bigfoot with Hoodie","urban-bigfoot-with-hoodie.html","Digitized Versions","Urban Bigfoot with Hoodie front.jpg","D:\github\ron-english-sketches-and-drawings\images\Sketches\bigfoot\Urban Bigfoot with Hoodie front.jpg"
"Urban Bigfoot with Hoodie","urban-bigfoot-with-hoodie.html","Digitized Versions","Urban Bigfoot with Hoodie side.jpg","D:\github\ron-english-sketches-and-drawings\images\Sketches\bigfoot\Urban Bigfoot with Hoodie side.jpg"
"Fake Father Bigfoot","fake-father-bigfoot.html","Original Drawing","Fake Father Bigfoot ORIGINAL.jpg","D:\github\ron-english-sketches-and-drawings\images\Sketches\bigfoot\Fake Father Bigfoot ORIGINAL.jpg"
"Fake Father Bigfoot","fake-father-bigfoot.html","Digitized Versions","Fake Father Bigfoot B&w.jpg","D:\github\ron-english-sketches-and-drawings\images\Sketches\bigfoot\Fake Father Bigfoot B&w.jpg"
"Fake Father Bigfoot","fake-father-bigfoot.html","Digitized Versions","Fake Father Bigfoot COLOR.jpg","D:\github\ron-english-sketches-and-drawings\images\Sketches\bigfoot\Fake Father Bigfoot COLOR.jpg"
"Fake Father Bigfoot","fake-father-bigfoot.html","Trading Cards","series 2 #6 front - BIGFOOTS - fake Father Bigfoot - common.jpg","D:\github\ron-english-sketches-and-drawings\images\Sketches\bigfoot\series 2 #6 front - BIGFOOTS - fake Father Bigfoot - common.jpg"
"Fake Father Bigfoot","fake-father-bigfoot.html","Trading Cards","series 2 #6 back - BIGFOOTS - Fake Father Bigfoot - common.jpg","D:\github\ron-english-sketches-and-drawings\images\Sketches\bigfoot\series 2 #6 back - BIGFOOTS - Fake Father Bigfoot - common.jpg"
"Fake Father Bigfoot","fake-father-bigfoot.html","Additional Collector Card","Fake Father Bigfoot card.jpg","D:\github\ron-english-sketches-and-drawings\images\Sketches\bigfoot\Fake Father Bigfoot card.jpg"
"New Urban Bigfoot","new-urban-bigfoot.html","Original Drawing","New Urban Bigfoot ORIGINAL.jpg","D:\github\ron-english-sketches-and-drawings\images\Sketches\bigfoot\New Urban Bigfoot ORIGINAL.jpg"
"New Urban Bigfoot","new-urban-bigfoot.html","Digitized Versions","New Urban Bigfoot B&W.jpg","D:\github\ron-english-sketches-and-drawings\images\Sketches\bigfoot\New Urban Bigfoot B&W.jpg"
"New Urban Bigfoot","new-urban-bigfoot.html","Digitized Versions","New Urban Bigfoot COLOR.jpg","D:\github\ron-english-sketches-and-drawings\images\Sketches\bigfoot\New Urban Bigfoot COLOR.jpg"
"New Urban Bigfoot","new-urban-bigfoot.html","Additional Collector Card","New Urban Bigfoot card.jpg","D:\github\ron-english-sketches-and-drawings\images\Sketches\bigfoot\New Urban Bigfoot card.jpg"
"Bigfoot Toddler","bigfoot-toddler.html","Digitized Versions","Bigfoot Toddler B&W.jpg","D:\github\ron-english-sketches-and-drawings\images\Sketches\bigfoot\Bigfoot Toddler B&W.jpg"
"Bigfoot Toddler","bigfoot-toddler.html","Digitized Versions","Bigfoot Toddler COLOR.jpg","D:\github\ron-english-sketches-and-drawings\images\Sketches\bigfoot\Bigfoot Toddler COLOR.jpg"
"Li'l Bigfoot with Beard","lil-bigfoot-with-beard.html","Original Drawing","Li'l Bigfoot with beard front ORIGINAL.jpg","D:\github\ron-english-sketches-and-drawings\images\Sketches\bigfoot\Li'l Bigfoot with beard front ORIGINAL.jpg"
"Li'l Bigfoot with Beard","lil-bigfoot-with-beard.html","Original Drawing","Li'l Bigfoot with beard front ORIGINAL COLORED.jpg","D:\github\ron-english-sketches-and-drawings\images\Sketches\bigfoot\Li'l Bigfoot with beard front ORIGINAL COLORED.jpg"
"Li'l Bigfoot with Beard","lil-bigfoot-with-beard.html","Original Drawing","Li'l Bigfoot with beard front ORIGINAL COLOR rainbow.jpg","D:\github\ron-english-sketches-and-drawings\images\Sketches\bigfoot\Li'l Bigfoot with beard front ORIGINAL COLOR rainbow.jpg"
"Li'l Bigfoot with Beard","lil-bigfoot-with-beard.html","Original Drawing","Li'l Bigfoot with beard back ORIGINAL.jpg","D:\github\ron-english-sketches-and-drawings\images\Sketches\bigfoot\Li'l Bigfoot with beard back ORIGINAL.jpg"
"Li'l Bigfoot with Beard","lil-bigfoot-with-beard.html","Original Drawing","Li'l Bigfoot with beard side ORIGINAL.jpg","D:\github\ron-english-sketches-and-drawings\images\Sketches\bigfoot\Li'l Bigfoot with beard side ORIGINAL.jpg"
"Li'l Bigfoot with Beard","lil-bigfoot-with-beard.html","Original Drawing","Li'l Bigfoot with beard three quarters ORIGINAL.jpg","D:\github\ron-english-sketches-and-drawings\images\Sketches\bigfoot\Li'l Bigfoot with beard three quarters ORIGINAL.jpg"
"Li'l Bigfoot with Beard","lil-bigfoot-with-beard.html","Digitized Versions","Li'l Bigfoot with beard front B&W.jpg","D:\github\ron-english-sketches-and-drawings\images\Sketches\bigfoot\Li'l Bigfoot with beard front B&W.jpg"
"Li'l Bigfoot with Beard","lil-bigfoot-with-beard.html","Digitized Versions","Li'l Bigfoot with beard back B&W.jpg","D:\github\ron-english-sketches-and-drawings\images\Sketches\bigfoot\Li'l Bigfoot with beard back B&W.jpg"
"Li'l Bigfoot with Beard","lil-bigfoot-with-beard.html","Digitized Versions","Li'l Bigfoot with beard side B&w.jpg","D:\github\ron-english-sketches-and-drawings\images\Sketches\bigfoot\Li'l Bigfoot with beard side B&w.jpg"
"Li'l Bigfoot with Beard","lil-bigfoot-with-beard.html","Digitized Versions","Li'l Bigfoot with beard three quarters B&W.jpg","D:\github\ron-english-sketches-and-drawings\images\Sketches\bigfoot\Li'l Bigfoot with beard three quarters B&W.jpg"
"Li'l Bigfoot with Beard","lil-bigfoot-with-beard.html","Digitized Versions","Li'l Bigfoot with beard front COLOR.jpg","D:\github\ron-english-sketches-and-drawings\images\Sketches\bigfoot\Li'l Bigfoot with beard front COLOR.jpg"
"Li'l Bigfoot with Beard","lil-bigfoot-with-beard.html","Digitized Versions","Li'l Bigfoot with beard back COLOR.jpg","D:\github\ron-english-sketches-and-drawings\images\Sketches\bigfoot\Li'l Bigfoot with beard back COLOR.jpg"
"Li'l Bigfoot with Beard","lil-bigfoot-with-beard.html","Digitized Versions","Li'l Bigfoot with beard side COLOR.jpg","D:\github\ron-english-sketches-and-drawings\images\Sketches\bigfoot\Li'l Bigfoot with beard side COLOR.jpg"
"Li'l Bigfoot with Beard","lil-bigfoot-with-beard.html","Digitized Versions","Li'l Bigfoot with beard three quarters COLOR.jpg","D:\github\ron-english-sketches-and-drawings\images\Sketches\bigfoot\Li'l Bigfoot with beard three quarters COLOR.jpg"
"Myth Mother Bigfoot","myth-mother-bigfoot.html","Digitized Versions","Myth Mother Bigfoot B&W.jpg","D:\github\ron-english-sketches-and-drawings\images\Sketches\bigfoot\Myth Mother Bigfoot B&W.jpg"
"Myth Mother Bigfoot","myth-mother-bigfoot.html","Digitized Versions","Myth Mother Bigfoot COLOR.jpg","D:\github\ron-english-sketches-and-drawings\images\Sketches\bigfoot\Myth Mother Bigfoot COLOR.jpg"
"Myth Mother Bigfoot","myth-mother-bigfoot.html","Trading Cards","series 2 #7 front - BIGFOOTS - Myth Mother Bigfoot - common copy.jpg","D:\github\ron-english-sketches-and-drawings\images\Sketches\bigfoot\series 2 #7 front - BIGFOOTS - Myth Mother Bigfoot - common copy.jpg"
"Myth Mother Bigfoot","myth-mother-bigfoot.html","Trading Cards","series 2 #7 back - BIGFOOTS - Myth Mother Bigfoot - common.jpg","D:\github\ron-english-sketches-and-drawings\images\Sketches\bigfoot\series 2 #7 back - BIGFOOTS - Myth Mother Bigfoot - common.jpg"
"Myth Mother Bigfoot","myth-mother-bigfoot.html","Additional Collector Card","Myth Mother Bigfoot card.jpg","D:\github\ron-english-sketches-and-drawings\images\Sketches\bigfoot\Myth Mother Bigfoot card.jpg"
"Washington Bigfoot","washington-bigfoot.html","Original Drawing","Washington Bigfoot ORIGINAL.jpg","D:\github\ron-english-sketches-and-drawings\images\Sketches\bigfoot\Washington Bigfoot ORIGINAL.jpg"
"Washington Bigfoot","washington-bigfoot.html","Digitized Versions","Washington Bigfoot B&w.jpg","D:\github\ron-english-sketches-and-drawings\images\Sketches\bigfoot\Washington Bigfoot B&w.jpg"
"Bigfoot Family Icon","bigfoot-family-icon.html","Digitized Versions","Bigfoot Family Icon COLOR.jpg","D:\github\ron-english-sketches-and-drawings\images\Sketches\bigfoot\Bigfoot Family Icon COLOR.jpg"
