"Status","Character","Page","Section","File","FullPath"
"Grouped","Lady Bigfoot","lady-bigfoot.html","Digital","Lady Bigfoot B&W.jpg","D:\github\ron-english-sketches-and-drawings\images\Sketches\bigfoot\Lady Bigfoot B&W.jpg"
"Grouped","Lady Bigfoot","lady-bigfoot.html","Digital","Lady Bigfoot COLOR.jpg","D:\github\ron-english-sketches-and-drawings\images\Sketches\bigfoot\Lady Bigfoot COLOR.jpg"
"Grouped","Lady Bigfoot","lady-bigfoot.html","Original","Lady Bigfoot ORIGINAL.jpg","D:\github\ron-english-sketches-and-drawings\images\Sketches\bigfoot\Lady Bigfoot ORIGINAL.jpg"
"Grouped","Bigfoot Footprint","bigfoot-footprint.html","Original","Bigfoot Footprint ORIGINAL.jpg","D:\github\ron-english-sketches-and-drawings\images\Sketches\bigfoot\Bigfoot Footprint ORIGINAL.jpg"
"Grouped","Little Bigfoot","little-bigfoot.html","Digital","Little Bigfoot B&W.jpg","D:\github\ron-english-sketches-and-drawings\images\Sketches\bigfoot\Little Bigfoot B&W.jpg"
"Grouped","Little Bigfoot","little-bigfoot.html","Digital","Little Bigfoot COLOR.jpg","D:\github\ron-english-sketches-and-drawings\images\Sketches\bigfoot\Little Bigfoot COLOR.jpg"
"Grouped","Little Bigfoot","little-bigfoot.html","Original","Little Bigfoot ORIGINAL.jpg","D:\github\ron-english-sketches-and-drawings\images\Sketches\bigfoot\Little Bigfoot ORIGINAL.jpg"
"Grouped","Urban Bigfoot","urban-bigfoot.html","Card","series 1 #52 front - BIGFOOTS - urban bigfoot - ultrarare.jpg","D:\github\ron-english-sketches-and-drawings\images\Sketches\bigfoot\series 1 #52 front - BIGFOOTS - urban bigfoot - ultrarare.jpg"
"Grouped","Urban Bigfoot","urban-bigfoot.html","Card","series 1 #52 back - BIGFOOTS - Urban Bigfoot - ultrarare.jpg","D:\github\ron-english-sketches-and-drawings\images\Sketches\bigfoot\series 1 #52 back - BIGFOOTS - Urban Bigfoot - ultrarare.jpg"
"Grouped","Urban Bigfoot","urban-bigfoot.html","Digital","Urban Bigfoot 1 front B&W.jpg","D:\github\ron-english-sketches-and-drawings\images\Sketches\bigfoot\Urban Bigfoot 1 front B&W.jpg"
"Grouped","Urban Bigfoot","urban-bigfoot.html","Digital","Urban Bigfoot 1 front COLOR.jpg","D:\github\ron-english-sketches-and-drawings\images\Sketches\bigfoot\Urban Bigfoot 1 front COLOR.jpg"
"Grouped","Urban Bigfoot","urban-bigfoot.html","Digital","Urban Bigfoot 1 back B&W.jpg","D:\github\ron-english-sketches-and-drawings\images\Sketches\bigfoot\Urban Bigfoot 1 back B&W.jpg"
"Grouped","Urban Bigfoot","urban-bigfoot.html","Digital","Urban Bigfoot 1 back COLOR.jpg","D:\github\ron-english-sketches-and-drawings\images\Sketches\bigfoot\Urban Bigfoot 1 back COLOR.jpg"
"Grouped","Urban Bigfoot","urban-bigfoot.html","Digital","Urban Bigfoot 1 left side B&W.jpg","D:\github\ron-english-sketches-and-drawings\images\Sketches\bigfoot\Urban Bigfoot 1 left side B&W.jpg"
"Grouped","Urban Bigfoot","urban-bigfoot.html","Digital","Urban Bigfoot 1 left side COLOR.jpg","D:\github\ron-english-sketches-and-drawings\images\Sketches\bigfoot\Urban Bigfoot 1 left side COLOR.jpg"
"Grouped","Urban Bigfoot","urban-bigfoot.html","Digital","Urban Bigfoot right side 1 B&W.jpg","D:\github\ron-english-sketches-and-drawings\images\Sketches\bigfoot\Urban Bigfoot right side 1 B&W.jpg"
"Grouped","Urban Bigfoot","urban-bigfoot.html","Digital","Urban Bigfoot 1 right side COLOR.jpg","D:\github\ron-english-sketches-and-drawings\images\Sketches\bigfoot\Urban Bigfoot 1 right side COLOR.jpg"
"Grouped","Urban Bigfoot","urban-bigfoot.html","Original","Urban Bigfoot 1 front ORIGINAL.jpg","D:\github\ron-english-sketches-and-drawings\images\Sketches\bigfoot\Urban Bigfoot 1 front ORIGINAL.jpg"
"Grouped","Urban Bigfoot","urban-bigfoot.html","Original","Urban Bigfoot 1 back ORIGINAL.jpg","D:\github\ron-english-sketches-and-drawings\images\Sketches\bigfoot\Urban Bigfoot 1 back ORIGINAL.jpg"
"Grouped","Urban Bigfoot","urban-bigfoot.html","Original","Urban Bigfoot 1 left side ORIGINAL.jpg","D:\github\ron-english-sketches-and-drawings\images\Sketches\bigfoot\Urban Bigfoot 1 left side ORIGINAL.jpg"
"Grouped","Urban Bigfoot","urban-bigfoot.html","Original","Urban Bigfoot 1 right side ORIGINAL.jpg","D:\github\ron-english-sketches-and-drawings\images\Sketches\bigfoot\Urban Bigfoot 1 right side ORIGINAL.jpg"
"Grouped","Bigfoot Living Room","bigfoot-living-room.html","Digital","Bigfoot Living Room 1A B&W.jpg","D:\github\ron-english-sketches-and-drawings\images\Sketches\bigfoot\Bigfoot Living Room 1A B&W.jpg"
"Grouped","Bigfoot Living Room","bigfoot-living-room.html","Digital","Bigfoot Living Room 1B B&W.jpg","D:\github\ron-english-sketches-and-drawings\images\Sketches\bigfoot\Bigfoot Living Room 1B B&W.jpg"
"Grouped","Bigfoot Living Room","bigfoot-living-room.html","Original","Bigfoot Living Room 1 ORIGINAL.jpg","D:\github\ron-english-sketches-and-drawings\images\Sketches\bigfoot\Bigfoot Living Room 1 ORIGINAL.jpg"
"Grouped","Bigfoot Living Room","bigfoot-living-room.html","Original","Bigfoot Living Room 2 ORIGINAL.jpg","D:\github\ron-english-sketches-and-drawings\images\Sketches\bigfoot\Bigfoot Living Room 2 ORIGINAL.jpg"
"Grouped","Bigfoot Messiah","bigfoot-messiah.html","Digital","Bigfoot Messiah B&w.jpg","D:\github\ron-english-sketches-and-drawings\images\Sketches\bigfoot\Bigfoot Messiah B&w.jpg"
"Grouped","Bigfoot Messiah","bigfoot-messiah.html","Digital","Bigfoot Messiah COLOR.jpg","D:\github\ron-english-sketches-and-drawings\images\Sketches\bigfoot\Bigfoot Messiah COLOR.jpg"
"Grouped","Bigfoot Messiah","bigfoot-messiah.html","Original","Bigfoot Messiah ORIGINAL.jpg","D:\github\ron-english-sketches-and-drawings\images\Sketches\bigfoot\Bigfoot Messiah ORIGINAL.jpg"
"Grouped","Midget Bigfoot","midget-bigfoot.html","Card","series 2 #38 front - BIGFOOTS - MIdget Bigfoot - rare.jpg","D:\github\ron-english-sketches-and-drawings\images\Sketches\bigfoot\series 2 #38 front - BIGFOOTS - MIdget Bigfoot - rare.jpg"
"Grouped","Midget Bigfoot","midget-bigfoot.html","Card","series 2 #38 back - BIGFOOTS - Midget Bigfoot - rare.jpg","D:\github\ron-english-sketches-and-drawings\images\Sketches\bigfoot\series 2 #38 back - BIGFOOTS - Midget Bigfoot - rare.jpg"
"Grouped","Midget Bigfoot","midget-bigfoot.html","Card","Midget Bigfoot card.jpg","D:\github\ron-english-sketches-and-drawings\images\Sketches\bigfoot\Midget Bigfoot card.jpg"
"Grouped","Midget Bigfoot","midget-bigfoot.html","Digital","Midget Bigfoot B&W.jpg","D:\github\ron-english-sketches-and-drawings\images\Sketches\bigfoot\Midget Bigfoot B&W.jpg"
"Grouped","Midget Bigfoot","midget-bigfoot.html","Digital","Midget Bigfoot COLOR.jpg","D:\github\ron-english-sketches-and-drawings\images\Sketches\bigfoot\Midget Bigfoot COLOR.jpg"
"Grouped","Midget Bigfoot","midget-bigfoot.html","Original","Midget Bigfoot ORIGINAL.jpg","D:\github\ron-english-sketches-and-drawings\images\Sketches\bigfoot\Midget Bigfoot ORIGINAL.jpg"
"Grouped","Bigfoot Tourist","bigfoot-tourist.html","Digital","Bigfoot Tourist B&W.jpg","D:\github\ron-english-sketches-and-drawings\images\Sketches\bigfoot\Bigfoot Tourist B&W.jpg"
"Grouped","Bigfoot Tourist","bigfoot-tourist.html","Digital","Bigfoot Tourist COLOR.jpg","D:\github\ron-english-sketches-and-drawings\images\Sketches\bigfoot\Bigfoot Tourist COLOR.jpg"
"Grouped","Bigfoot Tourist","bigfoot-tourist.html","Original","Bigfoot Tourist ORIGINAL.jpg","D:\github\ron-english-sketches-and-drawings\images\Sketches\bigfoot\Bigfoot Tourist ORIGINAL.jpg"
"Grouped","Bigfoot Tourist","bigfoot-tourist.html","Original","Bigfoot Tourist ORIGINAL COLOR.jpg","D:\github\ron-english-sketches-and-drawings\images\Sketches\bigfoot\Bigfoot Tourist ORIGINAL COLOR.jpg"
"Grouped","Li'l Bigfoot with Beard","lil-bigfoot-with-beard.html","Digital","Li'l Bigfoot with beard front B&W.jpg","D:\github\ron-english-sketches-and-drawings\images\Sketches\bigfoot\Li'l Bigfoot with beard front B&W.jpg"
"Grouped","Li'l Bigfoot with Beard","lil-bigfoot-with-beard.html","Digital","Li'l Bigfoot with beard front COLOR.jpg","D:\github\ron-english-sketches-and-drawings\images\Sketches\bigfoot\Li'l Bigfoot with beard front COLOR.jpg"
"Grouped","Li'l Bigfoot with Beard","lil-bigfoot-with-beard.html","Digital","Li'l Bigfoot with beard back B&W.jpg","D:\github\ron-english-sketches-and-drawings\images\Sketches\bigfoot\Li'l Bigfoot with beard back B&W.jpg"
"Grouped","Li'l Bigfoot with Beard","lil-bigfoot-with-beard.html","Digital","Li'l Bigfoot with beard back COLOR.jpg","D:\github\ron-english-sketches-and-drawings\images\Sketches\bigfoot\Li'l Bigfoot with beard back COLOR.jpg"
"Grouped","Li'l Bigfoot with Beard","lil-bigfoot-with-beard.html","Digital","Li'l Bigfoot with beard side B&w.jpg","D:\github\ron-english-sketches-and-drawings\images\Sketches\bigfoot\Li'l Bigfoot with beard side B&w.jpg"
"Grouped","Li'l Bigfoot with Beard","lil-bigfoot-with-beard.html","Digital","Li'l Bigfoot with beard side COLOR.jpg","D:\github\ron-english-sketches-and-drawings\images\Sketches\bigfoot\Li'l Bigfoot with beard side COLOR.jpg"
"Grouped","Li'l Bigfoot with Beard","lil-bigfoot-with-beard.html","Digital","Li'l Bigfoot with beard three quarters B&W.jpg","D:\github\ron-english-sketches-and-drawings\images\Sketches\bigfoot\Li'l Bigfoot with beard three quarters B&W.jpg"
"Grouped","Li'l Bigfoot with Beard","lil-bigfoot-with-beard.html","Digital","Li'l Bigfoot with beard three quarters COLOR.jpg","D:\github\ron-english-sketches-and-drawings\images\Sketches\bigfoot\Li'l Bigfoot with beard three quarters COLOR.jpg"
"Grouped","Li'l Bigfoot with Beard","lil-bigfoot-with-beard.html","Original","Li'l Bigfoot with beard front ORIGINAL COLOR rainbow.jpg","D:\github\ron-english-sketches-and-drawings\images\Sketches\bigfoot\Li'l Bigfoot with beard front ORIGINAL COLOR rainbow.jpg"
"Grouped","Li'l Bigfoot with Beard","lil-bigfoot-with-beard.html","Original","Li'l Bigfoot with beard front ORIGINAL COLORED.jpg","D:\github\ron-english-sketches-and-drawings\images\Sketches\bigfoot\Li'l Bigfoot with beard front ORIGINAL COLORED.jpg"
"Grouped","Li'l Bigfoot with Beard","lil-bigfoot-with-beard.html","Original","Li'l Bigfoot with beard front ORIGINAL.jpg","D:\github\ron-english-sketches-and-drawings\images\Sketches\bigfoot\Li'l Bigfoot with beard front ORIGINAL.jpg"
"Grouped","Li'l Bigfoot with Beard","lil-bigfoot-with-beard.html","Original","Li'l Bigfoot with beard back ORIGINAL.jpg","D:\github\ron-english-sketches-and-drawings\images\Sketches\bigfoot\Li'l Bigfoot with beard back ORIGINAL.jpg"
"Grouped","Li'l Bigfoot with Beard","lil-bigfoot-with-beard.html","Original","Li'l Bigfoot with beard side ORIGINAL.jpg","D:\github\ron-english-sketches-and-drawings\images\Sketches\bigfoot\Li'l Bigfoot with beard side ORIGINAL.jpg"
"Grouped","Li'l Bigfoot with Beard","lil-bigfoot-with-beard.html","Original","Li'l Bigfoot with beard three quarters ORIGINAL.jpg","D:\github\ron-english-sketches-and-drawings\images\Sketches\bigfoot\Li'l Bigfoot with beard three quarters ORIGINAL.jpg"
"Grouped","Li'l Bigfoot","lil-bigfoot.html","Card","series 1 #36 front - BIGFOOTS - Lil Bigfoot - uncommon.jpg","D:\github\ron-english-sketches-and-drawings\images\Sketches\bigfoot\series 1 #36 front - BIGFOOTS - Lil Bigfoot - uncommon.jpg"
"Grouped","Li'l Bigfoot","lil-bigfoot.html","Card","series 1 #36 back - BIGFOOT - Li'l Bigfoot - uncommon.jpg","D:\github\ron-english-sketches-and-drawings\images\Sketches\bigfoot\series 1 #36 back - BIGFOOT - Li'l Bigfoot - uncommon.jpg"
"Grouped","Li'l Bigfoot","lil-bigfoot.html","Card","Li'l Bigfoot card.jpg","D:\github\ron-english-sketches-and-drawings\images\Sketches\bigfoot\Li'l Bigfoot card.jpg"
"Grouped","Li'l Bigfoot","lil-bigfoot.html","Digital","Li'l Bigfoot B&W.jpg","D:\github\ron-english-sketches-and-drawings\images\Sketches\bigfoot\Li'l Bigfoot B&W.jpg"
"Grouped","Li'l Bigfoot","lil-bigfoot.html","Digital","Li'l Bigfoot COLOR.jpg","D:\github\ron-english-sketches-and-drawings\images\Sketches\bigfoot\Li'l Bigfoot COLOR.jpg"
"Grouped","Li'l Bigfoot","lil-bigfoot.html","Original","Li'l Bigfoot ORIGINAL.jpg","D:\github\ron-english-sketches-and-drawings\images\Sketches\bigfoot\Li'l Bigfoot ORIGINAL.jpg"
"Grouped","Bigfoot Feet","bigfoot-feet.html","Original","Bigfoot feet ORIGINAL.jpg","D:\github\ron-english-sketches-and-drawings\images\Sketches\bigfoot\Bigfoot feet ORIGINAL.jpg"
"Grouped","Urban Bigfoot with Hoodie","urban-bigfoot-with-hoodie.html","Digital","Urban Bigfoot with Hoodie front.jpg","D:\github\ron-english-sketches-and-drawings\images\Sketches\bigfoot\Urban Bigfoot with Hoodie front.jpg"
"Grouped","Urban Bigfoot with Hoodie","urban-bigfoot-with-hoodie.html","Digital","Urban Bigfoot with Hoodie side.jpg","D:\github\ron-english-sketches-and-drawings\images\Sketches\bigfoot\Urban Bigfoot with Hoodie side.jpg"
"Grouped","Fake Father Bigfoot","fake-father-bigfoot.html","Card","series 2 #6 front - BIGFOOTS - fake Father Bigfoot - common.jpg","D:\github\ron-english-sketches-and-drawings\images\Sketches\bigfoot\series 2 #6 front - BIGFOOTS - fake Father Bigfoot - common.jpg"
"Grouped","Fake Father Bigfoot","fake-father-bigfoot.html","Card","series 2 #6 back - BIGFOOTS - Fake Father Bigfoot - common.jpg","D:\github\ron-english-sketches-and-drawings\images\Sketches\bigfoot\series 2 #6 back - BIGFOOTS - Fake Father Bigfoot - common.jpg"
"Grouped","Fake Father Bigfoot","fake-father-bigfoot.html","Card","Fake Father Bigfoot card.jpg","D:\github\ron-english-sketches-and-drawings\images\Sketches\bigfoot\Fake Father Bigfoot card.jpg"
"Grouped","Fake Father Bigfoot","fake-father-bigfoot.html","Digital","Fake Father Bigfoot B&w.jpg","D:\github\ron-english-sketches-and-drawings\images\Sketches\bigfoot\Fake Father Bigfoot B&w.jpg"
"Grouped","Fake Father Bigfoot","fake-father-bigfoot.html","Digital","Fake Father Bigfoot COLOR.jpg","D:\github\ron-english-sketches-and-drawings\images\Sketches\bigfoot\Fake Father Bigfoot COLOR.jpg"
"Grouped","Fake Father Bigfoot","fake-father-bigfoot.html","Original","Fake Father Bigfoot ORIGINAL.jpg","D:\github\ron-english-sketches-and-drawings\images\Sketches\bigfoot\Fake Father Bigfoot ORIGINAL.jpg"
"Grouped","New Urban Bigfoot","new-urban-bigfoot.html","Card","New Urban Bigfoot card.jpg","D:\github\ron-english-sketches-and-drawings\images\Sketches\bigfoot\New Urban Bigfoot card.jpg"
"Grouped","New Urban Bigfoot","new-urban-bigfoot.html","Digital","New Urban Bigfoot B&W.jpg","D:\github\ron-english-sketches-and-drawings\images\Sketches\bigfoot\New Urban Bigfoot B&W.jpg"
"Grouped","New Urban Bigfoot","new-urban-bigfoot.html","Digital","New Urban Bigfoot COLOR.jpg","D:\github\ron-english-sketches-and-drawings\images\Sketches\bigfoot\New Urban Bigfoot COLOR.jpg"
"Grouped","New Urban Bigfoot","new-urban-bigfoot.html","Original","New Urban Bigfoot ORIGINAL.jpg","D:\github\ron-english-sketches-and-drawings\images\Sketches\bigfoot\New Urban Bigfoot ORIGINAL.jpg"
"Grouped","Bigfoot Toddler","bigfoot-toddler.html","Digital","Bigfoot Toddler B&W.jpg","D:\github\ron-english-sketches-and-drawings\images\Sketches\bigfoot\Bigfoot Toddler B&W.jpg"
"Grouped","Bigfoot Toddler","bigfoot-toddler.html","Digital","Bigfoot Toddler COLOR.jpg","D:\github\ron-english-sketches-and-drawings\images\Sketches\bigfoot\Bigfoot Toddler COLOR.jpg"
"Grouped","Myth Mother Bigfoot","myth-mother-bigfoot.html","Card","series 2 #7 front - BIGFOOTS - Myth Mother Bigfoot - common copy.jpg","D:\github\ron-english-sketches-and-drawings\images\Sketches\bigfoot\series 2 #7 front - BIGFOOTS - Myth Mother Bigfoot - common copy.jpg"
"Grouped","Myth Mother Bigfoot","myth-mother-bigfoot.html","Card","series 2 #7 back - BIGFOOTS - Myth Mother Bigfoot - common.jpg","D:\github\ron-english-sketches-and-drawings\images\Sketches\bigfoot\series 2 #7 back - BIGFOOTS - Myth Mother Bigfoot - common.jpg"
"Grouped","Myth Mother Bigfoot","myth-mother-bigfoot.html","Card","Myth Mother Bigfoot card.jpg","D:\github\ron-english-sketches-and-drawings\images\Sketches\bigfoot\Myth Mother Bigfoot card.jpg"
"Grouped","Myth Mother Bigfoot","myth-mother-bigfoot.html","Digital","Myth Mother Bigfoot B&W.jpg","D:\github\ron-english-sketches-and-drawings\images\Sketches\bigfoot\Myth Mother Bigfoot B&W.jpg"
"Grouped","Myth Mother Bigfoot","myth-mother-bigfoot.html","Digital","Myth Mother Bigfoot COLOR.jpg","D:\github\ron-english-sketches-and-drawings\images\Sketches\bigfoot\Myth Mother Bigfoot COLOR.jpg"
"Grouped","Washington Bigfoot","washington-bigfoot.html","Digital","Washington Bigfoot B&W.jpg","D:\github\ron-english-sketches-and-drawings\images\Sketches\bigfoot\Washington Bigfoot B&W.jpg"
"Grouped","Washington Bigfoot","washington-bigfoot.html","Original","Washington Bigfoot ORIGINAL.jpg","D:\github\ron-english-sketches-and-drawings\images\Sketches\bigfoot\Washington Bigfoot ORIGINAL.jpg"
"Ungrouped","","","","Bigfoot Family Icon COLOR.jpg","D:\github\ron-english-sketches-and-drawings\images\Sketches\bigfoot\Bigfoot Family Icon COLOR.jpg"
