"Position","Title","Href","ImageFile","Key","HrefExists","ImageExists","Score"
"1","Alien Baby Grin","alien-baby-grin.html","Alien Baby Grin colorway 1.jpg","alienbabygrin","True","True","1319.9999"
"2","Alien Grin","alien-grin.html","Alien Grin COLOR.png","aliengrin","True","True","1319.9998"
"3","Angel Grin","angel-grin.html","Angel Grin B&W.jpg","angelgrin","True","True","1249.9997"
"4","Angel Wings Grin","angel-wings-grin.html","Angel Wings Grin 1.png","angelwingsgrin","True","True","1249.9996"
"5","Artist Grin","artist-grin.html","Artist Grin COLOR.jpg","artistgrin","True","True","1319.9995"
"6","Astro Boy Grin","astro-boy-grin.html","Astro Boy Grin COLOR.jpg","astroboygrin","True","True","1319.9993"
"7","Astrogrin","astrogrin.html","Astrogrin COLOR.jpg","astrogrin","True","True","1319.9992"
"8","B-Rex Grin","b-rex-grin.html","B-Rex Grin side COLOR 1.jpg","brexgrin","True","True","1319.999"
"9","Babalouie Grin","babalouie-grin.html","Babalouie Grin COLOR.jpg","babalouiegrin","True","True","1319.9989"
"10","Baby Grin","baby-grin.html","Baby Grin COLOR.jpg","babygrin","True","True","1319.9987"
"11","Baby Grin 2","baby-grin-2.html","Baby Grin 2 COLOR.jpg","babygrin2","True","True","1319.9985"
"12","Badly Drawn Batman Grin","badly-drawn-batman-grin.html","Badly Drawn Batman Grin ORIGINAL COLOR.jpg","badlydrawnbatmangrin","True","True","1289.9983"
"13","Barney Grin","barney-grin.html","Barney Grin front 1 COLOR.jpg","barneygrin","True","True","1419.9982"
"14","Bart Grin","bart-grin.html","Bart Grin Chubby front COLOR.jpg","bartgrin","True","True","1419.998"
"15","Bartman Grin","bartman-grin.html","Bartman Grin flying COLOR.jpg","bartmangrin","True","True","1419.9978"
"16","Baseball Grin","baseball-grin.html","Baseball Grin COLOR.jpg","baseballgrin","True","True","1319.9976"
"17","Basketball Bulldog Grin","basketball-bulldog-grin.html","Basketball Bulldog Grin COLOR.jpg","basketballbulldoggrin","True","True","1319.9974"
"18","Basketball Grin","basketball-grin.html","Basketball Grin COLOR.jpg","basketballgrin","True","True","1319.9972"
"19","Bat Grin","bat-grin.html","Bat Grin front COLOR.jpg","batgrin","True","True","1319.997"
"20","Bat Grin Version 2","bat-grin-version-2.html","Bat Grin version 2 front COLOR.jpg","batgrinversion2","True","True","1319.9968"
"21","Batman Grin","batman-grin.html","Batman Grin COLOR.jpg","batmangrin","True","True","1319.9966"
"22","Batman Grin and Robin 2","batman-grin-and-robin-2.html","Batman Grin and Robin 2 ORIGINAL.jpg","batmangrinandrobin2","True","True","1219.9964"
"23","Batman Grin Icon","batman-grin-icon.html","Batman Grin Icon COLOR.jpg","batmangrinicon","True","True","1319.9963"
"24","Batman Grin Torso","batman-grin-torso.html","Batman Grin three quarters COLOR 1.png","batmangrintorso","True","True","1319.9961"
"25","Battle Cat Grin","battle-cat-grin.html","Battle Cat Grin Crouching COLOR.jpg","battlecatgrin","True","True","1419.996"
"26","Battle Skull Grin","battle-skull-grin.html","Battle Skull Grin COLOR 1.jpg","battleskullgrin","True","True","1319.9958"
"27","Bear Grin Forked Tongue","bear-grin-forked-tongue.html","Bear Grin Forked Tongue COLOR 2.jpg","beargrinforkedtongue","True","True","1319.9956"
"28","Bearbrick Skull","bearbrick-skull.html","Bearbrick Skull COLOR.jpg","bearbrickskull","True","True","1319.9954"
"29","Beast Man Grin","beast-man-grin.html","Beast Man Grin COLOR.jpg","beastmangrin","True","True","1319.9952"
"30","Bert Grin","bert-grin.html","Bert Grin COLOR.jpg","bertgrin","True","True","1319.995"
"31","Big Boy Grin","big-boy-grin.html","Big Boy Grin COLOR.jpg","bigboygrin","True","True","1319.9948"
"32","Biggie Grin","biggie-grin.html","Biggie Grin ORIGINAL COLOR.png","biggiegrin","True","True","1289.9946"
"33","Blanka Grin","blanka-grin.html","Blanka Grin ORIGINAL.jpg","blankagrin","True","True","1219.9945"
"34","Blotchy Grin","blotchy-grin.html","Blotchy Grin B&W.jpg","blotchygrin","True","True","1249.9944"
"35","Blue's Clues Grin","blue-from-blue-s-clues-grin.html","Blue From Blue’s Clues Grin COLOR.jpg","bluescluesgrin","True","True","1319.9942"
"36","Boba Fett Grin","boba-fett-grin.html","Boba Fett Grin front COLOR.jpg","bobafettgrin","True","True","1319.9941"
"37","Boo Boo Bear Grin","boo-boo-bear-grin.html","Boo Boo Bear Grin COLOR.jpg","booboobeargrin","True","True","1319.994"
"38","Bored Ape Cowboy Grin","bored-ape-cowboy-grin.html","Bored Ape Cowboy Grin COLOR.jpg","boredapecowboygrin","True","True","1319.9939"
"39","Bored Ape Grin","bored-ape-grin.html","Bored Ape Cowboy Grin COLOR 2.jpg","boredapegrin","True","True","1319.9938"
"40","Bugs Grin","bugs-grin.html","Bugs Grin COLOR.jpg","bugsgrin","True","True","1319.9937"
"41","Bulldog Grin","bulldog-grin.html","Bulldog Grin COLOR.jpg","bulldoggrin","True","True","1319.9936"
"42","Businessman Grin","businessman-grin.html","Businessman Grin COLOR.jpg","businessmangrin","True","True","1319.9935"
"43","Butterfly Wings Grin","butterfly-wings-grin.html","Butterfly Wings Grin 2.png","butterflywingsgrin","True","True","1249.9934"
"44","C3PO Grin","c3po-grin.html","C3PO Grin COLOR.jpg","c3pogrin","True","True","1319.9933"
"45","Cafeteria Lady Grin","cafeteria-lady-grin.html","Cafeteria Lady Grin COLOR.jpg","cafeterialadygrin","True","True","1319.9932"
"46","Cap'n Cornstarch Grin","cap-n-cornstarch-grin.html","Cap’n Cornstarch Grin COLOR.jpg","capncornstarchgrin","True","True","1319.9931"
"47","Carmelo Grin","carmelo-grin.html","Carmelo Grin COLOR.jpg","carmelogrin","True","True","1319.993"
"48","Carousel Grinnie","carousel-grinnie.html","Carousel Grinnie front COLOR.jpg","carouselgrinnie","True","True","1319.9929"
"49","Cartman Grin","cartman-grin.html","Cartman Grin ORIGINAL COLOR 2.jpg","cartmangrin","True","True","1289.9928"
"50","Cat Grin","cat-grin.html","Cat Grin 2 COLOR.jpg","catgrin","True","True","1419.9927"
"51","Cat in Hat Grin","cat-in-hat-grin.html","Cat in Hat Grin COLOR.jpg","catinhatgrin","True","True","1319.9926"
"52","Catbrain Grin","catbrain-grin.html","Catbrain Grin ORIGINAL.jpg","catbraingrin","True","True","1219.9925"
"53","Charlie Brown Grin","charlie-brown-grin.html","Charlie Grin Flying COLOR.jpg","charliebrowngrin","True","True","1419.9924"
"54","Charlie Grin X Ray","charlie-grin-x-ray.html","Charlie Grin X Ray COLOR.jpg","charliegrinxray","True","True","1319.9923"
"55","Cheshire Cat Grin","cheshire-cat-grin.html","Cheshire Cat Grin COLOR.jpg","cheshirecatgrin","True","True","1319.9922"
"56","Chico Roco","chico-roco-grin.html","Chico Roco front Variation B&W.jpg","chicoroco","True","True","1349.9921"
"57","Chuckie Grin","chuckie-grin.html","Chuckie Grin ORIGINAL COLOR.jpg","chuckiegrin","True","True","1289.992"
"58","Count Calorie","count-calorie-grin.html","Count Calorie Grin COLOR.jpg","countcalorie","True","True","1319.9919"
"59","Courage Grin","courage-dog-grin.html","Courage Dog Grin COLOR.jpg","couragegrin","True","True","1319.9918"
"60","COVID Grin","covid-grin.html","COVID Grin ORIGINAL.jpg","covidgrin","True","True","1219.9917"
"61","Cow Grin","cow-grin.html","Cow Grin ORIGINAL.jpg","cowgrin","True","True","1219.9916"
"62","Creepy Creature","creepy-creature.html","Creepy Creature ORIGINAL.jpg","creepycreature","True","True","1219.9915"
"63","Croc Grin","croc-grin.html","Croc Grin ORIGINAL.jpg","crocgrin","True","True","1219.9914"
"64","Crossbones Crest Brooklyn Nets Grin 1","crossbones-crest-brooklyn-nets-grin-1.html","Crossbones Crest Brooklyn Nets Grin 1.jpg","crossbonescrestbrooklynnetsgrin1","True","True","1249.9913"
"65","Crossbones Crest Brooklyn Nets Grin 2","crossbones-crest-brooklyn-nets-grin-2.html","Crossbones Crest Brooklyn Nets Grin 2.jpg","crossbonescrestbrooklynnetsgrin2","True","True","1249.9912"
"66","Cryptopunk Grin","cryptopunk-grin.html","Cryptopunk Grin COLOR.png","cryptopunkgrin","True","True","1319.9911"
"67","Darth Grin","darth-grin.html","Darth Grin ORIGINAL.jpg","darthgrin","True","True","1219.991"
"68","Darth Vader Grin","darth-vader-grin.html","Darth Vader Grin COLOR.png","darthvadergrin","True","True","1319.9909"
"69","David Grin","david-grin.html","David Grin COLOR.jpg","davidgrin","True","True","1319.9908"
"70","DEADMAU5 Grin","deadmau5-grin.html","DEADMAU5 Grin COLOR 2.jpg","deadmau5grin","True","True","1319.9907"
"71","DEADMAU5 Grin Running","deadmau5-grin-running.html","DEADMAU5 Grin Running ORIGINAL.jpg","deadmau5grinrunning","True","True","1219.9906"
"72","DEADMAU5 Grin Running COLORS","deadmau5-grin-running-colors.html","DEADMAU5 Grin Running COLORS.jpg","deadmau5grinrunningcolors","True","True","1319.9905"
"73","DEADMAUGrin back COLORS","deadmaugrin-back-colors.html","DEADMAUGrin back COLORS.jpg","deadmaugrinbackcolors","True","True","1319.9904"
"74","DEADMAUGrin COLORS","deadmaugrin-colors.html","DEADMAUGrin  COLORS.jpg","deadmaugrincolors","True","True","1319.9903"
"75","DEADMAUGrin side COLORS","deadmaugrin-side-colors.html","DEADMAUGrin side COLORS.jpg","deadmaugrinsidecolors","True","True","1319.9902"
"76","Dementon Grin","dementon-grin.html","Dementon Grin COLOR.jpg","dementongrin","True","True","1319.9901"
"77","Deputy Dog Grin","deputy-dog-grin.html","Deputy Dog Grin COLOR.jpg","deputydoggrin","True","True","1319.99"
"78","Devil Grin","devil-grin.html","Devil Grin COLOR.jpg","devilgrin","True","True","1319.9899"
"79","Devine Devil","devine-devil.html","Devine Devil COLOR.jpg","devinedevil","True","True","1319.9898"
"80","Dino Heart Grin","dino-heart-grin.html","Dino Heart Grin COLOR.png","dinoheartgrin","True","True","1319.9897"
"81","DJ Grin","dj-grin.html","DJ Grin COLOR.jpg","djgrin","True","True","1319.9896"
"82","Dog Grin","dog-grin.html","Dog Grin COLOR.jpg","doggrin","True","True","1319.9895"
"83","Dog Head Grin","dog-head-grin.html","Dog Head Grin COLOR.jpg","dogheadgrin","True","True","1319.9894"
"84","Dr Bub Quack Animation 1","dr-bub-quack-animation-1.html","Dr Bub Quack Animation 1.jpg","drbubquackanimation1","True","True","1249.9893"
"85","Dr Bub Quack Animation 2","dr-bub-quack-animation-2.html","Dr Bub Quack Animation 2.jpg","drbubquackanimation2","True","True","1249.9892"
"86","Dr Bub Quack Grin","dr-bub-quack-grin.html","Dr Bub Quack Grin COLOR.jpg","drbubquackgrin","True","True","1319.9891"
"87","Drink the Koolaid 1","drink-the-koolaid-1.html","Drink the Koolaid 1.png","drinkthekoolaid1","True","True","1249.989"
"88","Drink the Koolaid 2","drink-the-koolaid-2.html","Drink the Koolaid 2.png","drinkthekoolaid2","True","True","1249.9889"
"89","Dripping Grin","dripping-grin.html","Dripping Grin head ORIGINAL COLOR 1.jpg","drippinggrin","True","True","1289.9888"
"90","Droopy Dog Grin","droopy-dog-grin.html","Droopy Dog Grin ORIGINAL.jpg","droopydoggrin","True","True","1219.9887"
"91","Dunny Grin","dunny-grin.html","Dunny Grin front ORIGINAL.jpg","dunnygrin","True","True","1219.9886"
"92","Elefanka Grin","elefanka-grin.html","Elefanka Grin Side View COLOR.png","elefankagrin","True","True","1319.9885"
"93","Elefanka Grin Side View","elefanka-grin-side-view.html","Elefanka Grin Side View ORIGINAL.jpg","elefankagrinsideview","True","True","1219.9884"
"94","Elefanka With Angel Wings Grin","elefanka-with-angel-wings-grin.html","Elefanka With Angel Wings Grin COLOR.jpg","elefankawithangelwingsgrin","True","True","1319.9883"
"95","Elephant Grin","elephant-grin.html","Elephant Grin ORIGINAL 2.jpg","elephantgrin","True","True","1219.9882"
"96","Elmo Grin","elmo-grin.html","Elmo Grin ORIGINAL.jpg","elmogrin","True","True","1219.9881"
"97","Eminem Grin","eminem-grin.html","Eminem Grin ORIGINAL.jpg","eminemgrin","True","True","1219.988"
"98","Ernie Grin","ernie-grin.html","Ernie Grin ORIGINAL.jpg","erniegrin","True","True","1219.9879"
"99","EZ Nuts Grin","ez-nuts-grin.html","EZ Nuts Grin ORIGINAL.jpg","eznutsgrin","True","True","1219.9878"
"100","EZ Nuts Grin 1","ez-nuts-grin-1.html","EZ Nuts Grin 1 COLOR.jpg","eznutsgrin1","True","True","1319.9877"
"101","EZ Nuts Grin 2","ez-nuts-grin-2.html","EZ Nuts Grin 2 COLOR.jpg","eznutsgrin2","True","True","1319.9876"
"102","EZ Nuts Grin 3","ez-nuts-grin-3.html","EZ Nuts Grin 3 COLOR.jpg","eznutsgrin3","True","True","1319.9875"
"103","Fat Stormtrooper Grin","fat-stormtrooper-grin.html","Fat Stormtrooper Grin back ORIGINAL.jpg","fatstormtroopergrin","True","True","1219.9874"
"104","Faze Banks Grin","faze-banks-grin.html","Faze Banks Grin COLOR.jpg","fazebanksgrin","True","True","1319.9873"
"105","Felix Grin","felix-grin.html","Felix Grin Front ORIGINAL.jpg","felixgrin","True","True","1219.9872"
"106","Finn Grin","finn-grin.html","Finn Grin COLOR.jpg","finngrin","True","True","1319.9871"
"107","Firecracker Skeleton Grin","firecracker-skeleton-grin.html","Firecracker Skeleton Grin ORIGINAL.jpg","firecrackerskeletongrin","True","True","1219.987"
"108","Flaming O Grin","flaming-o-grin.html","Flaming O Grin ORIGINAL.jpg","flamingogrin","True","True","1219.9869"
"109","Floating Grinnie","floating-grinnie.html","Floating Grinnie ORIGINAL.jpg","floatinggrinnie","True","True","1219.9868"
"110","Flower Brain Grin","flower-brain-grin.html","Flower Brain Grin COLOR.png","flowerbraingrin","True","True","1319.9867"
"111","Flower Grin","flower-grin.html","Flower Grin ORIGINAL COLOR.jpg","flowergrin","True","True","1289.9866"
"112","Flower Grin ORIGINAL COLOR (2)","flower-grin-original-color-2.html","Flower Grin ORIGINAL COLOR (2).jpg","flowergrinoriginalcolor2","True","True","1289.9865"
"113","Flower Grin ORIGINAL COLOR (3)","flower-grin-original-color-3.html","Flower Grin ORIGINAL COLOR (3).jpg","flowergrinoriginalcolor3","True","True","1289.9864"
"114","Flower Grin version 2","flower-grin-version-2.html","Flower Grin version 2 ORIGINAL.jpg","flowergrinversion2","True","True","1219.9863"
"115","Flying Grinnie","flying-grinnie.html","Flying Grinnie ORIGINAL.png","flyinggrinnie","True","True","1219.9862"
"116","Foot in Mouth","foot-in-mouth.html","Foot in Mouth ORIGINAL COLOR.jpg","footinmouth","True","True","1289.9861"
"117","Football Grin","football-grin.html","Football Grin ORIGINAL.jpg","footballgrin","True","True","1219.986"
"118","Football Player Grin","football-player-grin.html","Football Player Grin ORIGINAL.jpg","footballplayergrin","True","True","1219.9859"
"119","Franken Fat Grin","franken-fat-grin.html","Franken Fat Grin ORIGINAL.jpg","frankenfatgrin","True","True","1219.9858"
"120","Franken Grin","franken-grin.html","Franken Grin COLOR.png","frankengrin","True","True","1319.9857"
"121","Freak Bro Afro Stache","freak-bro-afro-stache.html","Freak Bro Afro Stache ORIGINAL.jpg","freakbroafrostache","True","True","1219.9856"
"122","Freak Bro Grin","freak-bro-grin.html","Freak Bro Grin ORIGINAL.jpg","freakbrogrin","True","True","1219.9855"
"123","Freak Cat","freak-cat.html","Freak Cat ORIGINAL.jpg","freakcat","True","True","1219.9854"
"124","Freddy Funko Grin","freddy-funko-grin.html","Freddy Funko Grin COLOR.jpg","freddyfunkogrin","True","True","1319.9853"
"125","Freddy Funko Grin 2","freddy-funko-grin-2.html","Freddy Funko Grin 2 COLOR.jpg","freddyfunkogrin2","True","True","1319.9852"
"126","Garfield Grin","garfield-grin.html","Garfield Grin ORIGINAL.jpg","garfieldgrin","True","True","1219.9851"
"127","George Jetson Grin","george-jetson-grin.html","George Jetson Grin ORIGINAL.jpg","georgejetsongrin","True","True","1219.985"
"128","Ghostbuster Grin","ghostbuster-grin.html","Ghostbuster Grin ORIGINAL.jpg","ghostbustergrin","True","True","1219.9849"
"129","Globe Grin","globe-grin.html","Globe Grin ORIGINAL COLOR.jpg","globegrin","True","True","1289.9848"
"130","Godzilla Heart Grin","godzilla-heart-grin.html","Godzilla Heart Grin ORIGINAL.jpg","godzillaheartgrin","True","True","1219.9847"
"131","Gorilla grin","gorilla-grin.html","Gorilla Grin ORIGINAL COLOR 1.jpg","gorillagrin","True","True","1289.9846"
"132","Gorilla Grin 2","gorilla-grin-2.html","Gorilla Grin 2 back ORIGINAL.jpg","gorillagrin2","True","True","1219.9845"
"133","Grim Grin","grim-grin.html","Grim Grin ORIGINAL COLOR.jpg","grimgrin","True","True","1289.9844"
"134","Grim Grin (Grin Reaper)","grim-grin-grin-reaper.html","Grim Grin (Grin Reaper) ORIGINAL.jpg","grimgringrinreaper","True","True","1219.9843"
"135","Grim Reaper Grin","grim-reaper-grin.html","Grim Reaper Grin ORIGINAL 2.jpg","grimreapergrin","True","True","1219.9842"
"136","Grim Reefer","grim-reefer.html","Grim Reefer ORIGINAL COLOR.jpg","grimreefer","True","True","1289.9841"
"137","Grin","grin.html","Grin B&W.jpg","grin","True","True","1249.984"
"138","Grin animation","grin-animation.html","Grin animation front ORIGINAL.jpg","grinanimation","True","True","1219.9839"
"139","Grin Animation front B&W (1)","grin-animation-front-b-and-w-1.html","Grin Animation front B&W (1).jpg","grinanimationfrontbandw1","True","True","1249.9838"
"140","Grin Animation side B&W (1)","grin-animation-side-b-and-w-1.html","Grin Animation side B&W (1).jpg","grinanimationsidebandw1","True","True","1249.9837"
"141","Grin Baby","grin-baby.html","Grin Baby ORIGINAL.jpg","grinbaby","True","True","1219.9836"
"142","Grin Brain Cone","grin-brain-cone.html","Grin Brain Cone ORIGINAL.jpg","grinbraincone","True","True","1219.9835"
"143","Grin Bunny Ears","grin-bunny-ears.html","Grin Bunny Ears B&W.jpg","grinbunnyears","True","True","1249.9834"
"144","Grin Bunny Three Ears","grin-bunny-three-ears.html","Grin Bunny Three Ears ORIGINAL.jpg","grinbunnythreeears","True","True","1219.9833"
"145","Grin Bunny Two Ears","grin-bunny-two-ears.html","Grin Bunny Two Ears ORIGINAL.jpg","grinbunnytwoears","True","True","1219.9832"
"146","Grin Car","grin-car.html","Grin Car front ORIGINAL.jpg","grincar","True","True","1219.9831"
"147","Grin Flower","grin-flower.html","Grin Flower ORIGINAL.jpg","grinflower","True","True","1219.983"
"148","Grin God","grin-god.html","Grin God back ORIGINAL.jpg","gringod","True","True","1219.9829"
"149","Grin Kitty","grin-kitty.html","Grin Kitty ORIGINAL.jpg","grinkitty","True","True","1219.9828"
"150","Grin Mouth","grin-mouth.html","Grin Mouth ORIGINAL.jpg","grinmouth","True","True","1219.9827"
"151","Grin Planet","grin-planet.html","Grin Planet B&W.png","grinplanet","True","True","1249.9826"
"152","Grin Reaper version 2","grin-reaper-version-2.html","Grin Reaper version 2 B&W.jpg","grinreaperversion2","True","True","1249.9825"
"153","Grin Reaper With Facemask","grin-reaper-with-facemask.html","Grin Reaper With Facemask ORIGINAL COLOR 1.jpg","grinreaperwithfacemask","True","True","1289.9824"
"154","Grin Smoker","grin-smoker.html","Grin Smoker copy.jpg","grinsmoker","True","True","1249.9823"
"155","Grin Smoker B&W shaded","grin-smoker-b-and-w-shaded.html","Grin Smoker B&W shaded.jpg","grinsmokerbandwshaded","True","True","1249.9822"
"156","Grin Smoker Portrait","grin-smoker-portrait.html","Grin Smoker Portrait ORIGINAL.jpg","grinsmokerportrait","True","True","1219.9821"
"157","Grinch Grin","grinch-grin.html","Grinch Grin ORIGINAL.jpg","grinchgrin","True","True","1219.982"
"158","grinne side view","grinne-side-view.html","grinne side view color.jpg","grinnesideview","True","True","1319.9819"
"159","grinnie","grinnie.html","grinnie back color.jpg","grinnie","True","True","1319.9818"
"160","Grinnie and Friends Totem Pole","grinnie-and-friends-totem-pole.html","Grinnie and Friends Totem Pole ORIGINAL.jpg","grinnieandfriendstotempole","True","True","1219.9817"
"161","Grinnie Delusionville Pilot","grinnie-delusionville-pilot.html","Grinnie Delusionville Pilot side COLOR.jpg","grinniedelusionvillepilot","True","True","1319.9816"
"162","Grinnie Delusionville Pilot in plane","grinnie-delusionville-pilot-in-plane.html","Grinnie Delusionville Pilot in plane front B&W.jpg","grinniedelusionvillepilotinplane","True","True","1249.9815"
"163","Grinnie Family Icon","grinnie-family-icon.html","Grinnie Family Icon COLOR.jpg","grinniefamilyicon","True","True","1319.9814"
"164","grinnie front view","grinnie-front-view.html","grinnie front view color.jpg","grinniefrontview","True","True","1319.9813"
"165","Grinnie on Horseback","grinnie-on-horseback.html","Grinnie on Horseback ORIGINAL 2.jpg","grinnieonhorseback","True","True","1219.9812"
"166","Grinnie Side view","grinnie-side-view.html","Grinnie Side view COLOR.png","grinniesideview","True","True","1319.9811"
"167","Grinnie Sideview Eyeball","grinnie-sideview-eyeball.html","Grinnie Sideview Eyeball COLOR.jpg","grinniesidevieweyeball","True","True","1319.981"
"168","Grinnies Grin","grinnies-grin.html","Grinnies Grin ORIGINAL 2.jpg","grinniesgrin","True","True","1219.9809"
"169","grinnies grin face animation","grinnies-grin-face-animation.html","grinnies grin face animation.jpg","grinniesgrinfaceanimation","True","True","1249.9808"
"170","Grinnies on TV","grinnies-on-tv.html","Grinnies on TV ORIGINAL.jpg","grinniesontv","True","True","1219.9807"
"171","Grinnies Twins","grinnies-twins.html","Grinnies Twins ORIGINAL.jpg","grinniestwins","True","True","1219.9806"
"172","Grinplanet Nobody","grinplanet-nobody.html","Grinplanet Nobody COLOR.jpg","grinplanetnobody","True","True","1319.9805"
"173","Grogu Grin","grogu-grin.html","Grogu Grin COLOR.jpg","grogugrin","True","True","1319.9804"
"174","Grouch Grin","grouch-grin.html","Grouch Grin ORIGINAL.jpg","grouchgrin","True","True","1219.9803"
"175","Gummy Bear Grin","gummy-bear-grin.html","Gummy Bear Grin ORIGINAL.jpg","gummybeargrin","True","True","1219.9802"
"176","Hawaiian Punch Grin","hawaiian-punch-grin.html","Hawaiian Punch Grin ORIGINAL.jpg","hawaiianpunchgrin","True","True","1219.9801"
"177","Hello Kitty","hello-kitty.html","Hello Kitty ORIGINAL COLOR.jpg","hellokitty","True","True","1289.98"
"178","Hello Kitty Grin","hello-kitty-grin.html","Hello Kitty Grin right side ORIGINAL.jpg","hellokittygrin","True","True","1219.9799"
"179","Homer Grin","homer-grin.html","Homer Grin headshot COLOR.jpg","homergrin","True","True","1319.9798"
"180","Homer Grin 3","homer-grin-3.html","Homer Grin 3 front COLOR.jpg","homergrin3","True","True","1319.9797"
"181","Homer Grin Flying","homer-grin-flying.html","Homer Grin Flying ORIGINAL.jpg","homergrinflying","True","True","1219.9796"
"182","Homer grin version 2","homer-grin-version-2.html","Homer Grin version 2 front COLOR.jpg","homergrinversion2","True","True","1319.9795"
"183","Honey Butts Grin","honey-butts-grin.html","Honey Butts Grin B&W.jpg","honeybuttsgrin","True","True","1249.9794"
"184","Hound Grin","hound-grin.html","Hound Grin  COLOR.jpg","houndgrin","True","True","1319.9793"
"185","HR Puffenstuff Grin","hr-puffenstuff-grin.html","HR Puffenstuff Grin COLOR.jpg","hrpuffenstuffgrin","True","True","1319.9792"
"186","Jake Grin","jake-grin.html","Jake Grin ORIGINAL COLOR.jpg","jakegrin","True","True","1289.9791"
"187","Jake the Dog Grin","jake-the-dog-grin.html","Jake the Dog Grin ORIGINAL.jpg","jakethedoggrin","True","True","1219.979"
"188","Jane Jetson Grin","jane-jetson-grin.html","Jane Jetson Grin ORIGINAL.jpg","janejetsongrin","True","True","1219.9789"
"189","Jeremiah Grin 1","jeremiah-grin-1.html","Jeremiah Grin 1 ORIGINAL.jpg","jeremiahgrin1","True","True","1219.9788"
"190","Jeremiah Grin 2","jeremiah-grin-2.html","Jeremiah Grin 2 ORIGINAL.jpg","jeremiahgrin2","True","True","1219.9787"
"191","Jeremiah Grin 3","jeremiah-grin-3.html","Jeremiah Grin 3 ORIGINAL.jpg","jeremiahgrin3","True","True","1219.9786"
"192","Jeremiah Grin 4","jeremiah-grin-4.html","Jeremiah Grin 4 ORIGINAL.jpg","jeremiahgrin4","True","True","1219.9785"
"193","Jimi Hendrix Grin","jimi-hendrix-grin.html","Jimi Hendrix Grin ORIGINAL COLOR 3.jpg","jimihendrixgrin","True","True","1289.9784"
"194","Joker Grin","joker-grin.html","Joker Grin B&W.jpg","jokergrin","True","True","1249.9783"
"195","Kanegon Grin","kanegon-grin.html","Kanegon Grin COLOR.jpg","kanegongrin","True","True","1319.9782"
"196","Kevin Durant 1","kevin-durant-1.html","Kevin Durant 1 ORIGINAL.jpg","kevindurant1","True","True","1219.9781"
"197","Kevin Durant Grim","kevin-durant-grim.html","Kevin Durant Grim ORIGINAL.jpg","kevindurantgrim","True","True","1219.978"
"198","Kevin Durant Grin","kevin-durant-grin.html","Kevin Durant Grin With Ball ORIGINAL.jpg","kevindurantgrin","True","True","1219.9779"
"199","Kevin Durant Grin With Ball ORIGINAL.1","kevin-durant-grin-with-ball-original-1.html","Kevin Durant Grin With Ball ORIGINAL.1.jpg","kevindurantgrinwithballoriginal1","True","True","1219.9778"
"200","Kiss Gene Grin","kiss-gene-grin.html","Kiss Gene Grin ORIGINAL.jpg","kissgenegrin","True","True","1219.9777"
"201","Krusty the Clown Grin","krusty-the-clown-grin.html","Krusty the Clown Grin front B&W.jpg","krustytheclowngrin","True","True","1249.9776"
"202","Kursed Grin","kursed-grin.html","Kursed Grin Side View COLOR.jpg","kursedgrin","True","True","1319.9775"
"203","Lagoon Creature Grin","lagoon-creature-grin.html","Lagoon Creature Grin COLOR.jpg","lagooncreaturegrin","True","True","1319.9774"
"204","Lemon Boy grin","lemon-boy-grin.html","Lemon Boy grin COLOR.jpg","lemonboygrin","True","True","1319.9773"
"205","Lemon Boy Grin Walking","lemon-boy-grin-walking.html","Lemon Boy Grin Walking COLOR.jpg","lemonboygrinwalking","True","True","1319.9772"
"206","Leopard Grin 1","leopard-grin-1.html","Leopard Grin 1 COLOR.png","leopardgrin1","True","True","1319.9771"
"207","Leopard Grin 2","leopard-grin-2.html","Leopard Grin 2 COLOR.png","leopardgrin2","True","True","1319.977"
"208","Leopard Grin 3","leopard-grin-3.html","Leopard Grin 3 COLOR.png","leopardgrin3","True","True","1319.9769"
"209","Liberty Grin","liberty-grin.html","Liberty Grin B&W.jpg","libertygrin","True","True","1249.9768"
"210","Lion Face Grin","lion-face-grin.html","Lion Face Grin COLOR 2.jpg","lionfacegrin","True","True","1319.9767"
"211","Lisa grin","lisa-grin.html","Lisa Grin front COLOR.jpg","lisagrin","True","True","1319.9766"
"212","Lucky Cat Grin","lucky-cat-grin.html","Lucky Cat Grin COLOR.jpg","luckycatgrin","True","True","1319.9765"
"213","M.U.S.C.L.E. He-Man Grinnie","m-u-s-c-l-e-he-man-grinnie.html","M.U.S.C.L.E. He-Man Grinnie front B&W.jpg","musclehemangrinnie","True","True","1249.9764"
"214","Mad Magazine Alfred Grin","mad-magazine-alfred-grin.html","Mad Magazine Alfred Grin ORIGINAL.jpg","madmagazinealfredgrin","True","True","1219.9763"
"215","Mad Magazine Alfred Grin ORIGINAL.1","mad-magazine-alfred-grin-original-1.html","Mad Magazine Alfred Grin ORIGINAL.1.jpg","madmagazinealfredgrinoriginal1","True","True","1219.9762"
"216","Mad Mickey Grin","mad-mickey-grin.html","Mad Mickey Grin ORIGINAL COLOR.jpg","madmickeygrin","True","True","1289.9761"
"217","Mad Mickey Grin drawing","mad-mickey-grin-drawing.html","Mad Mickey Grin drawing ORIGINAL.jpg","madmickeygrindrawing","True","True","1219.976"
"218","Maggie Grin","maggie-grin.html","Maggie Grin front COLOR.jpg","maggiegrin","True","True","1319.9759"
"219","Man Shark","man-shark.html","Man Shark COLORED.jpg","manshark","True","True","1319.9758"
"220","Manny Pacquaio Grin","manny-pacquaio-grin.html","Manny Pacquaio Grin ORIGINAL COLOR 3.jpg","mannypacquaiogrin","True","True","1289.9757"
"221","Marge Grin","marge-grin.html","Marge Grin front B&W.jpg","margegrin","True","True","1249.9756"
"222","Mario Grin","mario-grin.html","Mario Grin front ORIGINAL.jpg","mariogrin","True","True","1219.9755"
"223","Max Grin","max-grin.html","Max Grin COLOR.jpg","maxgrin","True","True","1319.9754"
"224","MC Grin","mc-grin.html","MC Grin card.jpg","mcgrin","True","True","1249.9753"
"225","MC Grin 2","mc-grin-2.html","MC Grin 2 card.png","mcgrin2","True","True","1249.9752"
"226","MC Supersize Grin Flying","mc-supersize-grin-flying.html","MC Supersize Grin Flying ORIGINAL.jpg","mcsupersizegrinflying","True","True","1219.9751"
"227","MC Supersized Grin","mc-supersized-grin.html","MC Supersized Grin ORIGINAL.jpg","mcsupersizedgrin","True","True","1219.975"
"228","MC Supersized Grin 2","mc-supersized-grin-2.html","MC Supersized Grin 2 COLOR.jpg","mcsupersizedgrin2","True","True","1319.9749"
"229","Melting Grinnie","melting-grinnie.html","Melting Grinnie side view 3 COLOR.png","meltinggrinnie","True","True","1319.9748"
"230","Melting Monster Grin","melting-monster-grin.html","Melting Monster Grin ORIGINAL.jpg","meltingmonstergrin","True","True","1219.9747"
"231","Mentadusa","mentadusa.html","Mentadusa B&W.jpg","mentadusa","True","True","1249.9746"
"232","Mickey Eyes Grin 1","mickey-eyes-grin-1.html","Mickey Eyes Grin 1 COLOR.png","mickeyeyesgrin1","True","True","1319.9745"
"233","Mickey Eyes Grin 2","mickey-eyes-grin-2.html","Mickey Eyes Grin 2 COLOR.png","mickeyeyesgrin2","True","True","1319.9744"
"234","Mickey Grin","mickey-grin.html","Mickey Grin head COLOR.jpg","mickeygrin","True","True","1319.9743"
"235","Mickey Mouse Grin","mickey-mouse-grin.html","Mickey Mouse Grin left side ORIGINAL.jpg","mickeymousegrin","True","True","1219.9742"
"236","Mickey Mouse Grin 2","mickey-mouse-grin-2.html","Mickey Mouse Grin 2 ORIGINAL.jpg","mickeymousegrin2","True","True","1219.9741"
"237","Mickey Mouse Grin Flying","mickey-mouse-grin-flying.html","Mickey Mouse Grin Flying ORIGINAL.jpg","mickeymousegrinflying","True","True","1219.974"
"238","Mishka Eyeball Grin","mishka-eyeball-grin.html","Mishka Eyeball Grin COLOR.jpg","mishkaeyeballgrin","True","True","1319.9739"
"239","Modzilla Grin","modzilla-grin.html","Modzilla Grin Side ORIGINAL.jpg","modzillagrin","True","True","1219.9738"
"240","Mogul Grin","mogul-grin.html","Mogul Grin COLOR.jpg","mogulgrin","True","True","1319.9737"
"241","Mogul Grin Standing","mogul-grin-standing.html","Mogul Grin Standing COLOR.jpg","mogulgrinstanding","True","True","1319.9736"
"242","Monkey Grin Mouth","monkey-grin-mouth.html","Monkey Grin Mouth COLOR.png","monkeygrinmouth","True","True","1319.9735"
"243","Monkey Shiner Angel Grin","monkey-shiner-angel-grin.html","Monkey Shiner Angel Grin COLOR.jpg","monkeyshinerangelgrin","True","True","1319.9734"
"244","Monkey Shiner Angel Grin ORINGINAL","monkey-shiner-angel-grin-oringinal.html","Monkey Shiner Angel Grin ORINGINAL.jpg","monkeyshinerangelgrinoringinal","True","True","1249.9733"
"245","Monkey Shriner Grin","monkey-shriner-grin.html","Monkey Shriner Grin ORIGINAL.jpg","monkeyshrinergrin","True","True","1219.9732"
"246","Monkey Shriner Grin ORIGINAL.1","monkey-shriner-grin-original-1.html","Monkey Shriner Grin ORIGINAL.1.jpg","monkeyshrinergrinoriginal1","True","True","1219.9731"
"247","Mounted Gorilla Grin","mounted-gorilla-grin.html","Mounted Gorilla Grin ORIGINAL.jpg","mountedgorillagrin","True","True","1219.973"
"248","Mouth Grin","mouth-grin.html","Mouth Grin COLOR.jpg","mouthgrin","True","True","1319.9729"
"249","Mr Met Grin","mr-met-grin.html","Mr Met Grin ORIGINAL COLOR.jpg","mrmetgrin","True","True","1289.9728"
"250","Mr Potato Grin","mr-potato-grin.html","Mr Potato Grin COLOR.jpg","mrpotatogrin","True","True","1319.9727"
"251","Mummy Grin","mummy-grin.html","Mummy Grin COLOR.jpg","mummygrin","True","True","1319.9726"
"252","Mummy Grin 1","mummy-grin-1.html","Mummy Grin 1 COLOR.png","mummygrin1","True","True","1319.9725"
"253","Mummy Grin 2","mummy-grin-2.html","Mummy Grin 2 COLOR.jpg","mummygrin2","True","True","1319.9724"
"254","Mush Man grin","mush-man-grin.html","Mush Man grin ORIGINAL COLOR.jpg","mushmangrin","True","True","1289.9723"
"255","Mush Man grin ORIGINAL (2)","mush-man-grin-original-2.html","Mush Man grin ORIGINAL (2).jpg","mushmangrinoriginal2","True","True","1219.9722"
"256","Mutley Grin","mutley-grin.html","Mutley Grin ORIGINAL.jpg","mutleygrin","True","True","1219.9721"
"257","Negative Positive Grin","negative-positive-grin.html","Negative Positive Grin ORIGINAL COLOR.jpg","negativepositivegrin","True","True","1289.972"
"258","Ninja Turtle Grin","ninja-turtle-grin.html","Ninja Turtle Grin COLOR.jpg","ninjaturtlegrin","True","True","1319.9719"
"259","Olive Oil Grin","olive-oil-grin.html","Olive Oil Grin ORIGINAL.jpg","oliveoilgrin","True","True","1219.9718"
"260","Orion Grin","orion-grin.html","Orion Grin side ORIGINAL.jpeg","oriongrin","True","True","1219.9717"
"261","Panda Bear Grin","panda-bear-grin.html","Panda Bear Grin COLOR.jpg","pandabeargrin","True","True","1319.9716"
"262","Panda Grin","panda-grin.html","Panda Grin ORIGINAL.jpg","pandagrin","True","True","1219.9715"
"263","Patrick Grin","patrick-grin.html","Patrick Grin COLOR.jpg","patrickgrin","True","True","1319.9714"
"264","Patrick Grin in Water","patrick-grin-in-water.html","Patrick Grin in Water COLOR.jpg","patrickgrininwater","True","True","1319.9713"
"265","Peko Girl Grin","peko-girl-grin.html","Peko Girl Grin B&W.jpg","pekogirlgrin","True","True","1249.9712"
"266","Pepz Boy Grin","pepz-boy-grin.html","Pepz Boy Grin ORIGINAL.jpg","pepzboygrin","True","True","1219.9711"
"267","Peter Grin","peter-grin.html","Peter Grin ORIGINAL.jpg","petergrin","True","True","1219.971"
"268","Peter Potamus Grin","peter-potamus-grin.html","Peter Potamus Grin ORIGINAL.jpg","peterpotamusgrin","True","True","1219.9709"
"269","pinnochio grin right side - Trace girl - colored by susan - png","pinnochio-grin-right-side-trace-girl-colored-by-susan-png.html","pinnochio grin right side - Trace girl - colored by susan - png.jpg","pinnochiogrinrightsidetracegirlcoloredbysusanpng","True","True","1319.9708"
"270","pinnochio grin three quarters - Trace girl - colored by susan - png","pinnochio-grin-three-quarters-trace-girl-colored-by-susan-png.html","pinnochio grin three quarters - Trace girl - colored by susan - png.jpg","pinnochiogrinthreequarterstracegirlcoloredbysusanpng","True","True","1319.9707"
"271","Pinocchio Grin","pinocchio-grin.html","Pinocchio Grin front B&W.jpg","pinocchiogrin","True","True","1249.9706"
"272","Pinocchio Grin Left Side portrait","pinocchio-grin-left-side-portrait.html","Pinocchio Grin Left Side portrait ORIGINAL.jpg","pinocchiogrinleftsideportrait","True","True","1219.9705"
"273","Pinocchio Grin Three Quarters","pinocchio-grin-three-quarters.html","Pinocchio Grin Three Quarters B&W.jpg","pinocchiogrinthreequarters","True","True","1249.9704"
"274","Pizza This","pizza-this.html","Pizza This ORIGINAL.jpg","pizzathis","True","True","1219.9703"
"275","Pizza This Grin","pizza-this-grin.html","Pizza This Grin COLOR.jpg","pizzathisgrin","True","True","1319.9702"
"276","Plush Bear Grin","plush-bear-grin.html","Plush Bear Grin front COLOR.jpg","plushbeargrin","True","True","1319.9701"
"277","Plush Bear Grinnies","plush-bear-grinnies.html","Plush Bear Grinnies ORIGINAL COLOR.jpg","plushbeargrinnies","True","True","1289.97"
"278","Plush Grin","plush-grin.html","Plush Grin front ORIGINAL COLOR.jpg","plushgrin","True","True","1289.9699"
"279","Popeye Butthead Grin","popeye-butthead-grin.html","Popeye Butthead Grin ORIGINAL.jpg","popeyebuttheadgrin","True","True","1219.9698"
"280","Powerpuff Girl Bubbles Grin","powerpuff-girl-bubbles-grin.html","Powerpuff Girl Bubbles Grin ORIGINAL.jpg","powerpuffgirlbubblesgrin","True","True","1219.9697"
"281","Pumpkin Grin","pumpkin-grin.html","Pumpkin Grin COLOR.jpg","pumpkingrin","True","True","1319.9696"
"282","Qhrist Grin 1","qhrist-grin-1.html","Qhrist Grin 1 COLOR.jpg","qhristgrin1","True","True","1319.9695"
"283","Qhrist Grin 2","qhrist-grin-2.html","Qhrist Grin 2 B&W.png","qhristgrin2","True","True","1249.9694"
"284","Quick Draw McGraw Grin","quick-draw-mcgraw-grin.html","Quick Draw McGraw Grin ORIGINAL.jpg","quickdrawmcgrawgrin","True","True","1219.9693"
"285","Rabbbit Double Grin Mouth","rabbbit-double-grin-mouth.html","Rabbbit Double Grin Mouth B&W.jpg","rabbbitdoublegrinmouth","True","True","1249.9692"
"286","Rabbbit Grin","rabbbit-grin.html","Rabbbit Grin COLOR.jpg","rabbbitgrin","True","True","1319.9691"
"287","Rabbbit Grin mouth","rabbbit-grin-mouth.html","Rabbbit Grin mouth ORIGINAL.jpg","rabbbitgrinmouth","True","True","1219.969"
"288","Rabbbit Grin version 2","rabbbit-grin-version-2.html","Rabbbit Grin version 2 front COLOR.jpg","rabbbitgrinversion2","True","True","1319.9689"
"289","Rabbbit Grin version 2 three quarters","rabbbit-grin-version-2-three-quarters.html","Rabbbit Grin version 2 three quarters COLOR.jpg","rabbbitgrinversion2threequarters","True","True","1319.9688"
"290","Rabbbit Skull Grin","rabbbit-skull-grin.html","Rabbbit Skull Grin ORIGINAL COLOR.jpg","rabbbitskullgrin","True","True","1289.9687"
"291","Rabbbit with Fangs","rabbbit-with-fangs.html","Rabbbit with Fangs side ORIGINAL.jpg","rabbbitwithfangs","True","True","1219.9686"
"292","Rabbit Grin","rabbit-grin.html","Rabbit Grin ORIGINAL.jpg","rabbitgrin","True","True","1219.9685"
"293","Rabbit Grin 2","rabbit-grin-2.html","Rabbit Grin 2 COLOR.jpg","rabbitgrin2","True","True","1319.9684"
"294","Ramones Grin 1","ramones-grin-1.html","Ramones Grin 1 ORIGINAL.jpg","ramonesgrin1","True","True","1219.9683"
"295","Ramones Grin 2","ramones-grin-2.html","Ramones Grin 2 ORIGINAL.jpg","ramonesgrin2","True","True","1219.9682"
"296","Ramones Grin 3","ramones-grin-3.html","Ramones Grin 3 ORIGINAL.jpg","ramonesgrin3","True","True","1219.9681"
"297","Ramones Grin 4","ramones-grin-4.html","Ramones Grin 4 ORIGINAL.jpg","ramonesgrin4","True","True","1219.968"
"298","Ramones Grin 5","ramones-grin-5.html","Ramones Grin 5 ORIGINAL.jpg","ramonesgrin5","True","True","1219.9679"
"299","Richie Grin","richie-grin.html","Richie Grin ORIGINAL COLOR.jpg","richiegrin","True","True","1289.9678"
"300","Ring Racer","ring-racer.html","Ring Racer ORIGINAL COLOR.jpg","ringracer","True","True","1289.9677"
"301","Ring Racer 1","ring-racer-1.html","Ring Racer 1 ORIGINAL COLOR.png","ringracer1","True","True","1289.9676"
"302","Ring Racer 2","ring-racer-2.html","Ring Racer 2 ORIGINAL COLOR.png","ringracer2","True","True","1289.9675"
"303","Ring Racer 3","ring-racer-3.html","Ring Racer 3 ORIGINAL COLOR.jpg","ringracer3","True","True","1289.9674"
"304","Ring Racer 4","ring-racer-4.html","Ring Racer 4 ORIGINAL COLOR.jpg","ringracer4","True","True","1289.9673"
"305","Ring Racer 5","ring-racer-5.html","Ring Racer 5 ORIGINAL COLOR.png","ringracer5","True","True","1289.9672"
"306","Ring Racer 6","ring-racer-6.html","Ring Racer 6 ORIGINAL COLOR.png","ringracer6","True","True","1289.9671"
"307","Ring Racer 7","ring-racer-7.html","Ring Racer 7 ORIGINAL COLOR.png","ringracer7","True","True","1289.967"
"308","Ring Racer 8","ring-racer-8.html","Ring Racer 8 ORIGINAL COLOR.png","ringracer8","True","True","1289.9669"
"309","Ring Racer 9","ring-racer-9.html","Ring Racer 9 ORIGINAL COLOR.png","ringracer9","True","True","1289.9668"
"310","Robbie Spray Grin","robbie-spray-grin.html","Robbie Spray Grin COLOR.jpg","robbiespraygrin","True","True","1319.9667"
"311","Robby Robot Grin","robby-robot-grin.html","Robby Robot Grin B&W.jpg","robbyrobotgrin","True","True","1249.9666"
"312","Ron Fink Grin","ron-fink-grin.html","Ron Fink Grin COLOR.jpg","ronfinkgrin","True","True","1319.9665"
"313","Ron Fink Grin ORIGINAL (2)","ron-fink-grin-original-2.html","Ron Fink Grin ORIGINAL (2).jpg","ronfinkgrinoriginal2","True","True","1219.9664"
"314","Ron Grin Face Icon","ron-grin-face-icon.html","Ron Grin Face Icon ORIGINAL COLOR.jpg","rongrinfaceicon","True","True","1289.9663"
"315","Rosie Jetson Grin","rosie-jetson-grin.html","Rosie Jetson Grin ORIGINAL.jpg","rosiejetsongrin","True","True","1219.9662"
"316","Rugrat Grin","rugrat-grin.html","Rugrat Grin ORIGINAL.jpg","rugratgrin","True","True","1219.9661"
"317","Santa Cruz Hand Grin","santa-cruz-hand-grin.html","Santa Cruz Hand Grin ORIGINAL.jpg","santacruzhandgrin","True","True","1219.966"
"318","Santa Grin 1","santa-grin-1.html","Santa Grin 1 COLOR.jpg","santagrin1","True","True","1319.9659"
"319","Santa Grin 2","santa-grin-2.html","Santa Grin 2 COLOR.jpg","santagrin2","True","True","1319.9658"
"320","Santa Grin 3","santa-grin-3.html","Santa Grin 3 ORIGINAL.jpg","santagrin3","True","True","1219.9657"
"321","Scooby Doo Grin","scooby-doo-grin.html","Scooby Doo Grin ORIGINAL.jpg","scoobydoogrin","True","True","1219.9656"
"322","Scream Grin","scream-grin.html","Scream Grin COLOR.jpg","screamgrin","True","True","1319.9655"
"323","Sever Fairy Landshark Grin","sever-fairy-landshark-grin.html","Sever Fairy Landshark Grin ORIGINAL COLOR.jpg","severfairylandsharkgrin","True","True","1289.9654"
"324","Sever Fairy Landshark Grin Front (Mickey Fin)","sever-fairy-landshark-grin-front-mickey-fin.html","Sever Fairy Landshark Grin Front (Mickey Fin) ORIGINAL.jpg","severfairylandsharkgrinfrontmickeyfin","True","True","1219.9653"
"325","Sever Fairy Landshark Grin (Mickey Fin)","sever-fairy-landshark-grin-mickey-fin.html","Sever Fairy Landshark Grin (Mickey Fin) COLOR.jpg","severfairylandsharkgrinmickeyfin","True","True","1319.9652"
"326","Sever Fairy Landshark Grin three quarters","sever-fairy-landshark-grin-three-quarters.html","Sever Fairy Landshark Grin three quarters COLOR.jpg","severfairylandsharkgrinthreequarters","True","True","1319.9651"
"327","Shark Grin","shark-grin.html","Shark Grin COLOR.jpg","sharkgrin","True","True","1319.965"
"328","Shark Grin Hotrod","shark-grin-hotrod.html","Shark Grin Hotrod B&W.jpg","sharkgrinhotrod","True","True","1249.9649"
"329","Shark Man Grin","shark-man-grin.html","Shark Man Grin COLOR.jpg","sharkmangrin","True","True","1319.9648"
"330","Simpsons Family Grins 1","simpsons-family-grins-1.html","Simpsons Family Grins 1 ORIGINAL.jpg","simpsonsfamilygrins1","True","True","1219.9647"
"331","Simpsons Family Grins 2","simpsons-family-grins-2.html","Simpsons Family Grins 2 ORIGINAL.jpg","simpsonsfamilygrins2","True","True","1219.9646"
"332","Skeleton Grin","skeleton-grin.html","Skeleton Grin front COLOR.jpg","skeletongrin","True","True","1319.9645"
"333","Slo Moe Grin","slo-moe-grin.html","Slo Moe Grin Portrait COLOR.jpg","slomoegrin","True","True","1319.9644"
"334","Slow Moe Grin","slow-moe-grin.html","Slow Moe Grin COLOR.jpg","slowmoegrin","True","True","1319.9643"
"335","Slushsquatch Grin","slushsquatch-grin.html","Slushsquatch Grin ORIGINAL.jpg","slushsquatchgrin","True","True","1219.9642"
"336","Smack, Crack, Pop Grin","smack-crack-pop-grin.html","Smack, Crack, Pop Grin ORIGINAL.jpg","smackcrackpopgrin","True","True","1219.9641"
"337","Smiley Face Dog Grin Newcastle","smiley-face-dog-grin-newcastle.html","Smiley Face Dog Grin Newcastle ORIGINAL.jpg","smileyfacedoggrinnewcastle","True","True","1219.964"
"338","Smoking Grin","smoking-grin.html","Smoking Grin COLOR 2.png","smokinggrin","True","True","1319.9639"
"339","Smurf Grin","smurf-grin.html","Smurf Grin ORIGINAL COLOR.jpg","smurfgrin","True","True","1289.9638"
"340","Smurfette Grin","smurfette-grin.html","Smurfette Grin COLOR.jpg","smurfettegrin","True","True","1319.9637"
"341","Snoopy Grin","snoopy-grin.html","Snoopy Grin front COLOR.jpg","snoopygrin","True","True","1319.9636"
"342","Snoopy Traditional Grin","snoopy-traditional-grin.html","Snoopy Traditional Grin COLOR.jpg","snoopytraditionalgrin","True","True","1319.9635"
"343","Snoopy Traditional Grin 2","snoopy-traditional-grin-2.html","Snoopy Traditional Grin 2 ORIGINAL.jpg","snoopytraditionalgrin2","True","True","1219.9634"
"344","Soccer Ball Grin","soccer-ball-grin.html","Soccer Ball Grin ORIGINAL COLOR.jpg","soccerballgrin","True","True","1289.9633"
"345","Sock Monkey Grin","sock-monkey-grin.html","Sock Monkey Grin ORIGINAL COLOR 2.jpg","sockmonkeygrin","True","True","1289.9632"
"346","Sonic Grin","sonic-grin.html","Sonic Grin B&W.jpg","sonicgrin","True","True","1249.9631"
"347","Space Shark Grin","space-shark-grin.html","Space Shark Grin front COLOR.jpg","spacesharkgrin","True","True","1319.963"
"348","Spaz Grin","spaz-grin.html","Spaz Grin ORIGINAL.jpg","spazgrin","True","True","1219.9629"
"349","Speak More Evil Grin","speak-more-evil-grin.html","Speak More Evil Grin COLOR.jpg","speakmoreevilgrin","True","True","1319.9628"
"350","Spitting Grin","spitting-grin.html","Spitting Grin COLOR.jpg","spittinggrin","True","True","1319.9627"
"351","Spongebob Grin","spongebob-grin.html","Spongebob Grin COLOR.jpg","spongebobgrin","True","True","1319.9626"
"352","Spongebob Grin in Waves","spongebob-grin-in-waves.html","Spongebob Grin in Waves COLOR.jpg","spongebobgrininwaves","True","True","1319.9625"
"353","Squirrel Squirt Grin","squirrel-squirt-grin.html","Squirrel Squirt Grin COLOR.jpg","squirrelsquirtgrin","True","True","1319.9624"
"354","Staples Pigeon Grin","staples-pigeon-grin.html","Staples Pigeon Grin side ORIGINAL.jpg","staplespigeongrin","True","True","1219.9623"
"355","Starskull Trooper Grin","starskull-trooper-grin.html","Starskull Trooper Grin ORIGINAL.jpeg","starskulltroopergrin","True","True","1219.9622"
"356","Stewie Grin","stewie-grin.html","Stewie Grin ORIGINAL.jpg","stewiegrin","True","True","1219.9621"
"357","Stitch Grin","stitch-grin.html","Stitch Grin B&W.jpg","stitchgrin","True","True","1249.962"
"358","Stormtrooper Grin","stormtrooper-grin.html","Stormtrooper Grin ORIGINAL.jpg","stormtroopergrin","True","True","1219.9619"
"359","Street Fighter Guile Grin","street-fighter-guile-grin.html","Street Fighter Guile Grin B&W.jpg","streetfighterguilegrin","True","True","1249.9618"
"360","Sugar Clown Grin","sugar-clown-grin.html","Sugar Clown Grin COLOR.jpg","sugarclowngrin","True","True","1319.9617"
"361","Sugar Diabetic Bear Grin","sugar-diabetic-bear-grin.html","Sugar Diabetic Bear Grin COLOR.jpg","sugardiabeticbeargrin","True","True","1319.9616"
"362","Sugar Smack Grin","sugar-smack-grin.html","Sugar Smack Grin ORIGINAL.jpg","sugarsmackgrin","True","True","1219.9615"
"363","Surf Girl Grin","surf-girl-grin.html","Surf Girl Grin B&W.png","surfgirlgrin","True","True","1249.9614"
"364","Taz Grin","taz-grin.html","Taz Grin circle B&W.jpg","tazgrin","True","True","1249.9613"
"365","Taz Grin Flower","taz-grin-flower.html","Taz Grin Flower Face.jpg","tazgrinflower","True","True","1249.9612"
"366","Techno Kitten Grin","techno-kitten-grin.html","Techno Kitten Grin ORIGINAL.jpg","technokittengrin","True","True","1219.9611"
"367","Teddy Bear Grin","teddy-bear-grin.html","Teddy Bear Grin COLOR.png","teddybeargrin","True","True","1319.961"
"368","Teddy Bear Grin Standing","teddy-bear-grin-standing.html","Teddy Bear Grin Standing ORIGINAL COLOR.jpg","teddybeargrinstanding","True","True","1289.9609"
"369","Telegrinnie","telegrinnie.html","Telegrinnie COLOR.jpg","telegrinnie","True","True","1319.9608"
"370","Teletubby Grin Flying","teletubby-grin-flying.html","Teletubby Grin Flying ORIGINAL.jpg","teletubbygrinflying","True","True","1219.9607"
"371","Tiger Grin","tiger-grin.html","Tiger Grin ORIGINAL COLOR.jpg","tigergrin","True","True","1289.9606"
"372","Tiger Grin 2","tiger-grin-2.html","Tiger Grin 2 ORIGINAL.jpg","tigergrin2","True","True","1219.9605"
"373","Tiger Sphinx","tiger-sphinx.html","Tiger Sphinx Side ORIGINAL.jpg","tigersphinx","True","True","1219.9604"
"374","Tiger Sphinx Grin","tiger-sphinx-grin.html","Tiger Sphinx Grin ORIGINAL COLOR.jpg","tigersphinxgrin","True","True","1289.9603"
"375","Timid Shark Grin","timid-shark-grin.html","Timid Shark Grin B&W.jpg","timidsharkgrin","True","True","1249.9602"
"376","Timmy Turner Grin","timmy-turner-grin.html","Timmy Turner Grin B&W.jpg","timmyturnergrin","True","True","1249.9601"
"377","Tmnt Leonardo Grin","tmnt-leonardo-grin.html","Tmnt Leonardo Grin COLOR.jpg","tmntleonardogrin","True","True","1319.96"
"378","Tmnt Michelangelo Grin","tmnt-michelangelo-grin.html","Tmnt Michelangelo Grin B&W.jpg","tmntmichelangelogrin","True","True","1249.9599"
"379","Tmnt Raphael Grin","tmnt-raphael-grin.html","Tmnt Raphael Grin COLOR.jpg","tmntraphaelgrin","True","True","1319.9598"
"380","Tom N Jerry Grins","tom-n-jerry-grins.html","Tom N Jerry Grins ORIGINAL COLOR.jpg","tomnjerrygrins","True","True","1289.9597"
"381","Tony Grin","tony-grin.html","Tony Grin ORIGINAL COLOR.jpg","tonygrin","True","True","1289.9596"
"382","Tony Tiger Grin","tony-tiger-grin.html","Tony Tiger Grin ORIGINAL 2.jpg","tonytigergrin","True","True","1219.9595"
"383","Tony Tiger Grin 1","tony-tiger-grin-1.html","Tony Tiger Grin 1 ORIGINAL.jpg","tonytigergrin1","True","True","1219.9594"
"384","Tony Tiger Grin 2","tony-tiger-grin-2.html","Tony Tiger Grin 2 COLOR.jpg","tonytigergrin2","True","True","1319.9593"
"385","Topcat Grin","topcat-grin.html","Topcat Grin ORIGINAL.jpg","topcatgrin","True","True","1219.9592"
"386","Trippy Grin","trippy-grin.html","Trippy Grin COLORWAY 3.png","trippygrin","True","True","1319.9591"
"387","Tupac Grin","tupac-grin.html","Tupac Grin COLOR.jpg","tupacgrin","True","True","1319.959"
"388","Tweetie Grin","tweetie-grin.html","Tweetie Grin ORIGINAL.jpg","tweetiegrin","True","True","1219.9589"
"389","Two-Faced Rabbbit Grin","two-faced-rabbbit-grin.html","Two-Faced Rabbbit Grin face COLOR.jpg","twofacedrabbbitgrin","True","True","1319.9588"
"390","Two-Faced Rabbbit Grin three quarters","two-faced-rabbbit-grin-three-quarters.html","Two-Faced Rabbbit Grin three quarters COLOR.jpg","twofacedrabbbitgrinthreequarters","True","True","1319.9587"
"391","Ultraman Grin","ultraman-grin.html","Ultraman Grin COLOR.jpg","ultramangrin","True","True","1319.9586"
"392","Unicorn Grin","unicorn-grin.html","Unicorn Grin COLOR 2.jpg","unicorngrin","True","True","1319.9585"
"393","Unicorn Grin skewered","unicorn-grin-skewered.html","Unicorn Grin skewered ORIGINAL 6.png","unicorngrinskewered","True","True","1219.9584"
"394","Unipig Grin","unipig-grin.html","Unipig Grin COLOR.jpg","unipiggrin","True","True","1319.9583"
"395","Urban Bigfoot Grin","urban-bigfoot-grin.html","Urban Bigfoot Grin side head ORIGINAL.jpg","urbanbigfootgrin","True","True","1219.9582"
"396","Vampire Grin","vampire-grin.html","Vampire Grin Front COLOR.jpg","vampiregrin","True","True","1319.9581"
"397","Wing Grin","wing-grin.html","Wing Grin body COLOR.png","winggrin","True","True","1319.958"
"398","Wolf Grin","wolf-grin.html","Wolf Grin COLOR.jpg","wolfgrin","True","True","1319.9579"
"399","Woodstock Grin","woodstock-grin.html","Woodstock Grin three quarters COLOR.jpg","woodstockgrin","True","True","1319.9578"
"400","Yellow Submarine Grin","yellow-submarine-grin.html","Yellow Submarine Grin COLOR.jpg","yellowsubmarinegrin","True","True","1319.9577"
"401","Yin Yang Face Grin","yin-yang-face-grin.html","Yin Yang Face Grin COLOR.jpg","yinyangfacegrin","True","True","1319.9576"
"402","Yin Yang Grin 1","yin-yang-grin-1.html","Yin Yang Grin 1 COLOR.jpg","yinyanggrin1","True","True","1319.9575"
"403","Yin Yang Grin 2","yin-yang-grin-2.html","Yin Yang Grin 2 COLOR.jpg","yinyanggrin2","True","True","1319.9574"
"404","Yogi Bear Grin","yogi-bear-grin.html","Yogi Bear Grin COLOR.jpg","yogibeargrin","True","True","1319.9573"
"405","Yucky Charmer Grin","yucky-charmer-grin.html","Yucky Charmer Grin COLOR.jpg","yuckycharmergrin","True","True","1319.9572"
"406","Zephyr Zelephant Grin","zephyr-zelephant-grin.html","Zephyr Zelephant Grin ORIGINAL.jpg","zephyrzelephantgrin","True","True","1219.9571"
