"Position","Title","Href","SortTitle"
"1","Alien Baby Grin","alien-baby-grin.html","alien baby grin"
"2","Alien Grin","alien-grin.html","alien grin"
"3","Angel Grin","angel-grin.html","angel grin"
"4","Angel Wings Grin","angel-wings-grin.html","angel wings grin"
"5","Artist Grin","artist-grin.html","artist grin"
"6","Artist Grin","artist-grin.html","artist grin"
"7","Astro Boy Grin","astro-boy-grin.html","astro boy grin"
"8","Astrogrin","astrogrin.html","astrogrin"
"9","Astrogrin","astrogrin.html","astrogrin"
"10","B-Rex Grin","b-rex-grin.html","b rex grin"
"11","Babalouie Grin","babalouie-grin.html","babalouie grin"
"12","Babalouie Grin","babalouie-grin.html","babalouie grin"
"13","Baby Grin","baby-grin.html","baby grin"
"14","Baby Grin","baby-grin.html","baby grin"
"15","Baby Grin 2","baby-grin-2.html","baby grin 2"
"16","Baby Grin 2","baby-grin-2.html","baby grin 2"
"17","Badly Drawn Batman Grin","badly-drawn-batman-grin.html","badly drawn batman grin"
"18","Barney Grin","barney-grin.html","barney grin"
"19","Barney Grin","barney-grin.html","barney grin"
"20","Bart Grin","bart-grin.html","bart grin"
"21","Bart Grin","bart-grin.html","bart grin"
"22","Bartman Grin","bartman-grin.html","bartman grin"
"23","Bartman Grin","bartman-grin.html","bartman grin"
"24","Baseball Grin","baseball-grin.html","baseball grin"
"25","Baseball Grin","baseball-grin.html","baseball grin"
"26","Basketball Bulldog Grin","basketball-bulldog-grin.html","basketball bulldog grin"
"27","Basketball Bulldog Grin","basketball-bulldog-grin.html","basketball bulldog grin"
"28","Basketball Grin","basketball-grin.html","basketball grin"
"29","Basketball Grin","basketball-grin.html","basketball grin"
"30","Bat Grin","bat-grin.html","bat grin"
"31","Bat Grin","bat-grin.html","bat grin"
"32","Bat Grin Version 2","bat-grin-version-2.html","bat grin version 2"
"33","Bat Grin version 2","bat-grin-version-2.html","bat grin version 2"
"34","Batman Grin","batman-grin.html","batman grin"
"35","Batman Grin","batman-grin.html","batman grin"
"36","Batman Grin and Robin 2","batman-grin-and-robin-2.html","batman grin and robin 2"
"37","Batman Grin Icon","batman-grin-icon.html","batman grin icon"
"38","Batman Grin Icon","batman-grin-icon.html","batman grin icon"
"39","Batman Grin Torso","batman-grin-torso.html","batman grin torso"
"40","Battle Cat Grin","battle-cat-grin.html","battle cat grin"
"41","Battle Cat Grin","battle-cat-grin.html","battle cat grin"
"42","Battle Skull Grin","battle-skull-grin.html","battle skull grin"
"43","Battle Skull Grin","battle-skull-grin.html","battle skull grin"
"44","Bear Grin Forked Tongue","bear-grin-forked-tongue.html","bear grin forked tongue"
"45","Bear Grin Forked Tongue","bear-grin-forked-tongue.html","bear grin forked tongue"
"46","Bearbrick Skull","bearbrick-skull.html","bearbrick skull"
"47","Bearbrick Skull","bearbrick-skull.html","bearbrick skull"
"48","Beast Man Grin","beast-man-grin.html","beast man grin"
"49","Beast Man Grin","beast-man-grin.html","beast man grin"
"50","Bert Grin","bert-grin.html","bert grin"
"51","Bert Grin","bert-grin.html","bert grin"
"52","Big Boy Grin","big-boy-grin.html","big boy grin"
"53","Big Boy Grin","big-boy-grin.html","big boy grin"
"54","Biggie Grin","biggie-grin.html","biggie grin"
"55","Blanka Grin","blanka-grin.html","blanka grin"
"56","Blotchy Grin","blotchy-grin.html","blotchy grin"
"57","Blue From Blue’s Clues Grin","blue-from-blue-s-clues-grin.html","blue from blues clues grin"
"58","Blue's Clues Grin","blue-from-blue-s-clues-grin.html","blues clues grin"
"59","Boba Fett Grin","boba-fett-grin.html","boba fett grin"
"60","Boo Boo Bear Grin","boo-boo-bear-grin.html","boo boo bear grin"
"61","Bored Ape Cowboy Grin","bored-ape-cowboy-grin.html","bored ape cowboy grin"
"62","Bored Ape Grin","bored-ape-grin.html","bored ape grin"
"63","Bugs Grin","bugs-grin.html","bugs grin"
"64","Bulldog Grin","bulldog-grin.html","bulldog grin"
"65","Businessman Grin","businessman-grin.html","businessman grin"
"66","Butterfly Wings Grin","butterfly-wings-grin.html","butterfly wings grin"
"67","C3PO Grin","c3po-grin.html","c3po grin"
"68","Cafeteria Lady Grin","cafeteria-lady-grin.html","cafeteria lady grin"
"69","Cap'n Cornstarch Grin","cap-n-cornstarch-grin.html","capn cornstarch grin"
"70","Carmelo Grin","carmelo-grin.html","carmelo grin"
"71","Carousel Grinnie","carousel-grinnie.html","carousel grinnie"
"72","Cartman Grin","cartman-grin.html","cartman grin"
"73","Cat Grin","cat-grin.html","cat grin"
"74","Cat in Hat Grin","cat-in-hat-grin.html","cat in hat grin"
"75","Catbrain Grin","catbrain-grin.html","catbrain grin"
"76","Charlie Brown Grin","charlie-brown-grin.html","charlie brown grin"
"77","Charlie Grin X Ray","charlie-grin-x-ray.html","charlie grin x ray"
"78","Cheshire Cat Grin","cheshire-cat-grin.html","cheshire cat grin"
"79","Chico Roco","chico-roco-grin.html","chico roco"
"80","Chuckie Grin","chuckie-grin.html","chuckie grin"
"81","Count Calorie","count-calorie-grin.html","count calorie"
"82","Courage Grin","courage-dog-grin.html","courage grin"
"83","COVID Grin","covid-grin.html","covid grin"
"84","Cow Grin","cow-grin.html","cow grin"
"85","Creepy Creature","creepy-creature.html","creepy creature"
"86","Croc Grin","croc-grin.html","croc grin"
"87","Crossbones Crest Brooklyn Nets Grin 1","crossbones-crest-brooklyn-nets-grin-1.html","crossbones crest brooklyn nets grin 1"
"88","Crossbones Crest Brooklyn Nets Grin 2","crossbones-crest-brooklyn-nets-grin-2.html","crossbones crest brooklyn nets grin 2"
"89","Cryptopunk Grin","cryptopunk-grin.html","cryptopunk grin"
"90","Darth Grin","darth-grin.html","darth grin"
"91","Darth Vader Grin","darth-vader-grin.html","darth vader grin"
"92","David Grin","david-grin.html","david grin"
"93","DEADMAU5 Grin","deadmau5-grin.html","deadmau5 grin"
"94","DEADMAU5 Grin Running","deadmau5-grin-running.html","deadmau5 grin running"
"95","DEADMAU5 Grin Running COLORS","deadmau5-grin-running-colors.html","deadmau5 grin running colors"
"96","DEADMAUGrin back COLORS","deadmaugrin-back-colors.html","deadmaugrin back colors"
"97","DEADMAUGrin COLORS","deadmaugrin-colors.html","deadmaugrin colors"
"98","DEADMAUGrin side COLORS","deadmaugrin-side-colors.html","deadmaugrin side colors"
"99","Dementon Grin","dementon-grin.html","dementon grin"
"100","Deputy Dog Grin","deputy-dog-grin.html","deputy dog grin"
"101","Devil Grin","devil-grin.html","devil grin"
"102","Devine Devil","devine-devil.html","devine devil"
"103","Dino Heart Grin","dino-heart-grin.html","dino heart grin"
"104","DJ Grin","dj-grin.html","dj grin"
"105","Dog Grin","dog-grin.html","dog grin"
"106","Dog Head Grin","dog-head-grin.html","dog head grin"
"107","Dr Bub Quack Animation 1","dr-bub-quack-animation-1.html","dr bub quack animation 1"
"108","Dr Bub Quack Animation 2","dr-bub-quack-animation-2.html","dr bub quack animation 2"
"109","Dr Bub Quack Grin","dr-bub-quack-grin.html","dr bub quack grin"
"110","Drink the Koolaid 1","drink-the-koolaid-1.html","drink the koolaid 1"
"111","Drink the Koolaid 2","drink-the-koolaid-2.html","drink the koolaid 2"
"112","Dripping Grin","dripping-grin.html","dripping grin"
"113","Droopy Dog Grin","droopy-dog-grin.html","droopy dog grin"
"114","Dunny Grin","dunny-grin.html","dunny grin"
"115","Elefanka Grin","elefanka-grin.html","elefanka grin"
"116","Elefanka Grin Side View","elefanka-grin-side-view.html","elefanka grin side view"
"117","Elefanka With Angel Wings Grin","elefanka-with-angel-wings-grin.html","elefanka with angel wings grin"
"118","Elephant Grin","elephant-grin.html","elephant grin"
"119","Elmo Grin","elmo-grin.html","elmo grin"
"120","Eminem Grin","eminem-grin.html","eminem grin"
"121","Ernie Grin","ernie-grin.html","ernie grin"
"122","EZ Nuts Grin","ez-nuts-grin.html","ez nuts grin"
"123","EZ Nuts Grin 1","ez-nuts-grin-1.html","ez nuts grin 1"
"124","EZ Nuts Grin 2","ez-nuts-grin-2.html","ez nuts grin 2"
"125","EZ Nuts Grin 3","ez-nuts-grin-3.html","ez nuts grin 3"
"126","Fat Stormtrooper Grin","fat-stormtrooper-grin.html","fat stormtrooper grin"
"127","Faze Banks Grin","faze-banks-grin.html","faze banks grin"
"128","Felix Grin","felix-grin.html","felix grin"
"129","Finn Grin","finn-grin.html","finn grin"
"130","Firecracker Skeleton Grin","firecracker-skeleton-grin.html","firecracker skeleton grin"
"131","Flaming O Grin","flaming-o-grin.html","flaming o grin"
"132","Floating Grinnie","floating-grinnie.html","floating grinnie"
"133","Flower Brain Grin","flower-brain-grin.html","flower brain grin"
"134","Flower Grin","flower-grin.html","flower grin"
"135","Flower Grin ORIGINAL COLOR (2)","flower-grin-original-color-2.html","flower grin original color 2"
"136","Flower Grin ORIGINAL COLOR (3)","flower-grin-original-color-3.html","flower grin original color 3"
"137","Flower Grin version 2","flower-grin-version-2.html","flower grin version 2"
"138","Flying Grinnie","flying-grinnie.html","flying grinnie"
"139","Foot in Mouth","foot-in-mouth.html","foot in mouth"
"140","Football Grin","football-grin.html","football grin"
"141","Football Player Grin","football-player-grin.html","football player grin"
"142","Franken Fat Grin","franken-fat-grin.html","franken fat grin"
"143","Franken Grin","franken-grin.html","franken grin"
"144","Freak Bro Afro Stache","freak-bro-afro-stache.html","freak bro afro stache"
"145","Freak Bro Grin","freak-bro-grin.html","freak bro grin"
"146","Freak Cat","freak-cat.html","freak cat"
"147","Freddy Funko Grin","freddy-funko-grin.html","freddy funko grin"
"148","Freddy Funko Grin 2","freddy-funko-grin-2.html","freddy funko grin 2"
"149","Garfield Grin","garfield-grin.html","garfield grin"
"150","George Jetson Grin","george-jetson-grin.html","george jetson grin"
"151","Ghostbuster Grin","ghostbuster-grin.html","ghostbuster grin"
"152","Globe Grin","globe-grin.html","globe grin"
"153","Godzilla Heart Grin","godzilla-heart-grin.html","godzilla heart grin"
"154","Gorilla grin","gorilla-grin.html","gorilla grin"
"155","Gorilla Grin 2","gorilla-grin-2.html","gorilla grin 2"
"156","Grim Grin","grim-grin.html","grim grin"
"157","Grim Grin (Grin Reaper)","grim-grin-grin-reaper.html","grim grin grin reaper"
"158","Grim Reaper Grin","grim-reaper-grin.html","grim reaper grin"
"159","Grim Reefer","grim-reefer.html","grim reefer"
"160","Grin","grin.html","grin"
"161","Grin animation","grin-animation.html","grin animation"
"162","Grin Animation front B&W (1)","grin-animation-front-b-and-w-1.html","grin animation front b and w 1"
"163","Grin Animation side B&W (1)","grin-animation-side-b-and-w-1.html","grin animation side b and w 1"
"164","Grin Baby","grin-baby.html","grin baby"
"165","Grin Brain Cone","grin-brain-cone.html","grin brain cone"
"166","Grin Bunny Ears","grin-bunny-ears.html","grin bunny ears"
"167","Grin Bunny Three Ears","grin-bunny-three-ears.html","grin bunny three ears"
"168","Grin Bunny Two Ears","grin-bunny-two-ears.html","grin bunny two ears"
"169","Grin Car","grin-car.html","grin car"
"170","Grin Flower","grin-flower.html","grin flower"
"171","Grin God","grin-god.html","grin god"
"172","Grin Kitty","grin-kitty.html","grin kitty"
"173","Grin Mouth","grin-mouth.html","grin mouth"
"174","Grin Planet","grin-planet.html","grin planet"
"175","Grin Reaper version 2","grin-reaper-version-2.html","grin reaper version 2"
"176","Grin Reaper With Facemask","grin-reaper-with-facemask.html","grin reaper with facemask"
"177","Grin Smoker","grin-smoker.html","grin smoker"
"178","Grin Smoker B&W shaded","grin-smoker-b-and-w-shaded.html","grin smoker b and w shaded"
"179","Grin Smoker Portrait","grin-smoker-portrait.html","grin smoker portrait"
"180","Grinch Grin","grinch-grin.html","grinch grin"
"181","grinne side view","grinne-side-view.html","grinne side view"
"182","grinnie","grinnie.html","grinnie"
"183","Grinnie and Friends Totem Pole","grinnie-and-friends-totem-pole.html","grinnie and friends totem pole"
"184","Grinnie Delusionville Pilot","grinnie-delusionville-pilot.html","grinnie delusionville pilot"
"185","Grinnie Delusionville Pilot in plane","grinnie-delusionville-pilot-in-plane.html","grinnie delusionville pilot in plane"
"186","Grinnie Family Icon","grinnie-family-icon.html","grinnie family icon"
"187","grinnie front view","grinnie-front-view.html","grinnie front view"
"188","Grinnie on Horseback","grinnie-on-horseback.html","grinnie on horseback"
"189","Grinnie Side view","grinnie-side-view.html","grinnie side view"
"190","Grinnie Sideview Eyeball","grinnie-sideview-eyeball.html","grinnie sideview eyeball"
"191","Grinnies Grin","grinnies-grin.html","grinnies grin"
"192","grinnies grin face animation","grinnies-grin-face-animation.html","grinnies grin face animation"
"193","Grinnies on TV","grinnies-on-tv.html","grinnies on tv"
"194","Grinnies Twins","grinnies-twins.html","grinnies twins"
"195","Grinplanet Nobody","grinplanet-nobody.html","grinplanet nobody"
"196","Grogu Grin","grogu-grin.html","grogu grin"
"197","Grouch Grin","grouch-grin.html","grouch grin"
"198","Gummy Bear Grin","gummy-bear-grin.html","gummy bear grin"
"199","Hawaiian Punch Grin","hawaiian-punch-grin.html","hawaiian punch grin"
"200","Hello Kitty","hello-kitty.html","hello kitty"
"201","Hello Kitty Grin","hello-kitty-grin.html","hello kitty grin"
"202","Homer Grin","homer-grin.html","homer grin"
"203","Homer Grin 3","homer-grin-3.html","homer grin 3"
"204","Homer Grin Flying","homer-grin-flying.html","homer grin flying"
"205","Homer grin version 2","homer-grin-version-2.html","homer grin version 2"
"206","Honey Butts Grin","honey-butts-grin.html","honey butts grin"
"207","Hound Grin","hound-grin.html","hound grin"
"208","HR Puffenstuff Grin","hr-puffenstuff-grin.html","hr puffenstuff grin"
"209","Jake Grin","jake-grin.html","jake grin"
"210","Jake the Dog Grin","jake-the-dog-grin.html","jake the dog grin"
"211","Jane Jetson Grin","jane-jetson-grin.html","jane jetson grin"
"212","Jeremiah Grin 1","jeremiah-grin-1.html","jeremiah grin 1"
"213","Jeremiah Grin 2","jeremiah-grin-2.html","jeremiah grin 2"
"214","Jeremiah Grin 3","jeremiah-grin-3.html","jeremiah grin 3"
"215","Jeremiah Grin 4","jeremiah-grin-4.html","jeremiah grin 4"
"216","Jimi Hendrix Grin","jimi-hendrix-grin.html","jimi hendrix grin"
"217","Joker Grin","joker-grin.html","joker grin"
"218","Kanegon Grin","kanegon-grin.html","kanegon grin"
"219","Kevin Durant 1","kevin-durant-1.html","kevin durant 1"
"220","Kevin Durant Grim","kevin-durant-grim.html","kevin durant grim"
"221","Kevin Durant Grin","kevin-durant-grin.html","kevin durant grin"
"222","Kevin Durant Grin With Ball ORIGINAL.1","kevin-durant-grin-with-ball-original-1.html","kevin durant grin with ball original 1"
"223","Kiss Gene Grin","kiss-gene-grin.html","kiss gene grin"
"224","Krusty the Clown Grin","krusty-the-clown-grin.html","krusty the clown grin"
"225","Kursed Grin","kursed-grin.html","kursed grin"
"226","Lagoon Creature Grin","lagoon-creature-grin.html","lagoon creature grin"
"227","Lemon Boy grin","lemon-boy-grin.html","lemon boy grin"
"228","Lemon Boy Grin Walking","lemon-boy-grin-walking.html","lemon boy grin walking"
"229","Leopard Grin 1","leopard-grin-1.html","leopard grin 1"
"230","Leopard Grin 2","leopard-grin-2.html","leopard grin 2"
"231","Leopard Grin 3","leopard-grin-3.html","leopard grin 3"
"232","Liberty Grin","liberty-grin.html","liberty grin"
"233","Lion Face Grin","lion-face-grin.html","lion face grin"
"234","Lisa grin","lisa-grin.html","lisa grin"
"235","Lucky Cat Grin","lucky-cat-grin.html","lucky cat grin"
"236","M.U.S.C.L.E. He-Man Grinnie","m-u-s-c-l-e-he-man-grinnie.html","m u s c l e he man grinnie"
"237","Mad Magazine Alfred Grin","mad-magazine-alfred-grin.html","mad magazine alfred grin"
"238","Mad Magazine Alfred Grin ORIGINAL.1","mad-magazine-alfred-grin-original-1.html","mad magazine alfred grin original 1"
"239","Mad Mickey Grin","mad-mickey-grin.html","mad mickey grin"
"240","Mad Mickey Grin drawing","mad-mickey-grin-drawing.html","mad mickey grin drawing"
"241","Maggie Grin","maggie-grin.html","maggie grin"
"242","Man Shark","man-shark.html","man shark"
"243","Manny Pacquaio Grin","manny-pacquaio-grin.html","manny pacquaio grin"
"244","Marge Grin","marge-grin.html","marge grin"
"245","Mario Grin","mario-grin.html","mario grin"
"246","Max Grin","max-grin.html","max grin"
"247","MC Grin","mc-grin.html","mc grin"
"248","MC Grin 2","mc-grin-2.html","mc grin 2"
"249","MC Supersize Grin Flying","mc-supersize-grin-flying.html","mc supersize grin flying"
"250","MC Supersized Grin","mc-supersized-grin.html","mc supersized grin"
"251","MC Supersized Grin 2","mc-supersized-grin-2.html","mc supersized grin 2"
"252","Melting Grinnie","melting-grinnie.html","melting grinnie"
"253","Melting Monster Grin","melting-monster-grin.html","melting monster grin"
"254","Mentadusa","mentadusa.html","mentadusa"
"255","Mickey Eyes Grin 1","mickey-eyes-grin-1.html","mickey eyes grin 1"
"256","Mickey Eyes Grin 2","mickey-eyes-grin-2.html","mickey eyes grin 2"
"257","Mickey Grin","mickey-grin.html","mickey grin"
"258","Mickey Mouse Grin","mickey-mouse-grin.html","mickey mouse grin"
"259","Mickey Mouse Grin 2","mickey-mouse-grin-2.html","mickey mouse grin 2"
"260","Mickey Mouse Grin Flying","mickey-mouse-grin-flying.html","mickey mouse grin flying"
"261","Mishka Eyeball Grin","mishka-eyeball-grin.html","mishka eyeball grin"
"262","Modzilla Grin","modzilla-grin.html","modzilla grin"
"263","Mogul Grin","mogul-grin.html","mogul grin"
"264","Mogul Grin Standing","mogul-grin-standing.html","mogul grin standing"
"265","Monkey Grin Mouth","monkey-grin-mouth.html","monkey grin mouth"
"266","Monkey Shiner Angel Grin","monkey-shiner-angel-grin.html","monkey shiner angel grin"
"267","Monkey Shiner Angel Grin ORINGINAL","monkey-shiner-angel-grin-oringinal.html","monkey shiner angel grin oringinal"
"268","Monkey Shriner Grin","monkey-shriner-grin.html","monkey shriner grin"
"269","Monkey Shriner Grin ORIGINAL.1","monkey-shriner-grin-original-1.html","monkey shriner grin original 1"
"270","Mounted Gorilla Grin","mounted-gorilla-grin.html","mounted gorilla grin"
"271","Mouth Grin","mouth-grin.html","mouth grin"
"272","Mr Met Grin","mr-met-grin.html","mr met grin"
"273","Mr Potato Grin","mr-potato-grin.html","mr potato grin"
"274","Mummy Grin","mummy-grin.html","mummy grin"
"275","Mummy Grin 1","mummy-grin-1.html","mummy grin 1"
"276","Mummy Grin 2","mummy-grin-2.html","mummy grin 2"
"277","Mush Man grin","mush-man-grin.html","mush man grin"
"278","Mush Man grin ORIGINAL (2)","mush-man-grin-original-2.html","mush man grin original 2"
"279","Mutley Grin","mutley-grin.html","mutley grin"
"280","Negative Positive Grin","negative-positive-grin.html","negative positive grin"
"281","Ninja Turtle Grin","ninja-turtle-grin.html","ninja turtle grin"
"282","Olive Oil Grin","olive-oil-grin.html","olive oil grin"
"283","Orion Grin","orion-grin.html","orion grin"
"284","Panda Bear Grin","panda-bear-grin.html","panda bear grin"
"285","Panda Grin","panda-grin.html","panda grin"
"286","Patrick Grin","patrick-grin.html","patrick grin"
"287","Patrick Grin in Water","patrick-grin-in-water.html","patrick grin in water"
"288","Peko Girl Grin","peko-girl-grin.html","peko girl grin"
"289","Pepz Boy Grin","pepz-boy-grin.html","pepz boy grin"
"290","Peter Grin","peter-grin.html","peter grin"
"291","Peter Potamus Grin","peter-potamus-grin.html","peter potamus grin"
"292","pinnochio grin right side - Trace girl - colored by susan - png","pinnochio-grin-right-side-trace-girl-colored-by-susan-png.html","pinnochio grin right side trace girl colored by susan png"
"293","pinnochio grin three quarters - Trace girl - colored by susan - png","pinnochio-grin-three-quarters-trace-girl-colored-by-susan-png.html","pinnochio grin three quarters trace girl colored by susan png"
"294","Pinocchio Grin","pinocchio-grin.html","pinocchio grin"
"295","Pinocchio Grin Left Side portrait","pinocchio-grin-left-side-portrait.html","pinocchio grin left side portrait"
"296","Pinocchio Grin Three Quarters","pinocchio-grin-three-quarters.html","pinocchio grin three quarters"
"297","Pizza This","pizza-this.html","pizza this"
"298","Pizza This Grin","pizza-this-grin.html","pizza this grin"
"299","Plush Bear Grin","plush-bear-grin.html","plush bear grin"
"300","Plush Bear Grinnies","plush-bear-grinnies.html","plush bear grinnies"
"301","Plush Grin","plush-grin.html","plush grin"
"302","Popeye Butthead Grin","popeye-butthead-grin.html","popeye butthead grin"
"303","Powerpuff Girl Bubbles Grin","powerpuff-girl-bubbles-grin.html","powerpuff girl bubbles grin"
"304","Pumpkin Grin","pumpkin-grin.html","pumpkin grin"
"305","Qhrist Grin 1","qhrist-grin-1.html","qhrist grin 1"
"306","Qhrist Grin 2","qhrist-grin-2.html","qhrist grin 2"
"307","Quick Draw McGraw Grin","quick-draw-mcgraw-grin.html","quick draw mcgraw grin"
"308","Rabbbit Double Grin Mouth","rabbbit-double-grin-mouth.html","rabbbit double grin mouth"
"309","Rabbbit Grin","rabbbit-grin.html","rabbbit grin"
"310","Rabbbit Grin mouth","rabbbit-grin-mouth.html","rabbbit grin mouth"
"311","Rabbbit Grin version 2","rabbbit-grin-version-2.html","rabbbit grin version 2"
"312","Rabbbit Grin version 2 three quarters","rabbbit-grin-version-2-three-quarters.html","rabbbit grin version 2 three quarters"
"313","Rabbbit Skull Grin","rabbbit-skull-grin.html","rabbbit skull grin"
"314","Rabbbit with Fangs","rabbbit-with-fangs.html","rabbbit with fangs"
"315","Rabbit Grin","rabbit-grin.html","rabbit grin"
"316","Rabbit Grin 2","rabbit-grin-2.html","rabbit grin 2"
"317","Ramones Grin 1","ramones-grin-1.html","ramones grin 1"
"318","Ramones Grin 2","ramones-grin-2.html","ramones grin 2"
"319","Ramones Grin 3","ramones-grin-3.html","ramones grin 3"
"320","Ramones Grin 4","ramones-grin-4.html","ramones grin 4"
"321","Ramones Grin 5","ramones-grin-5.html","ramones grin 5"
"322","Richie Grin","richie-grin.html","richie grin"
"323","Ring Racer","ring-racer.html","ring racer"
"324","Ring Racer 1","ring-racer-1.html","ring racer 1"
"325","Ring Racer 2","ring-racer-2.html","ring racer 2"
"326","Ring Racer 3","ring-racer-3.html","ring racer 3"
"327","Ring Racer 4","ring-racer-4.html","ring racer 4"
"328","Ring Racer 5","ring-racer-5.html","ring racer 5"
"329","Ring Racer 6","ring-racer-6.html","ring racer 6"
"330","Ring Racer 7","ring-racer-7.html","ring racer 7"
"331","Ring Racer 8","ring-racer-8.html","ring racer 8"
"332","Ring Racer 9","ring-racer-9.html","ring racer 9"
"333","Robbie Spray Grin","robbie-spray-grin.html","robbie spray grin"
"334","Robby Robot Grin","robby-robot-grin.html","robby robot grin"
"335","Ron Fink Grin","ron-fink-grin.html","ron fink grin"
"336","Ron Fink Grin ORIGINAL (2)","ron-fink-grin-original-2.html","ron fink grin original 2"
"337","Ron Grin Face Icon","ron-grin-face-icon.html","ron grin face icon"
"338","Rosie Jetson Grin","rosie-jetson-grin.html","rosie jetson grin"
"339","Rugrat Grin","rugrat-grin.html","rugrat grin"
"340","Santa Cruz Hand Grin","santa-cruz-hand-grin.html","santa cruz hand grin"
"341","Santa Grin 1","santa-grin-1.html","santa grin 1"
"342","Santa Grin 2","santa-grin-2.html","santa grin 2"
"343","Santa Grin 3","santa-grin-3.html","santa grin 3"
"344","Scooby Doo Grin","scooby-doo-grin.html","scooby doo grin"
"345","Scream Grin","scream-grin.html","scream grin"
"346","Sever Fairy Landshark Grin","sever-fairy-landshark-grin.html","sever fairy landshark grin"
"347","Sever Fairy Landshark Grin Front (Mickey Fin)","sever-fairy-landshark-grin-front-mickey-fin.html","sever fairy landshark grin front mickey fin"
"348","Sever Fairy Landshark Grin (Mickey Fin)","sever-fairy-landshark-grin-mickey-fin.html","sever fairy landshark grin mickey fin"
"349","Sever Fairy Landshark Grin three quarters","sever-fairy-landshark-grin-three-quarters.html","sever fairy landshark grin three quarters"
"350","Shark Grin","shark-grin.html","shark grin"
"351","Shark Grin Hotrod","shark-grin-hotrod.html","shark grin hotrod"
"352","Shark Man Grin","shark-man-grin.html","shark man grin"
"353","Simpsons Family Grins 1","simpsons-family-grins-1.html","simpsons family grins 1"
"354","Simpsons Family Grins 2","simpsons-family-grins-2.html","simpsons family grins 2"
"355","Skeleton Grin","skeleton-grin.html","skeleton grin"
"356","Slo Moe Grin","slo-moe-grin.html","slo moe grin"
"357","Slow Moe Grin","slow-moe-grin.html","slow moe grin"
"358","Slushsquatch Grin","slushsquatch-grin.html","slushsquatch grin"
"359","Smack, Crack, Pop Grin","smack-crack-pop-grin.html","smack crack pop grin"
"360","Smiley Face Dog Grin Newcastle","smiley-face-dog-grin-newcastle.html","smiley face dog grin newcastle"
"361","Smoking Grin","smoking-grin.html","smoking grin"
"362","Smurf Grin","smurf-grin.html","smurf grin"
"363","Smurfette Grin","smurfette-grin.html","smurfette grin"
"364","Snoopy Grin","snoopy-grin.html","snoopy grin"
"365","Snoopy Traditional Grin","snoopy-traditional-grin.html","snoopy traditional grin"
"366","Snoopy Traditional Grin 2","snoopy-traditional-grin-2.html","snoopy traditional grin 2"
"367","Soccer Ball Grin","soccer-ball-grin.html","soccer ball grin"
"368","Sock Monkey Grin","sock-monkey-grin.html","sock monkey grin"
"369","Sonic Grin","sonic-grin.html","sonic grin"
"370","Space Shark Grin","space-shark-grin.html","space shark grin"
"371","Spaz Grin","spaz-grin.html","spaz grin"
"372","Speak More Evil Grin","speak-more-evil-grin.html","speak more evil grin"
"373","Spitting Grin","spitting-grin.html","spitting grin"
"374","Spongebob Grin","spongebob-grin.html","spongebob grin"
"375","Spongebob Grin in Waves","spongebob-grin-in-waves.html","spongebob grin in waves"
"376","Squirrel Squirt Grin","squirrel-squirt-grin.html","squirrel squirt grin"
"377","Staples Pigeon Grin","staples-pigeon-grin.html","staples pigeon grin"
"378","Starskull Trooper Grin","starskull-trooper-grin.html","starskull trooper grin"
"379","Stewie Grin","stewie-grin.html","stewie grin"
"380","Stitch Grin","stitch-grin.html","stitch grin"
"381","Stormtrooper Grin","stormtrooper-grin.html","stormtrooper grin"
"382","Street Fighter Guile Grin","street-fighter-guile-grin.html","street fighter guile grin"
"383","Sugar Clown Grin","sugar-clown-grin.html","sugar clown grin"
"384","Sugar Diabetic Bear Grin","sugar-diabetic-bear-grin.html","sugar diabetic bear grin"
"385","Sugar Smack Grin","sugar-smack-grin.html","sugar smack grin"
"386","Surf Girl Grin","surf-girl-grin.html","surf girl grin"
"387","Taz Grin","taz-grin.html","taz grin"
"388","Taz Grin Flower","taz-grin-flower.html","taz grin flower"
"389","Techno Kitten Grin","techno-kitten-grin.html","techno kitten grin"
"390","Teddy Bear Grin","teddy-bear-grin.html","teddy bear grin"
"391","Teddy Bear Grin Standing","teddy-bear-grin-standing.html","teddy bear grin standing"
"392","Telegrinnie","telegrinnie.html","telegrinnie"
"393","Teletubby Grin Flying","teletubby-grin-flying.html","teletubby grin flying"
"394","Tiger Grin","tiger-grin.html","tiger grin"
"395","Tiger Grin 2","tiger-grin-2.html","tiger grin 2"
"396","Tiger Sphinx","tiger-sphinx.html","tiger sphinx"
"397","Tiger Sphinx Grin","tiger-sphinx-grin.html","tiger sphinx grin"
"398","Timid Shark Grin","timid-shark-grin.html","timid shark grin"
"399","Timmy Turner Grin","timmy-turner-grin.html","timmy turner grin"
"400","Tmnt Leonardo Grin","tmnt-leonardo-grin.html","tmnt leonardo grin"
"401","Tmnt Michelangelo Grin","tmnt-michelangelo-grin.html","tmnt michelangelo grin"
"402","Tmnt Raphael Grin","tmnt-raphael-grin.html","tmnt raphael grin"
"403","Tom N Jerry Grins","tom-n-jerry-grins.html","tom n jerry grins"
"404","Tony Grin","tony-grin.html","tony grin"
"405","Tony Tiger Grin","tony-tiger-grin.html","tony tiger grin"
"406","Tony Tiger Grin 1","tony-tiger-grin-1.html","tony tiger grin 1"
"407","Tony Tiger Grin 2","tony-tiger-grin-2.html","tony tiger grin 2"
"408","Topcat Grin","topcat-grin.html","topcat grin"
"409","Trippy Grin","trippy-grin.html","trippy grin"
"410","Tupac Grin","tupac-grin.html","tupac grin"
"411","Tweetie Grin","tweetie-grin.html","tweetie grin"
"412","Two-Faced Rabbbit Grin","two-faced-rabbbit-grin.html","two faced rabbbit grin"
"413","Two-Faced Rabbbit Grin three quarters","two-faced-rabbbit-grin-three-quarters.html","two faced rabbbit grin three quarters"
"414","Ultraman Grin","ultraman-grin.html","ultraman grin"
"415","Unicorn Grin","unicorn-grin.html","unicorn grin"
"416","Unicorn Grin skewered","unicorn-grin-skewered.html","unicorn grin skewered"
"417","Unipig Grin","unipig-grin.html","unipig grin"
"418","Urban Bigfoot Grin","urban-bigfoot-grin.html","urban bigfoot grin"
"419","Vampire Grin","vampire-grin.html","vampire grin"
"420","Wing Grin","wing-grin.html","wing grin"
"421","Wolf Grin","wolf-grin.html","wolf grin"
"422","Woodstock Grin","woodstock-grin.html","woodstock grin"
"423","Yellow Submarine Grin","yellow-submarine-grin.html","yellow submarine grin"
"424","Yin Yang Face Grin","yin-yang-face-grin.html","yin yang face grin"
"425","Yin Yang Grin 1","yin-yang-grin-1.html","yin yang grin 1"
"426","Yin Yang Grin 2","yin-yang-grin-2.html","yin yang grin 2"
"427","Yogi Bear Grin","yogi-bear-grin.html","yogi bear grin"
"428","Yucky Charmer Grin","yucky-charmer-grin.html","yucky charmer grin"
"429","Zephyr Zelephant Grin","zephyr-zelephant-grin.html","zephyr zelephant grin"
