"Title","Slug","Thumb"
"Alien Baby Grin","alien-baby-grin.html","../../images/Sketches/grins/Alien%20Baby%20Grin%20colorway%201.jpg"
"Alien Grin","alien-grin.html","../../images/Sketches/grins/Alien%20Grin%20COLOR.png"
"Angel Grin","angel-grin.html","../../images/Sketches/grins/Angel%20Grin%20B&W.jpg"
"Angel Wings Grin","angel-wings-grin.html","../../images/Sketches/grins/Angel%20Wings%20Grin%201.png"
"Artist Grin","artist-grin.html","../../images/Sketches/grins/Artist%20Grin%20B&W.jpg"
"Astro Boy Grin","astro-boy-grin.html","../../images/Sketches/grins/Astro%20Boy%20Grin%20COLOR.jpg"
"Astrogrin","astrogrin.html","../../images/Sketches/grins/Astrogrin%20ORIGINAL.jpg"
"Babalouie Grin","babalouie-grin.html","../../images/Sketches/grins/Babalouie%20Grin%20ORIGINAL.jpg"
"Baby Grin","baby-grin.html","../../images/Sketches/grins/Baby%20Grin%20ORIGINAL%202.jpg"
"Baby Grin 2","baby-grin-2.html","../../images/Sketches/grins/Baby%20Grin%202%20ORIGINAL.jpg"
"Badly Drawn Batman Grin","badly-drawn-batman-grin.html","../../images/Sketches/grins/Badly%20Drawn%20Batman%20Grin%20ORIGINAL%20COLOR.jpg"
"Barney Grin","barney-grin.html","../../images/Sketches/grins/Barney%20Grin%20front%201%20ORIGINAL.jpg"
"Barney Grin Flying","barney-grin-flying.html","../../images/Sketches/grins/Barney%20Grin%20Flying%20ORIGINAL.jpg"
"Barney Grin Guernical","barney-grin-guernical.html","../../images/Sketches/grins/Barney%20Grin%20Guernical%20ORIGINAL.jpg"
"Bart Grin","bart-grin.html","../../images/Sketches/grins/Bart%20Grin%20Chubby%20front%20ORIGINAL.jpg"
"Bart Grin chubby","bart-grin-chubby.html","../../images/Sketches/grins/Bart%20Grin%20Chubby%20front%20ORIGINAL.jpg"
"Bart Grin short","bart-grin-short.html","../../images/Sketches/grins/Bart%20Grin%20short%20front%20COLOR.jpg"
"Bartman Grin","bartman-grin.html","../../images/Sketches/grins/Bartman%20Grin%20flying%20ORIGINAL.jpg"
"Bartman Grin flying","bartman-grin-flying.html","../../images/Sketches/grins/Bartman%20Grin%20flying%20ORIGINAL.jpg"
"Baseball Grin","baseball-grin.html","../../images/Sketches/grins/Baseball%20Grin%20ORIGINAL.jpg"
"Basketball Bulldog Grin","basketball-bulldog-grin.html","../../images/Sketches/grins/Basketball%20Bulldog%20Grin%20B&W.jpg"
"Basketball Grin","basketball-grin.html","../../images/Sketches/grins/Basketball%20Grin%20back%20ORIGINAL.jpg"
"Bat Grin","bat-grin.html","../../images/Sketches/grins/Bat%20Grin%20front%20ORIGINAL.jpg"
"Bat Grin version 2","bat-grin-version-2.html","../../images/Sketches/grins/Bat%20Grin%20version%202%20front%20ORIGINAL.jpg"
"Batman Grin","batman-grin.html","../../images/Sketches/grins/Batman%20Grin%20ORIGINAL%202.jpg"
"Batman Grin and Robin 2","batman-grin-and-robin-2.html","../../images/Sketches/grins/Batman%20Grin%20and%20Robin%202%20ORIGINAL.jpg"
"Batman Grin Icon","batman-grin-icon.html","../../images/Sketches/grins/Batman%20Grin%20Icon%20B&W.jpg"
"Batman Grin Torso","batman-grin-torso.html","../../images/Sketches/grins/Batman%20Grin%20three%20quarters%20COLOR%201.png"
"Battle Cat Grin","battle-cat-grin.html","../../images/Sketches/grins/Battle%20Cat%20Grin%20Crouching%20ORIGINAL.jpg"
"Battle Cat Grin Crouching","battle-cat-grin-crouching.html","../../images/Sketches/grins/Battle%20Cat%20Grin%20Crouching%20ORIGINAL.jpg"
"Battle Skull Grin","battle-skull-grin.html","../../images/Sketches/grins/Battle%20Skull%20Grin%20ORIGINAL.jpg"
"Bear Grin Forked Tongue","bear-grin-forked-tongue.html","../../images/Sketches/grins/Bear%20Grin%20Forked%20Tongue%20ORIGINAL.jpg"
"Bearbrick Skull","bearbrick-skull.html","../../images/Sketches/grins/Bearbrick%20Skull%20ORIGINAL.jpg"
"Beast Man Grin","beast-man-grin.html","../../images/Sketches/grins/Beast%20Man%20Grin%20ORIGINAL.jpg"
"Bert Grin","bert-grin.html","../../images/Sketches/grins/Bert%20Grin%20ORIGINAL.jpg"
"Big Boy Grin","big-boy-grin.html","../../images/Sketches/grins/Big%20Boy%20Grin%20ORIGINAL.jpg"
"Biggie Grin","biggie-grin.html","../../images/Sketches/grins/Biggie%20Grin%20ORIGINAL%20COLOR.png"
"Blanka Grin","blanka-grin.html","../../images/Sketches/grins/Blanka%20Grin%20ORIGINAL.jpg"
"Blotchy Grin","blotchy-grin.html","../../images/Sketches/grins/Blotchy%20Grin%20ORIGINAL.jpg"
"Blue From Blue’s Clues Grin","blue-from-blue-s-clues-grin.html","../../images/Sketches/grins/Blue%20From%20Blue%E2%80%99s%20Clues%20Grin%20ORIGINAL.jpg"
"Boba Fett Grin","boba-fett-grin.html","../../images/Sketches/grins/Boba%20Fett%20Grin%20front%20ORIGINAL.jpg"
"Boo Boo Bear Grin","boo-boo-bear-grin.html","../../images/Sketches/grins/Boo%20Boo%20Bear%20Grin%20ORIGINAL.jpg"
"Bored Ape Cowboy Grin","bored-ape-cowboy-grin.html","../../images/Sketches/grins/Bored%20Ape%20Cowboy%20Grin%20COLOR.jpg"
"Bored Ape Grin","bored-ape-grin.html","../../images/Sketches/grins/Bored%20Ape%20Grin%20B&W.jpg"
"B-Rex Grin","b-rex-grin.html","../../images/Sketches/grins/B-Rex%20Grin%20front%20ORIGINAL.jpg"
"Bugs Grin","bugs-grin.html","../../images/Sketches/grins/Bugs%20Grin%20ORIGINAL.jpg"
"Bulldog Grin","bulldog-grin.html","../../images/Sketches/grins/Bulldog%20Grin%20B&W.jpg"
"Businessman Grin","businessman-grin.html","../../images/Sketches/grins/Businessman%20grin%20back%20ORIGINAL.jpg"
"C3PO Grin","c3po-grin.html","../../images/Sketches/grins/C3PO%20Grin%20B&W.jpg"
"Cafeteria Lady Grin","cafeteria-lady-grin.html","../../images/Sketches/grins/Cafeteria%20Lady%20Grin%20ORIGINAL.jpg"
"Cap’n Cornstarch Grin","cap-n-cornstarch-grin.html","../../images/Sketches/grins/Cap%E2%80%99n%20Cornstarch%20Grin%20ORIGINAL.jpg"
"Carmelo Grin","carmelo-grin.html","../../images/Sketches/grins/Carmelo%20Grin%20ORIGINAL.jpg"
"Carousel Grinnie","carousel-grinnie.html","../../images/Sketches/grins/Carousel%20Grinnie%20front%20ORIGINAL.jpg"
"Cartman Grin","cartman-grin.html","../../images/Sketches/grins/Cartman%20Grin%20ORIGINAL.jpg"
"Cat Grin","cat-grin.html","../../images/Sketches/grins/Cat%20Grin%20card%203.jpg"
"Cat Grin 1","cat-grin-1.html","../../images/Sketches/grins/Cat%20Grin%201%20B&W.jpg"
"Cat Grin 2","cat-grin-2.html","../../images/Sketches/grins/Cat%20Grin%202%20ORIGINAL%202.jpg"
"Cat in Hat Grin","cat-in-hat-grin.html","../../images/Sketches/grins/Cat%20in%20Hat%20Grin%20ORIGINAL.jpg"
"Catbrain Grin","catbrain-grin.html","../../images/Sketches/grins/Catbrain%20Grin%20ORIGINAL.jpg"
"Charlie Brown Grin","charlie-brown-grin.html","../../images/Sketches/grins/Charlie%20Brown%20Grin%20back%20ORIGINAL.jpg"
"Charlie Grin Flying","charlie-grin-flying.html","../../images/Sketches/grins/Charlie%20Grin%20Flying%20ORIGINAL.jpg"
"Charlie Grin X Ray","charlie-grin-x-ray.html","../../images/Sketches/grins/Charlie%20Grin%20X%20Ray%20ORIGINAL.jpg"
"Cheshire Cat Grin","cheshire-cat-grin.html","../../images/Sketches/grins/Cheshire%20Cat%20Grin%20ORIGINAL.jpg"
"Chico Roco","chico-roco.html","../../images/Sketches/grins/Chico%20Roco%20front%20ORIGINAL.jpg"
"Chico Roco Rabbit Grin","chico-roco-rabbit-grin.html","../../images/Sketches/grins/Chico%20Roco%20Rabbit%20Grin%20blue.jpg"
"Chico Roco telephone","chico-roco-telephone.html","../../images/Sketches/grins/Chico%20Roco%20telephone.jpg"
"Chuckie Grin","chuckie-grin.html","../../images/Sketches/grins/Chuckie%20Grin%20ORIGINAL.jpg"
"Count Calorie Grin","count-calorie-grin.html","../../images/Sketches/grins/Count%20Calorie%20Grin%20ORIGINAL.jpg"
"Courage Dog Grin","courage-dog-grin.html","../../images/Sketches/grins/Courage%20Dog%20Grin%20ORIGINAL.jpg"
"COVID Grin","covid-grin.html","../../images/Sketches/grins/COVID%20Grin%20ORIGINAL.jpg"
"Cow Grin","cow-grin.html","../../images/Sketches/grins/Cow%20Grin%20ORIGINAL.jpg"
"Creepy Creature","creepy-creature.html","../../images/Sketches/grins/Creepy%20Creature%20ORIGINAL.jpg"
"Croc Grin","croc-grin.html","../../images/Sketches/grins/Croc%20Grin%20ORIGINAL.jpg"
"Crossbones Crest Brooklyn Nets Grin 1","crossbones-crest-brooklyn-nets-grin-1.html","../../images/Sketches/grins/Crossbones%20Crest%20Brooklyn%20Nets%20Grin%201.jpg"
"Crossbones Crest Brooklyn Nets Grin 2","crossbones-crest-brooklyn-nets-grin-2.html","../../images/Sketches/grins/Crossbones%20Crest%20Brooklyn%20Nets%20Grin%202.jpg"
"Cryptopunk Grin","cryptopunk-grin.html","../../images/Sketches/grins/Cryptopunk%20Grin%20COLOR.png"
"DEADMAU5 Grin","deadmau5-grin.html","../../images/Sketches/grins/DEADMAU5%20Grin%20COLOR%202.jpg"
"DEADMAU5 Grin Running COLORS","deadmau5-grin-running-colors.html","../../images/Sketches/grins/DEADMAU5%20Grin%20Running%20COLORS.jpg"
"DEADMAUGrin back COLORS","deadmaugrin-back-colors.html","../../images/Sketches/grins/DEADMAUGrin%20back%20COLORS.jpg"
"DEADMAUGrin COLORS","deadmaugrin-colors.html","../../images/Sketches/grins/DEADMAUGrin%20%20COLORS.jpg"
"DEADMAUGrin side COLORS","deadmaugrin-side-colors.html","../../images/Sketches/grins/DEADMAUGrin%20side%20COLORS.jpg"
"Deputy Dog Grin","deputy-dog-grin.html","../../images/Sketches/grins/Deputy%20Dog%20Grin%20COLOR.jpg"
"Dr Bub Quack Animation 1","dr-bub-quack-animation-1.html","../../images/Sketches/grins/Dr%20Bub%20Quack%20Animation%201.jpg"
"Dr Bub Quack Animation 2","dr-bub-quack-animation-2.html","../../images/Sketches/grins/Dr%20Bub%20Quack%20Animation%202.jpg"
"Dr Bub Quack Grin","dr-bub-quack-grin.html","../../images/Sketches/grins/Dr%20Bub%20Quack%20Grin%20COLOR.jpg"
"Drink the Koolaid 1","drink-the-koolaid-1.html","../../images/Sketches/grins/Drink%20the%20Koolaid%201.png"
"Drink the Koolaid 2","drink-the-koolaid-2.html","../../images/Sketches/grins/Drink%20the%20Koolaid%202.png"
"Dripping Grin","dripping-grin.html","../../images/Sketches/grins/Dripping%20Grin%20head%20ORIGINAL%20COLOR%201.jpg"
"Droopy Dog Grin","droopy-dog-grin.html","../../images/Sketches/grins/Droopy%20Dog%20Grin%20ORIGINAL.jpg"
"Dunny Grin","dunny-grin.html","../../images/Sketches/grins/Dunny%20Grin%20front%20ORIGINAL.jpg"
"Elefanka Grin Side View","elefanka-grin-side-view.html","../../images/Sketches/grins/Elefanka%20Grin%20Side%20View%20ORIGINAL.jpg"
"Elephant Grin","elephant-grin.html","../../images/Sketches/grins/Elephant%20Grin%20ORIGINAL%202.jpg"
"Elmo Grin","elmo-grin.html","../../images/Sketches/grins/Elmo%20Grin%20ORIGINAL.jpg"
"Eminem Grin","eminem-grin.html","../../images/Sketches/grins/Eminem%20Grin%20ORIGINAL.jpg"
"Ernie Grin","ernie-grin.html","../../images/Sketches/grins/Ernie%20Grin%20ORIGINAL.jpg"
"EZ Nuts Grin","ez-nuts-grin.html","../../images/Sketches/grins/EZ%20Nuts%20Grin%20ORIGINAL.jpg"
"Fat Stormtrooper Grin","fat-stormtrooper-grin.html","../../images/Sketches/grins/Fat%20Stormtrooper%20Grin%20back%20ORIGINAL.jpg"
"Faze Banks Grin","faze-banks-grin.html","../../images/Sketches/grins/Faze%20Banks%20Grin%20COLOR.jpg"
"Felix Grin","felix-grin.html","../../images/Sketches/grins/Felix%20Grin%20Front%20ORIGINAL.jpg"
"Firecracker Skeleton Grin","firecracker-skeleton-grin.html","../../images/Sketches/grins/Firecracker%20Skeleton%20Grin%20ORIGINAL.jpg"
"Flaming O Grin","flaming-o-grin.html","../../images/Sketches/grins/Flaming%20O%20Grin%20ORIGINAL.jpg"
"Floating Grinnie","floating-grinnie.html","../../images/Sketches/grins/Floating%20Grinnie%20ORIGINAL.jpg"
"Flower Brain Grin","flower-brain-grin.html","../../images/Sketches/grins/Flower%20Brain%20Grin%20COLOR.png"
"Flower Grin","flower-grin.html","../../images/Sketches/grins/Flower%20Grin%20ORIGINAL%20COLOR.jpg"
"Flower Grin ORIGINAL COLOR (2)","flower-grin-original-color-2.html","../../images/Sketches/grins/Flower%20Grin%20ORIGINAL%20COLOR%20(2).jpg"
"Flower Grin ORIGINAL COLOR (3)","flower-grin-original-color-3.html","../../images/Sketches/grins/Flower%20Grin%20ORIGINAL%20COLOR%20(3).jpg"
"Flower Grin version 2","flower-grin-version-2.html","../../images/Sketches/grins/Flower%20Grin%20version%202%20ORIGINAL.jpg"
"Flying Grinnie","flying-grinnie.html","../../images/Sketches/grins/Flying%20Grinnie%20ORIGINAL.png"
"Foot in Mouth","foot-in-mouth.html","../../images/Sketches/grins/Foot%20in%20Mouth%20ORIGINAL%20COLOR.jpg"
"Football Grin","football-grin.html","../../images/Sketches/grins/Football%20Grin%20ORIGINAL.jpg"
"Football Player Grin","football-player-grin.html","../../images/Sketches/grins/Football%20Player%20Grin%20ORIGINAL.jpg"
"Franken Fat Grin","franken-fat-grin.html","../../images/Sketches/grins/Franken%20Fat%20Grin%20ORIGINAL.jpg"
"Franken Grin","franken-grin.html","../../images/Sketches/grins/Franken%20Grin%20COLOR.png"
"Freak Bro Afro Stache","freak-bro-afro-stache.html","../../images/Sketches/grins/Freak%20Bro%20Afro%20Stache%20ORIGINAL.jpg"
"Freak Bro Grin","freak-bro-grin.html","../../images/Sketches/grins/Freak%20Bro%20Grin%20ORIGINAL.jpg"
"Freak Cat","freak-cat.html","../../images/Sketches/grins/Freak%20Cat%20ORIGINAL.jpg"
"Garfield Grin","garfield-grin.html","../../images/Sketches/grins/Garfield%20Grin%20ORIGINAL.jpg"
"George Jetson Grin","george-jetson-grin.html","../../images/Sketches/grins/George%20Jetson%20Grin%20ORIGINAL.jpg"
"Ghostbuster Grin","ghostbuster-grin.html","../../images/Sketches/grins/Ghostbuster%20Grin%20ORIGINAL.jpg"
"Godzilla Heart Grin","godzilla-heart-grin.html","../../images/Sketches/grins/Godzilla%20Heart%20Grin%20ORIGINAL.jpg"
"Gorilla grin","gorilla-grin.html","../../images/Sketches/grins/Gorilla%20Grin%20ORIGINAL%20COLOR%201.jpg"
"Gorilla Grin 2","gorilla-grin-2.html","../../images/Sketches/grins/Gorilla%20Grin%202%20back%20ORIGINAL.jpg"
"Grim Grin","grim-grin.html","../../images/Sketches/grins/Grim%20Grin%20ORIGINAL%20COLOR.jpg"
"Grim Grin (Grin Reaper)","grim-grin-grin-reaper.html","../../images/Sketches/grins/Grim%20Grin%20(Grin%20Reaper)%20ORIGINAL.jpg"
"Grim Reaper Grin","grim-reaper-grin.html","../../images/Sketches/grins/Grim%20Reaper%20Grin%20ORIGINAL%202.jpg"
"Grim Reefer","grim-reefer.html","../../images/Sketches/grins/Grim%20Reefer%20ORIGINAL%20COLOR.jpg"
"Grin animation","grin-animation.html","../../images/Sketches/grins/Grin%20animation%20front%20ORIGINAL.jpg"
"Grin Animation front B&W (1)","grin-animation-front-b-and-w-1.html","../../images/Sketches/grins/Grin%20Animation%20front%20B&W%20(1).jpg"
"Grin Animation side B&W (1)","grin-animation-side-b-and-w-1.html","../../images/Sketches/grins/Grin%20Animation%20side%20B&W%20(1).jpg"
"Grin Baby","grin-baby.html","../../images/Sketches/grins/Grin%20Baby%20ORIGINAL.jpg"
"Grin Brain Cone","grin-brain-cone.html","../../images/Sketches/grins/Grin%20Brain%20Cone%20ORIGINAL.jpg"
"Grin Bunny Ears","grin-bunny-ears.html","../../images/Sketches/grins/Grin%20Bunny%20Ears%20B&W.jpg"
"Grin Bunny Three Ears","grin-bunny-three-ears.html","../../images/Sketches/grins/Grin%20Bunny%20Three%20Ears%20ORIGINAL.jpg"
"Grin Bunny Two Ears","grin-bunny-two-ears.html","../../images/Sketches/grins/Grin%20Bunny%20Two%20Ears%20ORIGINAL.jpg"
"Grin Car","grin-car.html","../../images/Sketches/grins/Grin%20Car%20front%20ORIGINAL.jpg"
"Grin Flower","grin-flower.html","../../images/Sketches/grins/Grin%20Flower%20ORIGINAL.jpg"
"Grin God","grin-god.html","../../images/Sketches/grins/Grin%20God%20back%20ORIGINAL.jpg"
"Grin Kitty","grin-kitty.html","../../images/Sketches/grins/Grin%20Kitty%20ORIGINAL.jpg"
"Grin Mouth","grin-mouth.html","../../images/Sketches/grins/Grin%20Mouth%20ORIGINAL.jpg"
"Grin Planet","grin-planet.html","../../images/Sketches/grins/Grin%20Planet%20B&W.png"
"Grin Reaper version 2","grin-reaper-version-2.html","../../images/Sketches/grins/Grin%20Reaper%20version%202%20B&W.jpg"
"Grin Reaper With Facemask","grin-reaper-with-facemask.html","../../images/Sketches/grins/Grin%20Reaper%20With%20Facemask%20ORIGINAL%20COLOR%201.jpg"
"Grin Smoker","grin-smoker.html","../../images/Sketches/grins/Grin%20Smoker%20copy.jpg"
"Grin Smoker B&W shaded","grin-smoker-b-and-w-shaded.html","../../images/Sketches/grins/Grin%20Smoker%20B&W%20shaded.jpg"
"Grin Smoker Portrait","grin-smoker-portrait.html","../../images/Sketches/grins/Grin%20Smoker%20Portrait%20ORIGINAL.jpg"
"Grinch Grin","grinch-grin.html","../../images/Sketches/grins/Grinch%20Grin%20ORIGINAL.jpg"
"grinne side view","grinne-side-view.html","../../images/Sketches/grins/grinne%20side%20view%20color.jpg"
"grinnie","grinnie.html","../../images/Sketches/grins/grinnie%20back%20color.jpg"
"Grinnie and Friends Totem Pole","grinnie-and-friends-totem-pole.html","../../images/Sketches/grins/Grinnie%20and%20Friends%20Totem%20Pole%20ORIGINAL.jpg"
"Grinnie Delusionville Pilot","grinnie-delusionville-pilot.html","../../images/Sketches/grins/Grinnie%20Delusionville%20Pilot%20side%20COLOR.jpg"
"Grinnie Delusionville Pilot in plane","grinnie-delusionville-pilot-in-plane.html","../../images/Sketches/grins/Grinnie%20Delusionville%20Pilot%20in%20plane%20front%20B&W.jpg"
"Grinnie Family Icon","grinnie-family-icon.html","../../images/Sketches/grins/Grinnie%20Family%20Icon%20COLOR.jpg"
"grinnie front view","grinnie-front-view.html","../../images/Sketches/grins/grinnie%20front%20view%20color.jpg"
"Grinnie on Horseback","grinnie-on-horseback.html","../../images/Sketches/grins/Grinnie%20on%20Horseback%20ORIGINAL%202.jpg"
"Grinnie Side view","grinnie-side-view.html","../../images/Sketches/grins/Grinnie%20Side%20view%20COLOR.png"
"Grinnies Grin","grinnies-grin.html","../../images/Sketches/grins/Grinnies%20Grin%20ORIGINAL%202.jpg"
"grinnies grin face animation","grinnies-grin-face-animation.html","../../images/Sketches/grins/grinnies%20grin%20face%20animation.jpg"
"Grinnies on TV","grinnies-on-tv.html","../../images/Sketches/grins/Grinnies%20on%20TV%20ORIGINAL.jpg"
"Grinnies Twins","grinnies-twins.html","../../images/Sketches/grins/Grinnies%20Twins%20ORIGINAL.jpg"
"Grinplanet Nobody","grinplanet-nobody.html","../../images/Sketches/grins/Grinplanet%20Nobody%20COLOR.jpg"
"Grouch Grin","grouch-grin.html","../../images/Sketches/grins/Grouch%20Grin%20ORIGINAL.jpg"
"Gummy Bear Grin","gummy-bear-grin.html","../../images/Sketches/grins/Gummy%20Bear%20Grin%20ORIGINAL.jpg"
