"Batch","Character","Page","Section","File"
"N-R","Ninja Turtle Grin","ninja-turtle-grin.html","Original Drawing","Ninja Turtle Grin ORIGINAL 2.jpg"
"N-R","Ninja Turtle Grin","ninja-turtle-grin.html","Original Drawing","Ninja Turtle Grin ORIGINAL.jpg"
"N-R","Ninja Turtle Grin","ninja-turtle-grin.html","Digitized Versions","Ninja Turtle Grin COLOR.jpg"
"N-R","Olive Oil Grin","olive-oil-grin.html","Original Drawing","Olive Oil Grin ORIGINAL.jpg"
"N-R","Orion Grin","orion-grin.html","Original Drawing","Orion Grin head front ORIGINAL.jpg"
"N-R","Orion Grin","orion-grin.html","Original Drawing","Orion Grin head side ORIGINAL.jpg"
"N-R","Orion Grin","orion-grin.html","Original Drawing","Orion Grin side ORIGINAL.jpeg"
"N-R","Panda Bear Grin","panda-bear-grin.html","Original Drawing","Panda Bear Grin ORIGINAL.jpg"
"N-R","Panda Bear Grin","panda-bear-grin.html","Digitized Versions","Panda Bear Grin COLOR.jpg"
"N-R","Panda Grin","panda-grin.html","Original Drawing","Panda Grin ORIGINAL.jpg"
"N-R","Patrick Grin","patrick-grin.html","Original Drawing","Patrick Grin ORIGINAL.jpg"
"N-R","Patrick Grin","patrick-grin.html","Original Drawing","Patrick Grin ORIGINAL COLOR.jpg"
"N-R","Patrick Grin","patrick-grin.html","Digitized Versions","Patrick Grin COLOR.jpg"
"N-R","Patrick Grin in Water","patrick-grin-in-water.html","Original Drawing","Patrick Grin in Water ORIGINAL.jpg"
"N-R","Patrick Grin in Water","patrick-grin-in-water.html","Digitized Versions","Patrick Grin in Water B&W.jpg"
"N-R","Patrick Grin in Water","patrick-grin-in-water.html","Digitized Versions","Patrick Grin in Water COLOR.jpg"
"N-R","Peko Girl Grin","peko-girl-grin.html","Original Drawing","Peko Girl Grin ORIGINAL.jpg"
"N-R","Peko Girl Grin","peko-girl-grin.html","Digitized Versions","Peko Girl Grin B&W.jpg"
"N-R","Pepz Boy Grin","pepz-boy-grin.html","Original Drawing","Pepz Boy Grin ORIGINAL.jpeg"
"N-R","Pepz Boy Grin","pepz-boy-grin.html","Original Drawing","Pepz Boy Grin ORIGINAL.jpg"
"N-R","Peter Grin","peter-grin.html","Original Drawing","Peter Grin ORIGINAL.jpg"
"N-R","Peter Potamus Grin","peter-potamus-grin.html","Original Drawing","Peter Potamus Grin ORIGINAL.jpg"
"N-R","pinnochio grin right side - Trace girl - colored by susan - png","pinnochio-grin-right-side-trace-girl-colored-by-susan-png.html","Digitized Versions","pinnochio grin right side - Trace girl - colored by susan - png.jpg"
"N-R","pinnochio grin three quarters - Trace girl - colored by susan - png","pinnochio-grin-three-quarters-trace-girl-colored-by-susan-png.html","Digitized Versions","pinnochio grin three quarters - Trace girl - colored by susan - png.jpg"
"N-R","Pinocchio Grin","pinocchio-grin.html","Original Drawing","Pinocchio Grin front ORIGINAL.jpg"
"N-R","Pinocchio Grin","pinocchio-grin.html","Original Drawing","Pinocchio Grin back ORIGINAL.jpg"
"N-R","Pinocchio Grin","pinocchio-grin.html","Original Drawing","Pinocchio Grin Left Side ORIGINAL.jpg"
"N-R","Pinocchio Grin","pinocchio-grin.html","Original Drawing","Pinocchio Grin Right Side ORIGINAL.jpg"
"N-R","Pinocchio Grin","pinocchio-grin.html","Digitized Versions","Pinocchio Grin front B&W.jpg"
"N-R","Pinocchio Grin","pinocchio-grin.html","Digitized Versions","Pinocchio Grin back B&W.jpg"
"N-R","Pinocchio Grin","pinocchio-grin.html","Digitized Versions","Pinocchio Grin back COLOR.jpg"
"N-R","Pinocchio Grin","pinocchio-grin.html","Digitized Versions","Pinocchio Grin Left Side COLOR.jpg"
"N-R","Pinocchio Grin Left Side portrait","pinocchio-grin-left-side-portrait.html","Original Drawing","Pinocchio Grin Left Side portrait ORIGINAL.jpg"
"N-R","Pinocchio Grin Three Quarters","pinocchio-grin-three-quarters.html","Digitized Versions","Pinocchio Grin Three Quarters B&W.jpg"
"N-R","Pizza This","pizza-this.html","Original Drawing","Pizza This ORIGINAL.jpg"
"N-R","Plush Bear Grin","plush-bear-grin.html","Digitized Versions","Plush Bear Grin front B&W.jpg"
"N-R","Plush Bear Grin","plush-bear-grin.html","Digitized Versions","Plush Bear Grin front COLOR.jpg"
"N-R","Plush Bear Grinnies","plush-bear-grinnies.html","Original Drawing","Plush Bear Grinnies ORIGINAL COLOR.jpg"
"N-R","Plush Grin","plush-grin.html","Original Drawing","Plush Grin front ORIGINAL COLOR.jpg"
"N-R","Plush Grin","plush-grin.html","Original Drawing","Plush Grin back ORIGINAL COLOR.jpg"
"N-R","Popeye Butthead Grin","popeye-butthead-grin.html","Original Drawing","Popeye Butthead Grin ORIGINAL.jpg"
"N-R","Powerpuff Girl Bubbles Grin","powerpuff-girl-bubbles-grin.html","Original Drawing","Powerpuff Girl Bubbles Grin ORIGINAL.jpg"
"N-R","Pumpkin Grin","pumpkin-grin.html","Original Drawing","Pumpkin Grin Side View ORIGINAL.jpg"
"N-R","Pumpkin Grin","pumpkin-grin.html","Original Drawing","Pumpkin Grin ORIGINAL.jpg"
"N-R","Pumpkin Grin","pumpkin-grin.html","Digitized Versions","Pumpkin Grin Side View COLOR.jpg"
"N-R","Pumpkin Grin","pumpkin-grin.html","Digitized Versions","Pumpkin Grin COLOR.jpg"
"N-R","Qhrist Grin 1","qhrist-grin-1.html","Original Drawing","Qhrist Grin 1 ORIGINAL.jpg"
"N-R","Qhrist Grin 1","qhrist-grin-1.html","Digitized Versions","Qhrist Grin 1 COLOR.jpg"
"N-R","Qhrist Grin 2","qhrist-grin-2.html","Original Drawing","Qhrist Grin 2 ORIGINAL.jpg"
"N-R","Qhrist Grin 2","qhrist-grin-2.html","Digitized Versions","Qhrist Grin 2 B&W.png"
"N-R","Qhrist Grin 2","qhrist-grin-2.html","Collector Cards","Qhrist Grin 2 card.jpg"
"N-R","Quick Draw McGraw Grin","quick-draw-mcgraw-grin.html","Original Drawing","Quick Draw McGraw Grin ORIGINAL.jpg"
"N-R","Rabbbit Double Grin Mouth","rabbbit-double-grin-mouth.html","Original Drawing","Rabbbit Double Grin Mouth ORIGINAL.jpg"
"N-R","Rabbbit Double Grin Mouth","rabbbit-double-grin-mouth.html","Digitized Versions","Rabbbit Double Grin Mouth B&W.jpg"
"N-R","Rabbbit Grin","rabbbit-grin.html","Original Drawing","Rabbbit Grin ORIGINAL.jpg"
"N-R","Rabbbit Grin","rabbbit-grin.html","Original Drawing","Rabbbit Grin ORIGINAL COLOR.jpg"
"N-R","Rabbbit Grin","rabbbit-grin.html","Digitized Versions","Rabbbit Grin B&W.jpg"
"N-R","Rabbbit Grin","rabbbit-grin.html","Digitized Versions","Rabbbit Grin COLOR.jpg"
"N-R","Rabbbit Grin mouth","rabbbit-grin-mouth.html","Original Drawing","Rabbbit Grin mouth ORIGINAL.jpg"
"N-R","Rabbbit Grin version 2","rabbbit-grin-version-2.html","Original Drawing","Rabbbit Grin version 2 front ORIGINAL.jpg"
"N-R","Rabbbit Grin version 2","rabbbit-grin-version-2.html","Original Drawing","Rabbbit Grin version 2 back ORIGINAL.jpg"
"N-R","Rabbbit Grin version 2","rabbbit-grin-version-2.html","Digitized Versions","Rabbbit Grin version 2 front B&W.jpg"
"N-R","Rabbbit Grin version 2","rabbbit-grin-version-2.html","Digitized Versions","Rabbbit Grin version 2 front COLOR.jpg"
"N-R","Rabbbit Grin version 2 three quarters","rabbbit-grin-version-2-three-quarters.html","Original Drawing","Rabbbit Grin version 2 three quarters ORIGINAL.jpg"
"N-R","Rabbbit Grin version 2 three quarters","rabbbit-grin-version-2-three-quarters.html","Digitized Versions","Rabbbit Grin version 2 three quarters COLOR.jpg"
"N-R","Rabbbit Skull Grin","rabbbit-skull-grin.html","Original Drawing","Rabbbit Skull Grin ORIGINAL.jpg"
"N-R","Rabbbit Skull Grin","rabbbit-skull-grin.html","Original Drawing","Rabbbit Skull Grin ORIGINAL COLOR.jpg"
"N-R","Rabbbit Skull Grin","rabbbit-skull-grin.html","Digitized Versions","Rabbbit Skull Grin B&W.jpg"
"N-R","Rabbbit with Fangs","rabbbit-with-fangs.html","Original Drawing","Rabbbit with Fangs side ORIGINAL.jpg"
"N-R","Rabbbit with Fangs","rabbbit-with-fangs.html","Digitized Versions","Rabbbit with Fangs side COLOR.jpg"
"N-R","Rabbit Grin","rabbit-grin.html","Original Drawing","Rabbit Grin ORIGINAL.jpg"
"N-R","Rabbit Grin 2","rabbit-grin-2.html","Original Drawing","Rabbit Grin 2 ORIGINAL.jpg"
"N-R","Rabbit Grin 2","rabbit-grin-2.html","Digitized Versions","Rabbit Grin 2 COLOR.jpg"
"N-R","Ramones Grin 1","ramones-grin-1.html","Original Drawing","Ramones Grin 1 ORIGINAL.jpg"
"N-R","Ramones Grin 2","ramones-grin-2.html","Original Drawing","Ramones Grin 2 ORIGINAL.jpg"
"N-R","Ramones Grin 3","ramones-grin-3.html","Original Drawing","Ramones Grin 3 ORIGINAL.jpg"
"N-R","Ramones Grin 4","ramones-grin-4.html","Original Drawing","Ramones Grin 4 ORIGINAL.jpg"
"N-R","Ramones Grin 5","ramones-grin-5.html","Original Drawing","Ramones Grin 5 ORIGINAL.jpg"
"N-R","Richie Grin","richie-grin.html","Original Drawing","Richie Grin ORIGINAL.jpg"
"N-R","Richie Grin","richie-grin.html","Original Drawing","Richie Grin ORIGINAL COLOR.jpg"
"N-R","Robbie Spray Grin","robbie-spray-grin.html","Digitized Versions","Robbie Spray Grin.jpg"
"N-R","Robbie Spray Grin","robbie-spray-grin.html","Digitized Versions","Robbie Spray Grin COLOR.jpg"
"N-R","Robby Robot Grin","robby-robot-grin.html","Original Drawing","Robby Robot Grin ORIGINAL.jpg"
"N-R","Robby Robot Grin","robby-robot-grin.html","Digitized Versions","Robby Robot Grin B&W.jpg"
"N-R","Ron Fink Grin","ron-fink-grin.html","Original Drawing","Ron Fink Grin ORIGINAL.jpg"
"N-R","Ron Fink Grin","ron-fink-grin.html","Digitized Versions","Ron Fink Grin B&W.jpg"
"N-R","Ron Fink Grin","ron-fink-grin.html","Digitized Versions","Ron Fink Grin COLOR.jpg"
"N-R","Ron Fink Grin ORIGINAL (2)","ron-fink-grin-original-2.html","Original Drawing","Ron Fink Grin ORIGINAL (2).jpg"
"N-R","Rosie Jetson Grin","rosie-jetson-grin.html","Original Drawing","Rosie Jetson Grin ORIGINAL.jpg"
"N-R","Rugrat Grin","rugrat-grin.html","Original Drawing","Rugrat Grin ORIGINAL.jpg"
