"Title","Href"
"Alien Baby Grin","alien-baby-grin.html"
"Alien Grin","alien-grin.html"
"Angel Grin","angel-grin.html"
"Angel Wings Grin","angel-wings-grin.html"
"Artist Grin","artist-grin.html"
"Astro Boy Grin","astro-boy-grin.html"
"Astrogrin","astrogrin.html"
"Babalouie Grin","babalouie-grin.html"
"Baby Grin","baby-grin.html"
"Baby Grin 2","baby-grin-2.html"
"Badly Drawn Batman Grin","badly-drawn-batman-grin.html"
"Barney Grin","barney-grin.html"
"Bart Grin","bart-grin.html"
"Bartman Grin","bartman-grin.html"
"Baseball Grin","baseball-grin.html"
"Basketball Bulldog Grin","basketball-bulldog-grin.html"
"Basketball Grin","basketball-grin.html"
"Bat Grin","bat-grin.html"
"Bat Grin Version 2","bat-grin-version-2.html"
"Batman Grin","batman-grin.html"
"Batman Grin and Robin 2","batman-grin-and-robin-2.html"
"Batman Grin Icon","batman-grin-icon.html"
"Batman Grin Torso","batman-grin-torso.html"
"Battle Cat Grin","battle-cat-grin.html"
"Battle Skull Grin","battle-skull-grin.html"
"Bear Grin Forked Tongue","bear-grin-forked-tongue.html"
"Bearbrick Skull","bearbrick-skull.html"
"Beast Man Grin","beast-man-grin.html"
"Bert Grin","bert-grin.html"
"Big Boy Grin","big-boy-grin.html"
"Biggie Grin","biggie-grin.html"
"Blanka Grin","blanka-grin.html"
"Blotchy Grin","blotchy-grin.html"
"Blue's Clues Grin","blue-from-blue-s-clues-grin.html"
"Boba Fett Grin","boba-fett-grin.html"
"Boo Boo Bear Grin","boo-boo-bear-grin.html"
"Bored Ape Grin","bored-ape-grin.html"
"B-Rex Grin","b-rex-grin.html"
"Bugs Grin","bugs-grin.html"
"Bulldog Grin","bulldog-grin.html"
"Businessman Grin","businessman-grin.html"
"Butterfly Wings Grin","butterfly-wings-grin.html"
"C3PO Grin","c3po-grin.html"
"Cafeteria Lady Grin","cafeteria-lady-grin.html"
"Cap'n Cornstarch Grin","cap-n-cornstarch-grin.html"
"Carmelo Grin","carmelo-grin.html"
"Carousel Grinnie","carousel-grinnie.html"
"Cartman Grin","cartman-grin.html"
"Cat Grin","cat-grin.html"
"Cat in Hat Grin","cat-in-hat-grin.html"
"Catbrain Grin","catbrain-grin.html"
"Charlie Brown Grin","charlie-brown-grin.html"
"Charlie Grin X Ray","charlie-grin-x-ray.html"
"Cheshire Cat Grin","cheshire-cat-grin.html"
"Chico Roco","chico-roco-grin.html"
"Chuckie Grin","chuckie-grin.html"
"Count Calorie","count-calorie-grin.html"
"Courage Grin","courage-dog-grin.html"
"COVID Grin","covid-grin.html"
"Cow Grin","cow-grin.html"
"Creepy Creature","creepy-creature.html"
"Croc Grin","croc-grin.html"
"Crossbones Crest Brooklyn Nets Grin 1","crossbones-crest-brooklyn-nets-grin-1.html"
"Cryptopunk Grin","cryptopunk-grin.html"
"Darth Vader Grin","darth-vader-grin.html"
"David Grin","david-grin.html"
"DEADMAU5 Grin","deadmau5-grin.html"
"Dementon Grin","dementon-grin.html"
"Deputy Dog Grin","deputy-dog-grin.html"
"Devil Grin","devil-grin.html"
"Devine Devil","devine-devil.html"
"Dino Heart Grin","dino-heart-grin.html"
"DJ Grin","dj-grin.html"
"Dog Grin","dog-grin.html"
"Dog Head Grin","dog-head-grin.html"
"Dr Bub Quack Grin","dr-bub-quack-grin.html"
"Dripping Grin","dripping-grin.html"
"Droopy Dog Grin","droopy-dog-grin.html"
"Dunny Grin","dunny-grin.html"
"Elefanka Grin","elefanka-grin.html"
"Elefanka With Angel Wings Grin","elefanka-with-angel-wings-grin.html"
"Elephant Grin","elephant-grin.html"
"Elmo Grin","elmo-grin.html"
"Eminem Grin","eminem-grin.html"
"Ernie Grin","ernie-grin.html"
"EZ Nuts Grin","ez-nuts-grin.html"
"Fat Stormtrooper Grin","fat-stormtrooper-grin.html"
"Faze Banks Grin","faze-banks-grin.html"
"Felix Grin","felix-grin.html"
"Finn Grin","finn-grin.html"
"Firecracker Skeleton Grin","firecracker-skeleton-grin.html"
"Flaming O Grin","flaming-o-grin.html"
"Floating Grinnie","floating-grinnie.html"
"Flower Brain Grin","flower-brain-grin.html"
"Flower Grin","flower-grin.html"
"Flower Grin version 2","flower-grin-version-2.html"
"Foot in Mouth","foot-in-mouth.html"
"Football Grin","football-grin.html"
"Football Player Grin","football-player-grin.html"
"Franken Fat Grin","franken-fat-grin.html"
"Franken Grin","franken-grin.html"
"Freak Bro Afro Stache","freak-bro-afro-stache.html"
"Freak Bro Grin","freak-bro-grin.html"
"Freak Cat","freak-cat.html"
"Freddy Funko Grin","freddy-funko-grin.html"
"Freddy Funko Grin 2","freddy-funko-grin-2.html"
"Garfield Grin","garfield-grin.html"
"George Jetson Grin","george-jetson-grin.html"
"Ghostbuster Grin","ghostbuster-grin.html"
"Globe Grin","globe-grin.html"
"Godzilla Heart Grin","godzilla-heart-grin.html"
"Gorilla Grin","gorilla-grin.html"
"Gorilla Grin 2","gorilla-grin-2.html"
"Grim Grin","grim-grin.html"
"Grin","grin.html"
"Grin Brain Cone","grin-brain-cone.html"
"Grin Bunny Ears","grin-bunny-ears.html"
"Grin Car","grin-car.html"
"Grin Flower","grin-flower.html"
"Grin God","grin-god.html"
"Grin Kitty","grin-kitty.html"
"Grin Mouth","grin-mouth.html"
"Grin Planet","grin-planet.html"
"Grin Reaper version 2","grin-reaper-version-2.html"
"Grin Reaper With Facemask","grin-reaper-with-facemask.html"
"Grin Smoker","grin-smoker.html"
"Grinch Grin","grinch-grin.html"
"grinne side view","grinne-side-view.html"
"Grinnie","grinnie.html"
"Grinnie Delusionville Pilot","grinnie-delusionville-pilot.html"
"Grinnie on Horseback","grinnie-on-horseback.html"
"Grinnies Grin","grinnies-grin.html"
"Grinnies on TV","grinnies-on-tv.html"
"Grinplanet Nobody","grinplanet-nobody.html"
"Grogu Grin","grogu-grin.html"
"Grouch Grin","grouch-grin.html"
"Gummy Bear Grin","gummy-bear-grin.html"
"Hawaiian Punch Grin","hawaiian-punch-grin.html"
"Hello Kitty Grin","hello-kitty-grin.html"
"Homer Grin","homer-grin.html"
"Honey Butts Grin","honey-butts-grin.html"
"Hound Grin","hound-grin.html"
"HR Puffenstuff Grin","hr-puffenstuff-grin.html"
"Jake Grin","jake-grin.html"
"Jane Jetson Grin","jane-jetson-grin.html"
"Jeremiah Grin","jeremiah-grin.html"
"Jimi Hendrix Grin","jimi-hendrix-grin.html"
"Joker Grin","joker-grin.html"
"Kanegon Grin","kanegon-grin.html"
"Kevin Durant Grin","kevin-durant-grin.html"
"Kiss Gene Grin","kiss-gene-grin.html"
"Krusty the Clown Grin","krusty-the-clown-grin.html"
"Kursed Grin","kursed-grin.html"
"Lagoon Creature Grin","lagoon-creature-grin.html"
"Lemon Boy grin","lemon-boy-grin.html"
"Liberty Grin","liberty-grin.html"
"Lion Face Grin","lion-face-grin.html"
"Lisa grin","lisa-grin.html"
"Lucky Cat Grin","lucky-cat-grin.html"
"M.U.S.C.L.E. He-Man Grinnie","m-u-s-c-l-e-he-man-grinnie.html"
"Mad Mickey Grin","mad-mickey-grin.html"
"Maggie Grin","maggie-grin.html"
"Man Shark","man-shark.html"
"Manny Pacquaio Grin","manny-pacquaio-grin.html"
"Marge Grin","marge-grin.html"
"Mario Grin","mario-grin.html"
"Max Grin","max-grin.html"
"MC Grin","mc-grin.html"
"Melting Grinnie","melting-grinnie.html"
"Melting Monster Grin","melting-monster-grin.html"
"Mentadusa","mentadusa.html"
"Mickey Grin","mickey-grin.html"
"Mishka Eyeball Grin","mishka-eyeball-grin.html"
"Modzilla Grin","modzilla-grin.html"
"Mogul Grin","mogul-grin.html"
"Monkey Shiner Angel Grin","monkey-shiner-angel-grin.html"
"Monkey Shriner Grin","monkey-shriner-grin.html"
"Mounted Gorilla Grin","mounted-gorilla-grin.html"
"Mouth Grin","mouth-grin.html"
"Mr Met Grin","mr-met-grin.html"
"Mr Potato Grin","mr-potato-grin.html"
"Mummy Grin","mummy-grin.html"
"Mush Man Grin","mush-man-grin.html"
"Mutley Grin","mutley-grin.html"
"Negative Positive Grin","negative-positive-grin.html"
"Ninja Turtle Grin","ninja-turtle-grin.html"
"Olive Oil Grin","olive-oil-grin.html"
"Orion Grin","orion-grin.html"
"Panda Bear Grin","panda-bear-grin.html"
"Patrick Grin","patrick-grin.html"
"Peko Girl Grin","peko-girl-grin.html"
"Pepz Boy Grin","pepz-boy-grin.html"
"Peter Grin","peter-grin.html"
"Peter Potamus Grin","peter-potamus-grin.html"
"Pinocchio Grin","pinocchio-grin.html"
"Pizza This Grin","pizza-this-grin.html"
"Plush Bear Grin","plush-bear-grin.html"
"Plush Grin","plush-grin.html"
"Popeye Butthead Grin","popeye-butthead-grin.html"
"Powerpuff Girl Bubbles Grin","powerpuff-girl-bubbles-grin.html"
"Pumpkin Grin","pumpkin-grin.html"
"Qhrist Grin 1","qhrist-grin-1.html"
"Quick Draw McGraw Grin","quick-draw-mcgraw-grin.html"
"Rabbbit Grin","rabbbit-grin.html"
"Rabbit Grin","rabbit-grin.html"
"Rabbit Grin 2","rabbit-grin-2.html"
"Ramones Grin","ramones-grin.html"
"Richie Grin","richie-grin.html"
"Robbie Spray Grin","robbie-spray-grin.html"
"Robby Robot Grin","robby-robot-grin.html"
"Ron Fink Grin","ron-fink-grin.html"
"Ron Grin Face Icon","ron-grin-face-icon.html"
"Rosie Jetson Grin","rosie-jetson-grin.html"
"Rugrat Grin","rugrat-grin.html"
"Santa Cruz Hand Grin","santa-cruz-hand-grin.html"
"Santa Grin","santa-grin.html"
"Scooby Doo Grin","scooby-doo-grin.html"
"Scream Grin","scream-grin.html"
"Sever Fairy Landshark Grin","sever-fairy-landshark-grin-mickey-fin.html"
"Shark Grin Hotrod","shark-grin-hotrod.html"
"Simpsons Family","simpsons-family.html"
"Skeleton Grin","skeleton-grin.html"
"Slo Moe Grin","slo-moe-grin.html"
"Slushsquatch Grin","slushsquatch-grin.html"
"Smack, Crack, Pop Grin","smack-crack-pop-grin.html"
"Smiley Face Dog Grin Newcastle","smiley-face-dog-grin-newcastle.html"
"Smoking Grin","smoking-grin.html"
"Smurf Grin","smurf-grin.html"
"Smurfette Grin","smurfette-grin.html"
"Snoopy Grin","snoopy-grin.html"
"Snoopy Traditional Grin","snoopy-traditional-grin.html"
"Snoopy Traditional Grin 2","snoopy-traditional-grin-2.html"
"Soccer Ball Grin","soccer-ball-grin.html"
"Sock Monkey Grin","sock-monkey-grin.html"
"Sonic Grin","sonic-grin.html"
"Space Shark Grin","space-shark-grin.html"
"Spaz Grin","spaz-grin.html"
"Speak More Evil Grin","speak-more-evil-grin.html"
"Spitting Grin","spitting-grin.html"
"Spongebob Grin","spongebob-grin.html"
"Squirrel Squirt Grin","squirrel-squirt-grin.html"
"Staples Pigeon Grin","staples-pigeon-grin.html"
"Starskull Trooper Grin","starskull-trooper-grin.html"
"Stewie Grin","stewie-grin.html"
"Stitch Grin","stitch-grin.html"
"Stormtrooper Grin","stormtrooper-grin.html"
"Street Fighter Guile Grin","street-fighter-guile-grin.html"
"Sugar Clown Grin","sugar-clown-grin.html"
"Sugar Diabetic Bear Grin","sugar-diabetic-bear-grin.html"
"Sugar Smack Grin","sugar-smack-grin.html"
"Surf Girl Grin","surf-girl-grin.html"
"Taz Grin","taz-grin.html"
"Techno Kitten Grin","techno-kitten-grin.html"
"Teddy Bear Grin","teddy-bear-grin.html"
"Telegrinnie","telegrinnie.html"
"Tiger Grin","tiger-grin.html"
"Tiger Sphinx Grin","tiger-sphinx-grin.html"
"Timid Shark Grin","timid-shark-grin.html"
"Timmy Turner Grin","timmy-turner-grin.html"
"Tmnt Leonardo Grin","tmnt-leonardo-grin.html"
"TMNT Michelangelo Grin","tmnt-michelangelo-grin.html"
"Tmnt Raphael Grin","tmnt-raphael-grin.html"
"Tom N Jerry Grins","tom-n-jerry-grins.html"
"Tony Tiger Grin","tony-tiger-grin.html"
"Topcat Grin","topcat-grin.html"
"Trippy Grin","trippy-grin.html"
"Tupac Grin","tupac-grin.html"
"Tweetie Grin","tweetie-grin.html"
"Ultraman Grin","ultraman-grin.html"
"Unicorn Grin","unicorn-grin.html"
"Unipig Grin","unipig-grin.html"
"Urban Bigfoot Grin","urban-bigfoot-grin.html"
"Vampire Grin","vampire-grin.html"
"Wing Grin","wing-grin.html"
"Wolf Grin","wolf-grin.html"
"Woodstock Grin","woodstock-grin.html"
"Yellow Submarine Grin","yellow-submarine-grin.html"
"Yin Yang Face Grin","yin-yang-face-grin.html"
"Yin Yang Grin 1","yin-yang-grin-1.html"
"Yin Yang Grin 2","yin-yang-grin-2.html"
"Yogi Bear Grin","yogi-bear-grin.html"
"Yucky Charmer Grin","yucky-charmer-grin.html"
"Zephyr Zelephant Grin","zephyr-zelephant-grin.html"
