"RepoName","WorkTitleOrPageTitle","RelativeHtmlPath","PublicPageURL","ImageReferenceCount","Message"
"Aliens","Aliens","Sketches\aliens\index.html","https://ronenglish-archive.github.io/ron-english-sketches-aliens/Sketches/aliens/index.html","0","Skipped as likely index/category page."
"Aliens","Aliens","Sketches\index.html","https://ronenglish-archive.github.io/ron-english-sketches-aliens/Sketches/index.html","0","Skipped as likely index/category page."
"Animals","Frogs","Sketches\amphibians\frogs\index.html","https://ronenglish-archive.github.io/ron-english-sketches-animals/Sketches/amphibians/frogs/index.html","8","Skipped as likely index/category page."
"Animals","Amphibians","Sketches\amphibians\index.html","https://ronenglish-archive.github.io/ron-english-sketches-animals/Sketches/amphibians/index.html","2","Skipped as likely index/category page."
"Animals","Salamanders","Sketches\amphibians\salamanders\index.html","https://ronenglish-archive.github.io/ron-english-sketches-animals/Sketches/amphibians/salamanders/index.html","17","Skipped as likely index/category page."
"Animals","Aquatic Dwellers","Sketches\aquatic-dwellers\index.html","https://ronenglish-archive.github.io/ron-english-sketches-animals/Sketches/aquatic-dwellers/index.html","7","Skipped as likely index/category page."
"Animals","Chickens","Sketches\avians\chickens\index.html","https://ronenglish-archive.github.io/ron-english-sketches-animals/Sketches/avians/chickens/index.html","1","Skipped as likely index/category page."
"Animals","Avians","Sketches\avians\index.html","https://ronenglish-archive.github.io/ron-english-sketches-animals/Sketches/avians/index.html","4","Skipped as likely index/category page."
"Animals","Bears","Sketches\bears\index.html","https://ronenglish-archive.github.io/ron-english-sketches-animals/Sketches/bears/index.html","8","Skipped as likely index/category page."
"Animals","Bigfoot","Sketches\bigfoot\index.html","https://ronenglish-archive.github.io/ron-english-sketches-animals/Sketches/bigfoot/index.html","17","Skipped as likely index/category page."
"Animals","Cats","Sketches\canines-and-felines\cats\index.html","https://ronenglish-archive.github.io/ron-english-sketches-animals/Sketches/canines-and-felines/cats/index.html","20","Skipped as likely index/category page."
"Animals","Dogs","Sketches\canines-and-felines\dogs\index.html","https://ronenglish-archive.github.io/ron-english-sketches-animals/Sketches/canines-and-felines/dogs/index.html","20","Skipped as likely index/category page."
"Animals","Foxes","Sketches\canines-and-felines\foxes\index.html","https://ronenglish-archive.github.io/ron-english-sketches-animals/Sketches/canines-and-felines/foxes/index.html","7","Skipped as likely index/category page."
"Animals","Canines and Felines","Sketches\canines-and-felines\index.html","https://ronenglish-archive.github.io/ron-english-sketches-animals/Sketches/canines-and-felines/index.html","4","Skipped as likely index/category page."
"Animals","Wolves","Sketches\canines-and-felines\wolves\index.html","https://ronenglish-archive.github.io/ron-english-sketches-animals/Sketches/canines-and-felines/wolves/index.html","18","Skipped as likely index/category page."
"Animals","Animals","Sketches\index.html","https://ronenglish-archive.github.io/ron-english-sketches-animals/Sketches/index.html","0","Skipped as likely index/category page."
"Animals","Insects","Sketches\insects\index.html","https://ronenglish-archive.github.io/ron-english-sketches-animals/Sketches/insects/index.html","2","Skipped as likely index/category page."
"Animals","Monkeys","Sketches\monkeys\index.html","https://ronenglish-archive.github.io/ron-english-sketches-animals/Sketches/monkeys/index.html","16","Skipped as likely index/category page."
"Animals","Alligators","Sketches\reptiles\alligators\index.html","https://ronenglish-archive.github.io/ron-english-sketches-animals/Sketches/reptiles/alligators/index.html","1","Skipped as likely index/category page."
"Animals","Chameleons","Sketches\reptiles\chameleons\index.html","https://ronenglish-archive.github.io/ron-english-sketches-animals/Sketches/reptiles/chameleons/index.html","1","Skipped as likely index/category page."
"Animals","Dinosaurs","Sketches\reptiles\dinosaurs\index.html","https://ronenglish-archive.github.io/ron-english-sketches-animals/Sketches/reptiles/dinosaurs/index.html","9","Skipped as likely index/category page."
"Animals","Reptiles","Sketches\reptiles\index.html","https://ronenglish-archive.github.io/ron-english-sketches-animals/Sketches/reptiles/index.html","6","Skipped as likely index/category page."
"Animals","Poultry Rex","Sketches\reptiles\poultry-rex\index.html","https://ronenglish-archive.github.io/ron-english-sketches-animals/Sketches/reptiles/poultry-rex/index.html","5","Skipped as likely index/category page."
"Animals","Snakes","Sketches\reptiles\snakes\index.html","https://ronenglish-archive.github.io/ron-english-sketches-animals/Sketches/reptiles/snakes/index.html","2","Skipped as likely index/category page."
"Animals","Turtles","Sketches\reptiles\turtles\index.html","https://ronenglish-archive.github.io/ron-english-sketches-animals/Sketches/reptiles/turtles/index.html","14","Skipped as likely index/category page."
"Animals","Bats","Sketches\small-mammals\bats\index.html","https://ronenglish-archive.github.io/ron-english-sketches-animals/Sketches/small-mammals/bats/index.html","6","Skipped as likely index/category page."
"Animals","Fact Ferrets","Sketches\small-mammals\fact-ferrets\index.html","https://ronenglish-archive.github.io/ron-english-sketches-animals/Sketches/small-mammals/fact-ferrets/index.html","7","Skipped as likely index/category page."
"Animals","Groundhogs","Sketches\small-mammals\groundhogs\index.html","https://ronenglish-archive.github.io/ron-english-sketches-animals/Sketches/small-mammals/groundhogs/index.html","1","Skipped as likely index/category page."
"Animals","Small Mammals","Sketches\small-mammals\index.html","https://ronenglish-archive.github.io/ron-english-sketches-animals/Sketches/small-mammals/index.html","8","Skipped as likely index/category page."
"Animals","Mice","Sketches\small-mammals\mice\index.html","https://ronenglish-archive.github.io/ron-english-sketches-animals/Sketches/small-mammals/mice/index.html","25","Skipped as likely index/category page."
"Animals","Rabbits","Sketches\small-mammals\rabbits\index.html","https://ronenglish-archive.github.io/ron-english-sketches-animals/Sketches/small-mammals/rabbits/index.html","45","Skipped as likely index/category page."
"Animals","Raccoons","Sketches\small-mammals\raccoons\index.html","https://ronenglish-archive.github.io/ron-english-sketches-animals/Sketches/small-mammals/raccoons/index.html","4","Skipped as likely index/category page."
"Animals","Skunks","Sketches\small-mammals\skunks\index.html","https://ronenglish-archive.github.io/ron-english-sketches-animals/Sketches/small-mammals/skunks/index.html","6","Skipped as likely index/category page."
"Animals","Squirrels","Sketches\small-mammals\squirrels\index.html","https://ronenglish-archive.github.io/ron-english-sketches-animals/Sketches/small-mammals/squirrels/index.html","7","Skipped as likely index/category page."
"Animals","Snails","Sketches\snails\index.html","https://ronenglish-archive.github.io/ron-english-sketches-animals/Sketches/snails/index.html","7","Skipped as likely index/category page."
"Animals","Camels","Sketches\ungulates\camels\index.html","https://ronenglish-archive.github.io/ron-english-sketches-animals/Sketches/ungulates/camels/index.html","8","Skipped as likely index/category page."
"Animals","Cattle","Sketches\ungulates\cattle\index.html","https://ronenglish-archive.github.io/ron-english-sketches-animals/Sketches/ungulates/cattle/index.html","37","Skipped as likely index/category page."
"Animals","Deer","Sketches\ungulates\deer\index.html","https://ronenglish-archive.github.io/ron-english-sketches-animals/Sketches/ungulates/deer/index.html","4","Skipped as likely index/category page."
"Animals","Elephants","Sketches\ungulates\elephants\index.html","https://ronenglish-archive.github.io/ron-english-sketches-animals/Sketches/ungulates/elephants/index.html","11","Skipped as likely index/category page."
"Animals","Equines","Sketches\ungulates\equines\index.html","https://ronenglish-archive.github.io/ron-english-sketches-animals/Sketches/ungulates/equines/index.html","16","Skipped as likely index/category page."
"Animals","Ungulates","Sketches\ungulates\index.html","https://ronenglish-archive.github.io/ron-english-sketches-animals/Sketches/ungulates/index.html","7","Skipped as likely index/category page."
"Animals","Sheep","Sketches\ungulates\sheep\index.html","https://ronenglish-archive.github.io/ron-english-sketches-animals/Sketches/ungulates/sheep/index.html","10","Skipped as likely index/category page."
"Grins","Grins","Sketches\grins\index.html","https://ronenglish-archive.github.io/ron-english-sketches-grins/Sketches/grins/index.html","271","Skipped as likely index/category page."
"Grins","Grins","Sketches\index.html","https://ronenglish-archive.github.io/ron-english-sketches-grins/Sketches/index.html","0","Skipped as likely index/category page."
"Mythic Dark","Brains","Sketches\brains\index.html","https://ronenglish-archive.github.io/ron-english-sketches-mythic-dark/Sketches/brains/index.html","24","Skipped as likely index/category page."
"Mythic Dark","Mythic / Dark","Sketches\index.html","https://ronenglish-archive.github.io/ron-english-sketches-mythic-dark/Sketches/index.html","0","Skipped as likely index/category page."
"Mythic Dark","Kaijus","Sketches\kaijus\index.html","https://ronenglish-archive.github.io/ron-english-sketches-mythic-dark/Sketches/kaijus/index.html","67","Skipped as likely index/category page."
"Mythic Dark","Kursed","Sketches\kursed\index.html","https://ronenglish-archive.github.io/ron-english-sketches-mythic-dark/Sketches/kursed/index.html","19","Skipped as likely index/category page."
"Mythic Dark","Light Cult","Sketches\light-cult\index.html","https://ronenglish-archive.github.io/ron-english-sketches-mythic-dark/Sketches/light-cult/index.html","221","Skipped as likely index/category page."
"Mythic Dark","Celestials","Sketches\mythical-beings\celestials\index.html","https://ronenglish-archive.github.io/ron-english-sketches-mythic-dark/Sketches/mythical-beings/celestials/index.html","5","Skipped as likely index/category page."
"Mythic Dark","Mythical Beings","Sketches\mythical-beings\index.html","https://ronenglish-archive.github.io/ron-english-sketches-mythic-dark/Sketches/mythical-beings/index.html","6","Skipped as likely index/category page."
"Mythic Dark","MC","Sketches\mythical-beings\mc\index.html","https://ronenglish-archive.github.io/ron-english-sketches-mythic-dark/Sketches/mythical-beings/mc/index.html","23","Skipped as likely index/category page."
"Mythic Dark","Messiahs and Deities","Sketches\mythical-beings\messiahs-and-deities\index.html","https://ronenglish-archive.github.io/ron-english-sketches-mythic-dark/Sketches/mythical-beings/messiahs-and-deities/index.html","4","Skipped as likely index/category page."
"Mythic Dark","Multiple Faces","Sketches\mythical-beings\multiple-faces\index.html","https://ronenglish-archive.github.io/ron-english-sketches-mythic-dark/Sketches/mythical-beings/multiple-faces/index.html","11","Skipped as likely index/category page."
"Mythic Dark","Mythical Humans","Sketches\mythical-beings\mythical-humans\index.html","https://ronenglish-archive.github.io/ron-english-sketches-mythic-dark/Sketches/mythical-beings/mythical-humans/index.html","22","Skipped as likely index/category page."
"Mythic Dark","Santas","Sketches\mythical-beings\santas\index.html","https://ronenglish-archive.github.io/ron-english-sketches-mythic-dark/Sketches/mythical-beings/santas/index.html","15","Skipped as likely index/category page."
"Mythic Dark","Skeletons","Sketches\skeletons\index.html","https://ronenglish-archive.github.io/ron-english-sketches-mythic-dark/Sketches/skeletons/index.html","70","Skipped as likely index/category page."
"Mythic Dark","Tots","Sketches\tots\index.html","https://ronenglish-archive.github.io/ron-english-sketches-mythic-dark/Sketches/tots/index.html","7","Skipped as likely index/category page."
"Mythic Dark","Yin Yangs","Sketches\yin-yangs\index.html","https://ronenglish-archive.github.io/ron-english-sketches-mythic-dark/Sketches/yin-yangs/index.html","10","Skipped as likely index/category page."
"Objects","Flowers","Sketches\flowers\index.html","https://ronenglish-archive.github.io/ron-english-sketches-objects/Sketches/flowers/index.html","29","Skipped as likely index/category page."
"Objects","Objects","Sketches\index.html","https://ronenglish-archive.github.io/ron-english-sketches-objects/Sketches/index.html","0","Skipped as likely index/category page."
"Objects","Amusement Rides and Games","Sketches\objects\amusement-rides-and-games\index.html","https://ronenglish-archive.github.io/ron-english-sketches-objects/Sketches/objects/amusement-rides-and-games/index.html","5","Skipped as likely index/category page."
"Objects","Badges and Patches","Sketches\objects\badges-and-patches\index.html","https://ronenglish-archive.github.io/ron-english-sketches-objects/Sketches/objects/badges-and-patches/index.html","12","Skipped as likely index/category page."
"Objects","Buildings and Structures","Sketches\objects\buildings-and-structures\index.html","https://ronenglish-archive.github.io/ron-english-sketches-objects/Sketches/objects/buildings-and-structures/index.html","3","Skipped as likely index/category page."
"Objects","Containers and Household Objects","Sketches\objects\containers-and-household-objects\index.html","https://ronenglish-archive.github.io/ron-english-sketches-objects/Sketches/objects/containers-and-household-objects/index.html","11","Skipped as likely index/category page."
"Objects","Food Items","Sketches\objects\food-items\index.html","https://ronenglish-archive.github.io/ron-english-sketches-objects/Sketches/objects/food-items/index.html","2","Skipped as likely index/category page."
"Objects","Frames and Display Objects","Sketches\objects\frames-and-display-objects\index.html","https://ronenglish-archive.github.io/ron-english-sketches-objects/Sketches/objects/frames-and-display-objects/index.html","3","Skipped as likely index/category page."
"Objects","Furniture Fixtures and Appliances","Sketches\objects\furniture-fixtures-and-appliances\index.html","https://ronenglish-archive.github.io/ron-english-sketches-objects/Sketches/objects/furniture-fixtures-and-appliances/index.html","8","Skipped as likely index/category page."
"Objects","Geography Maps and Globes","Sketches\objects\geography-maps-and-globes\index.html","https://ronenglish-archive.github.io/ron-english-sketches-objects/Sketches/objects/geography-maps-and-globes/index.html","2","Skipped as likely index/category page."
"Objects","Objects","Sketches\objects\index.html","https://ronenglish-archive.github.io/ron-english-sketches-objects/Sketches/objects/index.html","18","Skipped as likely index/category page."
"Objects","Lighting Electricity and Lamps","Sketches\objects\lighting-electricity-and-lamps\index.html","https://ronenglish-archive.github.io/ron-english-sketches-objects/Sketches/objects/lighting-electricity-and-lamps/index.html","2","Skipped as likely index/category page."
"Objects","Money and Currency","Sketches\objects\money-and-currency\index.html","https://ronenglish-archive.github.io/ron-english-sketches-objects/Sketches/objects/money-and-currency/index.html","27","Skipped as likely index/category page."
"Objects","Musical Instruments and Entertainment","Sketches\objects\musical-instruments-and-entertainment\index.html","https://ronenglish-archive.github.io/ron-english-sketches-objects/Sketches/objects/musical-instruments-and-entertainment/index.html","9","Skipped as likely index/category page."
"Objects","Outdoor Structures and Landscape","Sketches\objects\outdoor-structures-and-landscape\index.html","https://ronenglish-archive.github.io/ron-english-sketches-objects/Sketches/objects/outdoor-structures-and-landscape/index.html","4","Skipped as likely index/category page."
"Objects","Patterns Symbols and Icons","Sketches\objects\patterns-symbols-and-icons\index.html","https://ronenglish-archive.github.io/ron-english-sketches-objects/Sketches/objects/patterns-symbols-and-icons/index.html","75","Skipped as likely index/category page."
"Objects","Sports Games and Recreation","Sketches\objects\sports-games-and-recreation\index.html","https://ronenglish-archive.github.io/ron-english-sketches-objects/Sketches/objects/sports-games-and-recreation/index.html","6","Skipped as likely index/category page."
"Objects","Tools and Hardware","Sketches\objects\tools-and-hardware\index.html","https://ronenglish-archive.github.io/ron-english-sketches-objects/Sketches/objects/tools-and-hardware/index.html","0","Skipped as likely index/category page."
"Objects","Transportation","Sketches\objects\transportation\index.html","https://ronenglish-archive.github.io/ron-english-sketches-objects/Sketches/objects/transportation/index.html","8","Skipped as likely index/category page."
"Objects","Urban Objects and Street Fixtures","Sketches\objects\urban-objects-and-street-fixtures\index.html","https://ronenglish-archive.github.io/ron-english-sketches-objects/Sketches/objects/urban-objects-and-street-fixtures/index.html","3","Skipped as likely index/category page."
"Objects","Weaponry Bombs and Explosives","Sketches\objects\weaponry-bombs-and-explosives\index.html","https://ronenglish-archive.github.io/ron-english-sketches-objects/Sketches/objects/weaponry-bombs-and-explosives/index.html","40","Skipped as likely index/category page."
"Objects","Hats","Sketches\objects\wearables-and-accessories\hats\index.html","https://ronenglish-archive.github.io/ron-english-sketches-objects/Sketches/objects/wearables-and-accessories/hats/index.html","63","Skipped as likely index/category page."
"Objects","Wearables and Accessories","Sketches\objects\wearables-and-accessories\index.html","https://ronenglish-archive.github.io/ron-english-sketches-objects/Sketches/objects/wearables-and-accessories/index.html","3","Skipped as likely index/category page."
"Objects","Jewelry and Accessories","Sketches\objects\wearables-and-accessories\jewelry-and-accessories\index.html","https://ronenglish-archive.github.io/ron-english-sketches-objects/Sketches/objects/wearables-and-accessories/jewelry-and-accessories/index.html","23","Skipped as likely index/category page."
"Objects","Shoes","Sketches\objects\wearables-and-accessories\shoes\index.html","https://ronenglish-archive.github.io/ron-english-sketches-objects/Sketches/objects/wearables-and-accessories/shoes/index.html","5","Skipped as likely index/category page."
"Pop Culture","Andy Warhol","Sketches\celebrity-characters\andy-warhol\index.html","https://ronenglish-archive.github.io/ron-english-sketches-pop-culture/Sketches/celebrity-characters/andy-warhol/index.html","3","Skipped as likely index/category page."
"Pop Culture","Dudebox","Sketches\celebrity-characters\dudebox\index.html","https://ronenglish-archive.github.io/ron-english-sketches-pop-culture/Sketches/celebrity-characters/dudebox/index.html","2","Skipped as likely index/category page."
"Pop Culture","Celebrity Characters","Sketches\celebrity-characters\index.html","https://ronenglish-archive.github.io/ron-english-sketches-pop-culture/Sketches/celebrity-characters/index.html","25","Skipped as likely index/category page."
"Pop Culture","Numb Nuts Family","Sketches\celebrity-characters\numb-nuts\index.html","https://ronenglish-archive.github.io/ron-english-sketches-pop-culture/Sketches/celebrity-characters/numb-nuts/index.html","2","Skipped as likely index/category page."
"Pop Culture","Peanuts","Sketches\celebrity-characters\peanuts\index.html","https://ronenglish-archive.github.io/ron-english-sketches-pop-culture/Sketches/celebrity-characters/peanuts/index.html","6","Skipped as likely index/category page."
"Pop Culture","Pepe the Frog","Sketches\celebrity-characters\pepe\index.html","https://ronenglish-archive.github.io/ron-english-sketches-pop-culture/Sketches/celebrity-characters/pepe/index.html","22","Skipped as likely index/category page."
"Pop Culture","Simpsons","Sketches\celebrity-characters\simpsons\index.html","https://ronenglish-archive.github.io/ron-english-sketches-pop-culture/Sketches/celebrity-characters/simpsons/index.html","4","Skipped as likely index/category page."
"Pop Culture","South Park","Sketches\celebrity-characters\south-park\index.html","https://ronenglish-archive.github.io/ron-english-sketches-pop-culture/Sketches/celebrity-characters/south-park/index.html","13","Skipped as likely index/category page."
"Pop Culture","Spongebob Family","Sketches\celebrity-characters\spongebob-family\index.html","https://ronenglish-archive.github.io/ron-english-sketches-pop-culture/Sketches/celebrity-characters/spongebob-family/index.html","11","Skipped as likely index/category page."
"Pop Culture","Star Wars","Sketches\celebrity-characters\star-wars\index.html","https://ronenglish-archive.github.io/ron-english-sketches-pop-culture/Sketches/celebrity-characters/star-wars/index.html","2","Skipped as likely index/category page."
"Pop Culture","Street Fighters","Sketches\celebrity-characters\street-fighters\index.html","https://ronenglish-archive.github.io/ron-english-sketches-pop-culture/Sketches/celebrity-characters/street-fighters/index.html","4","Skipped as likely index/category page."
"Pop Culture","Teletubbies","Sketches\celebrity-characters\teletubbies\index.html","https://ronenglish-archive.github.io/ron-english-sketches-pop-culture/Sketches/celebrity-characters/teletubbies/index.html","7","Skipped as likely index/category page."
"Pop Culture","Character Balls","Sketches\character-balls\index.html","https://ronenglish-archive.github.io/ron-english-sketches-pop-culture/Sketches/character-balls/index.html","28","Skipped as likely index/category page."
"Pop Culture","Combrats","Sketches\combrats\index.html","https://ronenglish-archive.github.io/ron-english-sketches-pop-culture/Sketches/combrats/index.html","8","Skipped as likely index/category page."
"Pop Culture","Pop Culture","Sketches\index.html","https://ronenglish-archive.github.io/ron-english-sketches-pop-culture/Sketches/index.html","0","Skipped as likely index/category page."
"Pop Culture","TVities","Sketches\tvities\index.html","https://ronenglish-archive.github.io/ron-english-sketches-pop-culture/Sketches/tvities/index.html","4","Skipped as likely index/category page."
