"ProposedCharacter","ProposedPageFile","PageAlreadyExists","ProposedAction","UnusedFileCount","OriginalDrawingCount","DigitizedVersionsCount","CollectorCardsCount","NeedsReviewCount","Files"
"Bart Grin","bart-grin.html","True","Add to existing page","2","2","0","0","2","Bart Grin front ORIGINAL COLOR.jpg | Bart Grin side ORIGINAL COLOR.jpg"
"Batman Grin","batman-grin.html","True","Add to existing page","1","1","0","0","0","Batman Grin ORIGINAL.jpg"
"Batman Grin Icon","batman-grin-icon.html","True","Add to existing page","1","0","1","0","0","Batman Grin Icon .jpg"
"Big Boy Grin","big-boy-grin.html","True","Add to existing page","1","1","0","0","1","Big Boy Grin ORIGINAL COLOR.jpg"
"Butterfly Wings Grin 1","butterfly-wings-grin-1.html","False","Likely create new page","1","0","1","0","0","Butterfly Wings Grin 1.png"
"Butterfly Wings Grin 2","butterfly-wings-grin-2.html","False","Likely create new page","1","0","1","0","0","Butterfly Wings Grin 2.png"
"Darth Grin","darth-grin.html","False","Likely create new page","1","1","0","0","0","Darth Grin ORIGINAL.jpg"
"Darth Vader Grin","darth-vader-grin.html","False","Likely create new page","7","3","4","0","4","Darth Vader Grin B&W.png | Darth Vader Grin back ORIGINAL.jpg | Darth Vader Grin COLOR.png | Darth Vader Grin ORIGINAL.jpg | Darth Vader Grin side B&W.jpg | Darth Vader Grin side COLOR.jpg | Darth Vader Grin side ORIGINAL.jpg"
"David Grin","david-grin.html","False","Likely create new page","3","2","1","0","1","David Grin COLOR.jpg | David Grin ORIGINAL COLOR.jpg | David Grin ORIGINAL.jpg"
"DEADMAU5 Grin","deadmau5-grin.html","True","Add to existing page","11","4","7","0","6","DEADMAU5 Grin B&W.jpg | DEADMAU5 Grin back B&W.jpg | DEADMAU5 Grin back ORIGINAL.jpg | DEADMAU5 Grin COLOR 1.jpg | DEADMAU5 Grin COLOR 4.jpg | DEADMAU5 Grin COLOR 6.jpg | DEADMAU5 Grin ORIGINAL.jpg | DEADMAU5 Grin side B&W.jpg | DEADMAU5 Grin side ORIGINAL.jpg | DEADMAU5 Grin three quarters B&W.jpg | DEADMAU5 Grin three quarters ORIGINAL.jpg"
"DEADMAU5 Grin Running","deadmau5-grin-running.html","False","Likely create new page","2","1","1","0","0","DEADMAU5 Grin Running B&W.jpg | DEADMAU5 Grin Running ORIGINAL.jpg"
"Dementon Grin","dementon-grin.html","False","Likely create new page","3","1","2","0","0","Dementon Grin B&W.jpg | Dementon Grin COLOR.jpg | Dementon Grin ORIGINAL.jpg"
"Deputy Dog Grin","deputy-dog-grin.html","True","Add to existing page","1","0","1","0","0","Deputy Dog Grin B&W.jpg"
"Devil Grin","devil-grin.html","False","Likely create new page","3","1","2","0","1","Devil Grin B&W.jpg | Devil Grin COLOR.jpg | Devil Grin ORIGINAL COLOR.jpg"
"Devine Devil","devine-devil.html","False","Likely create new page","1","0","1","0","0","Devine Devil COLOR.jpg"
"Dino Heart Grin","dino-heart-grin.html","False","Likely create new page","3","1","2","0","0","Dino Heart Grin B&W.png | Dino Heart Grin COLOR.png | Dino Heart Grin ORIGINAL.jpg"
"DJ Grin","dj-grin.html","False","Likely create new page","2","0","2","0","0","DJ Grin B&W.jpg | DJ Grin COLOR.jpg"
"Dog Grin","dog-grin.html","False","Likely create new page","5","3","2","0","2","Dog Grin B&W.png | Dog Grin COLOR.jpg | Dog Grin ORIGINAL COLOR 1.jpg | Dog Grin ORIGINAL COLOR 2.jpg | Dog Grin ORIGINAL.jpg"
"Dog Head Grin","dog-head-grin.html","False","Likely create new page","3","1","2","0","3","Dog Head Grin B&W.jpg | Dog Head Grin COLOR.jpg | Dog Head Grin ORIGINAL.jpg"
"Dr Bub Quack Grin","dr-bub-quack-grin.html","True","Add to existing page","1","0","1","0","0","Dr Bub Quack Grin B&W.jpg"
"Dripping Grin","dripping-grin.html","True","Add to existing page","3","1","2","0","2","Dripping Grin B&W.jpg | Dripping Grin head B&W.jpg | Dripping Grin ORIGINAL COLOR.jpg"
"Droopy Dog Grin","droopy-dog-grin.html","True","Add to existing page","1","0","1","0","0","Droopy Dog Grin COLOR.jpg"
"Dunny Grin","dunny-grin.html","True","Add to existing page","2","0","2","0","0","Dunny Grin B&W.jpg | Dunny Grin COLOR.jpg"
"Elefanka Grin","elefanka-grin.html","False","Likely create new page","3","0","3","0","3","Elefanka Grin Side View B&W.png | Elefanka Grin Side View COLOR.jpg | Elefanka Grin Side View COLOR.png"
"Elefanka With Angel Wings Grin","elefanka-with-angel-wings-grin.html","False","Likely create new page","2","0","2","0","0","Elefanka With Angel Wings Grin B&W.jpg | Elefanka With Angel Wings Grin COLOR.jpg"
"Elephant Grin","elephant-grin.html","True","Add to existing page","3","1","2","0","1","Elephant Grin B&W.jpg | Elephant Grin COLOR.jpg | Elephant Grin ORIGINAL COLOR 2.jpg"
"Eminem Grin","eminem-grin.html","True","Add to existing page","1","0","1","0","0","Eminem Grin COLOR.jpg"
"Ernie Grin","ernie-grin.html","True","Add to existing page","1","0","1","0","0","Ernie Grin B&W.jpg"
"EZ Nuts Grin 1","ez-nuts-grin-1.html","False","Likely create new page","1","0","1","0","0","EZ Nuts Grin 1 COLOR.jpg"
"EZ Nuts Grin 2","ez-nuts-grin-2.html","False","Likely create new page","1","0","1","0","0","EZ Nuts Grin 2 COLOR.jpg"
"EZ Nuts Grin 3","ez-nuts-grin-3.html","False","Likely create new page","1","0","1","0","0","EZ Nuts Grin 3 COLOR.jpg"
"Faze Banks Grin","faze-banks-grin.html","True","Add to existing page","1","0","1","0","0","Faze Banks Grin B&W.jpg"
"Felix Grin","felix-grin.html","True","Add to existing page","3","1","2","0","3","Felix Grin Front B&W.jpg | Felix Grin ORIGINAL COLOR.jpg | Felix Grin side B&W.jpg"
"Finn Grin","finn-grin.html","False","Likely create new page","3","1","2","0","1","Finn Grin B&W.jpg | Finn Grin COLOR.jpg | Finn Grin ORIGINAL COLOR.jpg"
"Flaming O Grin","flaming-o-grin.html","True","Add to existing page","2","0","2","0","0","Flaming O Grin B&W.jpg | Flaming O Grin COLOR.jpg"
"Flower Brain Grin","flower-brain-grin.html","True","Add to existing page","1","1","0","0","1","Flower Brain Grin ORIGINAL COLOR.jpg"
"Flower Grin","flower-grin.html","True","Add to existing page","1","0","1","0","0","Flower Grin COLOR.jpg"
"Flying Grinnie","flying-grinnie.html","True","Add to existing page","2","0","2","0","0","Flying Grinnie B&W.jpg | Flying Grinnie COLOR.jpg"
"Football Player Grin","football-player-grin.html","True","Add to existing page","2","0","2","0","0","Football Player Grin B&W.jpg | Football Player Grin COLOR.jpg"
"Franken Fat Grin","franken-fat-grin.html","True","Add to existing page","1","0","1","0","0","Franken Fat Grin B&W.jpg"
"Franken Grin","franken-grin.html","True","Add to existing page","1","1","0","0","1","Franken Grin ORIGINAL COLOR.png"
"Freak Bro Afro Stache","freak-bro-afro-stache.html","True","Add to existing page","1","0","1","0","0","Freak Bro Afro Stache COLOR.jpg"
"Freak Bro Grin","freak-bro-grin.html","True","Add to existing page","1","0","1","0","0","Freak Bro Grin COLOR.jpg"
"Freak Cat","freak-cat.html","True","Add to existing page","2","0","2","0","0","Freak Cat B&W.jpg | Freak Cat COLOR.jpg"
"Freddy Funko Grin","freddy-funko-grin.html","False","Likely create new page","2","0","2","0","0","Freddy Funko Grin B&W.jpg | Freddy Funko Grin COLOR.jpg"
"Freddy Funko Grin 2","freddy-funko-grin-2.html","False","Likely create new page","2","0","2","0","0","Freddy Funko Grin 2 B&W.jpg | Freddy Funko Grin 2 COLOR.jpg"
"Garfield Grin","garfield-grin.html","True","Add to existing page","2","0","2","0","0","Garfield Grin B&W.jpg | Garfield Grin COLOR.jpg"
"Garfield Grin COLOR.1","garfield-grin-color-1.html","False","Likely create new page","1","0","1","0","0","Garfield Grin COLOR.1.jpg"
"George Jetson Grin","george-jetson-grin.html","True","Add to existing page","2","0","2","0","0","George Jetson Grin B&W.jpg | George Jetson Grin COLOR.jpg"
"Globe Grin","globe-grin.html","False","Likely create new page","1","1","0","0","1","Globe Grin ORIGINAL COLOR.jpg"
"Godzilla Heart Grin","godzilla-heart-grin.html","True","Add to existing page","1","0","1","0","0","Godzilla Heart Grin B&W.jpg"
"Gorilla Grin","gorilla-grin.html","True","Add to existing page","2","1","1","0","1","Gorilla Grin COLOR.jpg | Gorilla grin ORIGINAL COLOR 2.png"
"Gorilla Grin 2","gorilla-grin-2.html","True","Add to existing page","3","0","3","0","3","Gorilla Grin 2 back B&W.jpg | Gorilla Grin 2 Front B&W.jpg | Gorilla Grin 2 side COLOR.jpg"
"Grim Grin (Grin Reaper)","grim-grin-grin-reaper.html","True","Add to existing page","2","0","2","0","0","Grim Grin (Grin Reaper) B&W.jpg | Grim Grin (Grin Reaper) COLOR.jpg"
"Grim Reaper Grin","grim-reaper-grin.html","True","Add to existing page","1","1","0","0","1","Grim Reaper Grin ORIGINAL COLOR 2.jpg"
"Grim Reefer","grim-reefer.html","True","Add to existing page","1","0","1","0","0","Grim Reefer COLOR.jpg"
"Grin","grin.html","False","Likely create new page","1","0","1","0","0","Grin B&W.jpg"
"Grin animation","grin-animation.html","True","Add to existing page","2","0","2","0","2","Grin animation back B&W.jpg | Grin animation back COLOR.jpg"
"Grin Brain Cone","grin-brain-cone.html","True","Add to existing page","1","0","1","0","0","Grin Brain Cone B&W.jpg"
"Grin Bunny Three Ears","grin-bunny-three-ears.html","True","Add to existing page","1","0","1","0","0","Grin Bunny Three Ears COLOR.jpg"
"Grin Car","grin-car.html","True","Add to existing page","4","0","4","0","4","Grin Car back B&W.jpg | Grin Car front COLOR.jpg | Grin Car side B&W.jpg | Grin Car three quarters COLOR.jpg"
"Grinch Grin","grinch-grin.html","True","Add to existing page","1","0","1","0","0","Grinch Grin COLOR.jpg"
"Grin Flower","grin-flower.html","True","Add to existing page","1","0","1","0","0","Grin Flower B&W.jpg"
"Grin God","grin-god.html","True","Add to existing page","3","0","3","0","2","Grin God back B&W.jpg | Grin God back COLOR.jpg | Grin God COLOR.jpg"
"Grinnie","grinnie.html","True","Add to existing page","1","0","1","0","0","Grinnie COLOR.jpg"
"Grinnie Delusionville Pilot","grinnie-delusionville-pilot.html","True","Add to existing page","1","0","1","0","1","Grinnie Delusionville Pilot side B&W.jpg"
"Grinnie Delusionville Pilot in plane","grinnie-delusionville-pilot-in-plane.html","True","Add to existing page","3","0","3","0","3","Grinnie Delusionville Pilot in plane side B&W.jpg | Grinnie Delusionville Pilot in plane side COLOR.jpg | Grinnie Delusionville Pilot in plane three quarters B&W.png"
"Grinnies Grin","grinnies-grin.html","True","Add to existing page","2","1","1","0","0","Grinnies Grin B&W.jpg | Grinnies Grin ORIGINAL.jpg"
"Grinnie Sideview Eyeball","grinnie-sideview-eyeball.html","False","Likely create new page","2","0","2","0","2","Grinnie Sideview Eyeball B&W.jpg | Grinnie Sideview Eyeball COLOR.jpg"
"Grinnies on TV","grinnies-on-tv.html","True","Add to existing page","1","0","1","0","0","Grinnies on TV COLOR.jpg"
"Grinnies Twins","grinnies-twins.html","True","Add to existing page","1","0","1","0","0","Grinnies Twins B&W.jpg"
"Grin Planet","grin-planet.html","True","Add to existing page","1","0","1","0","0","Grin Planet COLOR.jpg"
"Grin Reaper version 2","grin-reaper-version-2.html","True","Add to existing page","1","0","1","0","0","Grin Reaper version 2 COLOR.jpg"
"Grin Smoker","grin-smoker.html","True","Add to existing page","1","0","1","0","0","Grin Smoker B&W.jpg"
"Grogu Grin","grogu-grin.html","False","Likely create new page","2","0","2","0","0","Grogu Grin B&W.jpg | Grogu Grin COLOR.jpg"
"Grouch Grin","grouch-grin.html","True","Add to existing page","2","0","2","0","0","Grouch Grin B&W.jpg | Grouch Grin COLOR.jpg"
"Gummy Bear Grin","gummy-bear-grin.html","True","Add to existing page","2","0","2","0","0","Gummy Bear Grin B&W.jpg | Gummy Bear Grin COLOR.jpg"
"Hawaiian Punch Grin","hawaiian-punch-grin.html","True","Add to existing page","2","0","2","0","0","Hawaiian Punch Grin B&W.jpg | Hawaiian Punch Grin COLOR.jpg"
"Hello Kitty","hello-kitty.html","False","Likely create new page","1","1","0","0","1","Hello Kitty ORIGINAL COLOR.jpg"
"Hello Kitty Grin","hello-kitty-grin.html","True","Add to existing page","5","1","4","0","3","Hello Kitty Grin B&W.jpg | Hello Kitty Grin COLOR.jpg | Hello Kitty Grin left side COLOR.jpg | Hello Kitty Grin ORIGINAL COLOR.jpg | Hello Kitty Grin right side COLOR.jpg"
"Homer Grin","homer-grin.html","True","Add to existing page","4","0","4","0","2","Homer Grin B&W.jpg | Homer Grin COLOR.jpg | Homer Grin headshot B&W.jpg | Homer Grin headshot side B&W.jpg"
"Homer Grin 3","homer-grin-3.html","True","Add to existing page","6","0","6","0","6","Homer Grin 3 back B&W.jpg | Homer Grin 3 back COLOR.jpg | Homer Grin 3 left side B&W.jpg | Homer Grin 3 left side COLOR.jpg | Homer Grin 3 right side B&W.jpg | Homer Grin 3 right side COLOR.jpg"
"Homer Grin Flying","homer-grin-flying.html","True","Add to existing page","2","0","2","0","0","Homer Grin Flying B&W.jpg | Homer Grin Flying COLOR.jpg"
"Homer grin version 2","homer-grin-version-2.html","True","Add to existing page","6","0","6","0","6","Homer grin version 2 back B&W.jpg | Homer grin version 2 back COLOR.jpg | Homer Grin version 2 left side B&W.jpg | Homer Grin version 2 left side COLOR.jpg | Homer Grin version 2 right side B&W.jpg | Homer Grin version 2 right side COLOR.jpg"
"Honey Butts Grin","honey-butts-grin.html","True","Add to existing page","1","0","1","0","0","Honey Butts Grin COLOR.jpg"
"HR Puffenstuff Grin","hr-puffenstuff-grin.html","True","Add to existing page","1","0","1","0","0","HR Puffenstuff Grin B&W.jpg"
"Jake Grin","jake-grin.html","False","Likely create new page","1","1","0","0","1","Jake Grin ORIGINAL COLOR.jpg"
"Jake the Dog Grin","jake-the-dog-grin.html","True","Add to existing page","3","1","2","0","1","Jake the Dog Grin B&W.jpg | Jake the Dog Grin COLOR.jpg | Jake the Dog Grin ORIGINAL COLOR.jpg"
"Jane Jetson Grin","jane-jetson-grin.html","True","Add to existing page","2","0","2","0","0","Jane Jetson Grin B&W.jpg | Jane Jetson Grin COLOR.jpg"
"Jane Jetson Grin COLOR.1","jane-jetson-grin-color-1.html","False","Likely create new page","1","0","1","0","0","Jane Jetson Grin COLOR.1.jpg"
"Joker Grin","joker-grin.html","True","Add to existing page","1","0","1","0","0","Joker Grin COLOR.jpg"
"Kanegon Grin","kanegon-grin.html","True","Add to existing page","1","0","1","0","0","Kanegon Grin B&W.jpg"
"Kevin Durant Grin","kevin-durant-grin.html","True","Add to existing page","2","0","2","0","0","Kevin Durant Grin With Ball B&W.jpg | Kevin Durant Grin With Ball COLOR.jpg"
"Kiss Gene Grin","kiss-gene-grin.html","True","Add to existing page","2","0","2","0","0","Kiss Gene Grin B&W.jpg | Kiss Gene Grin COLOR.jpg"
"Krusty the Clown Grin","krusty-the-clown-grin.html","True","Add to existing page","1","0","1","0","1","Krusty the Clown Grin front COLOR.jpg"
"Kursed Grin","kursed-grin.html","True","Add to existing page","1","0","1","0","1","Kursed Grin Side View B&W.jpg"
"Lagoon Creature Grin","lagoon-creature-grin.html","False","Likely create new page","1","0","1","0","0","Lagoon Creature Grin COLOR.jpg"
"Lemon Boy grin","lemon-boy-grin.html","True","Add to existing page","1","0","1","0","0","Lemon Boy grin B&W.jpg"
"Liberty Grin","liberty-grin.html","True","Add to existing page","2","0","2","0","1","Liberty Grin B&W 2.jpeg | Liberty Grin COLOR.jpg"
"Lion Face Grin","lion-face-grin.html","False","Likely create new page","3","0","3","0","3","Lion Face Grin B&W.png | Lion Face Grin COLOR 1.png | Lion Face Grin COLOR 2.jpg"
"Lisa Grin","lisa-grin.html","True","Add to existing page","4","0","4","0","4","Lisa Grin front B&W.jpg | Lisa Grin left side B&W.jpg | Lisa Grin right side B&W.jpg | Lisa Grin right side COLOR.jpg"
"Lucky Cat Grin","lucky-cat-grin.html","True","Add to existing page","1","0","1","0","0","Lucky Cat Grin B&W.jpg"
"Mad Mickey Grin","mad-mickey-grin.html","False","Likely create new page","1","1","0","0","1","Mad Mickey Grin ORIGINAL COLOR.jpg"
"Maggie Grin","maggie-grin.html","True","Add to existing page","4","0","4","0","4","Maggie Grin back B&W.jpg | Maggie Grin back COLOR.jpg | Maggie Grin front B&W.jpg | Maggie Grin side B&W.jpg"
"Manny Pacquaio Grin","manny-pacquaio-grin.html","True","Add to existing page","1","0","1","0","0","Manny Pacquaio Grin B&W.jpg"
"Man Shark COLORED","man-shark-colored.html","False","Likely create new page","1","0","1","0","0","Man Shark COLORED.jpg"
"Marge Grin","marge-grin.html","True","Add to existing page","5","0","5","0","5","Marge Grin front COLOR.jpg | Marge Grin left side B&W.jpg | Marge Grin left side COLOR.jpg | Marge Grin right side B&W.jpg | Marge Grin right side COLOR.jpg"
"Mario Grin","mario-grin.html","True","Add to existing page","3","0","3","0","3","Mario Grin front B&W.jpg | Mario Grin front COLOR.jpg | Mario Grin left side COLOR.jpg"
"Max Grin","max-grin.html","False","Likely create new page","2","1","1","0","0","Max Grin COLOR.jpg | Max Grin ORIGINAL.jpg"
"Max Grin png","max-grin-png.html","False","Likely create new page","1","0","1","0","0","Max Grin png.jpg"
"MC Grin","mc-grin.html","True","Add to existing page","4","2","2","0","2","MC Grin B&W.jpg | MC Grin COLOR.jpg | MC Grin ORIGINAL COLOR 2.png | MC Grin ORIGINAL COLOR.jpg"
"MC Supersized Grin","mc-supersized-grin.html","True","Add to existing page","3","0","3","0","1","MC Supersized Grin B&W.jpg | MC Supersized Grin COLOR.jpg | MC Supersized Grin side COLOR.jpg"
"MC Supersized Grin 2","mc-supersized-grin-2.html","True","Add to existing page","1","0","1","0","0","MC Supersized Grin 2 B&W.jpg"
"MC Supersize Grin Flying","mc-supersize-grin-flying.html","True","Add to existing page","2","0","2","0","0","MC Supersize Grin Flying B&W.jpg | MC Supersize Grin Flying COLOR.jpg"
"MC Supersize Grin Flying COLOR.1","mc-supersize-grin-flying-color-1.html","False","Likely create new page","1","0","1","0","0","MC Supersize Grin Flying COLOR.1.jpg"
"Melting Monster Grin","melting-monster-grin.html","True","Add to existing page","2","0","2","0","0","Melting Monster Grin B&W.jpg | Melting Monster Grin COLOR.jpg"
"Mentadusa","mentadusa.html","True","Add to existing page","1","0","1","0","0","Mentadusa COLOR.jpg"
"Mickey Grin","mickey-grin.html","True","Add to existing page","1","1","0","0","1","Mickey Grin ORIGINAL COLOR.jpg"
"Mickey Mouse Grin","mickey-mouse-grin.html","True","Add to existing page","3","0","3","0","2","Mickey Mouse Grin back B&W.jpg | Mickey Mouse Grin COLOR.png | Mickey Mouse Grin left side COLOR.jpg"
"Mickey Mouse Grin 2","mickey-mouse-grin-2.html","True","Add to existing page","1","0","1","0","0","Mickey Mouse Grin 2 B&W.jpg"
"Mickey Mouse Grin Flying","mickey-mouse-grin-flying.html","True","Add to existing page","2","0","2","0","0","Mickey Mouse Grin Flying B&W.jpg | Mickey Mouse Grin Flying COLOR.jpg"
"Mickey Mouse Grin Flying COLOR.1","mickey-mouse-grin-flying-color-1.html","False","Likely create new page","1","0","1","0","0","Mickey Mouse Grin Flying COLOR.1.jpg"
"Mishka Eyeball Grin","mishka-eyeball-grin.html","True","Add to existing page","1","0","1","0","0","Mishka Eyeball Grin B&W.jpg"
"Modzilla Grin","modzilla-grin.html","True","Add to existing page","2","0","2","0","2","Modzilla Grin Front B&W.jpg | Modzilla Grin Side B&W.jpg"
"Mogul Grin","mogul-grin.html","True","Add to existing page","5","0","5","0","4","Mogul Grin B&W.jpg | Mogul Grin back B&W.jpg | Mogul Grin back COLOR.jpg | Mogul Grin right side B&W.jpg | Mogul Grin right side COLOR.jpg"
"Mogul Grin Standing","mogul-grin-standing.html","True","Add to existing page","1","0","1","0","0","Mogul Grin Standing B&W.jpg"
"Monkey Grin Mouth","monkey-grin-mouth.html","True","Add to existing page","1","0","1","0","0","Monkey Grin Mouth B&W.jpg"
"Monkey Shiner Angel Grin ORINGINAL (1)","monkey-shiner-angel-grin-oringinal-1.html","False","Likely create new page","1","0","1","0","0","Monkey Shiner Angel Grin ORINGINAL (1).jpg"
"Monkey Shriner Grin","monkey-shriner-grin.html","True","Add to existing page","2","1","1","0","1","Monkey Shriner Grin COLOR.jpg | Monkey Shriner Grin ORIGINAL COLOR.jpg"
"Mounted Gorilla Grin","mounted-gorilla-grin.html","True","Add to existing page","2","0","2","0","0","Mounted Gorilla Grin B&W.jpg | Mounted Gorilla Grin COLOR.jpg"
"Mouth Grin","mouth-grin.html","True","Add to existing page","1","0","1","0","0","Mouth Grin B&W.jpg"
"Mr Met Grin","mr-met-grin.html","True","Add to existing page","2","0","2","0","0","Mr Met Grin B&W.jpg | Mr Met Grin COLOR.jpg"
"Mr Potato Grin","mr-potato-grin.html","True","Add to existing page","1","0","1","0","0","Mr Potato Grin B&W.jpg"
"Mummy Grin","mummy-grin.html","True","Add to existing page","1","0","1","0","0","Mummy Grin B&W.jpg"
"Mummy Grin 2","mummy-grin-2.html","False","Likely create new page","1","0","1","0","0","Mummy Grin 2 COLOR.jpg"
"Mush Man grin","mush-man-grin.html","True","Add to existing page","2","0","2","0","1","Mush Man grin COLOR.jpg | Mush Man Grin side view COLOR.jpg"
"Mutley Grin","mutley-grin.html","True","Add to existing page","2","0","2","0","0","Mutley Grin B&W.jpg | Mutley Grin COLOR.jpg"
"Mutley Grin COLOR.1","mutley-grin-color-1.html","False","Likely create new page","1","0","1","0","0","Mutley Grin COLOR.1.jpg"
"Negative Positive Grin","negative-positive-grin.html","False","Likely create new page","1","1","0","0","1","Negative Positive Grin ORIGINAL COLOR.jpg"
"Ninja Turtle Grin","ninja-turtle-grin.html","True","Add to existing page","2","1","1","0","1","Ninja Turtle Grin B&W.jpg | Ninja Turtle Grin ORIGINAL COLOR.jpg"
"Olive Oil Grin","olive-oil-grin.html","True","Add to existing page","2","0","2","0","0","Olive Oil Grin B&W.jpg | Olive Oil Grin COLOR.jpg"
"Orion Grin","orion-grin.html","True","Add to existing page","12","12","0","0","12","Orion Grin side ORIGINAL Colorway 1.jpg | Orion Grin side ORIGINAL Colorway 10.jpg | Orion Grin side ORIGINAL Colorway 11.jpg | Orion Grin side ORIGINAL Colorway 12.jpg | Orion Grin side ORIGINAL Colorway 2.jpg | Orion Grin side ORIGINAL Colorway 3.jpg | Orion Grin side ORIGINAL Colorway 4.jpg | Orion Grin side ORIGINAL Colorway 5.jpg | Orion Grin side ORIGINAL Colorway 6.jpg | Orion Grin side ORIGINAL Colorway 7.jpg | Orion Grin side ORIGINAL Colorway 8.jpg | Orion Grin side ORIGINAL Colorway 9.jpg"
"Orion Grin side ORIGINAL Colorway 10 (2)","orion-grin-side-original-colorway-10-2.html","False","Likely create new page","1","1","0","0","1","Orion Grin side ORIGINAL Colorway 10 (2).jpg"
"Orion Grin side ORIGINAL Colorway 11 (2)","orion-grin-side-original-colorway-11-2.html","False","Likely create new page","1","1","0","0","1","Orion Grin side ORIGINAL Colorway 11 (2).jpg"
"Orion Grin side ORIGINAL Colorway 9 (2)","orion-grin-side-original-colorway-9-2.html","False","Likely create new page","1","1","0","0","1","Orion Grin side ORIGINAL Colorway 9 (2).jpg"
"Panda Bear Grin","panda-bear-grin.html","True","Add to existing page","1","0","1","0","0","Panda Bear Grin B&W.jpg"
"Panda Grin","panda-grin.html","True","Add to existing page","3","1","2","0","1","Panda Grin B&W.jpg | Panda Grin COLOR.jpg | Panda Grin ORIGINAL COLOR.jpg"
"Patrick Grin","patrick-grin.html","True","Add to existing page","2","1","1","0","1","Patrick Grin B&W.jpg | Patrick Grin ORIGINAL COLOR 2.jpg"
"Peko Girl Grin","peko-girl-grin.html","True","Add to existing page","1","0","1","0","0","Peko Girl Grin COLOR.jpg"
"Pepz Boy Grin","pepz-boy-grin.html","True","Add to existing page","2","0","2","0","0","Pepz Boy Grin B&W.jpg | Pepz Boy Grin COLOR.jpg"
"Peter Grin","peter-grin.html","True","Add to existing page","2","0","2","0","0","Peter Grin B&W.jpg | Peter Grin COLOR.jpg"
"Peter Potamus Grin","peter-potamus-grin.html","True","Add to existing page","2","0","2","0","0","Peter Potamus Grin B&W.jpg | Peter Potamus Grin COLOR.jpg"
"Pinocchio Grin","pinocchio-grin.html","True","Add to existing page","2","0","2","0","2","Pinocchio Grin front COLOR.jpg | Pinocchio Grin Right Side B&W.jpg"
"pinocchio grin left side - B&W - Trace girl","pinocchio-grin-left-side-b-and-w-trace-girl.html","False","Likely create new page","1","0","1","0","1","pinocchio grin left side - B&W - Trace girl.jpg"
"Pizza This Grin","pizza-this-grin.html","False","Likely create new page","2","0","2","0","0","Pizza This Grin B&W.jpg | Pizza This Grin COLOR.jpg"
"Plush Bear Grin","plush-bear-grin.html","True","Add to existing page","1","1","0","0","1","Plush Bear Grin front ORIGINAL COLOR.jpg"
"Popeye Butthead Grin","popeye-butthead-grin.html","True","Add to existing page","2","0","2","0","2","Popeye Butthead Grin B&W.jpg | Popeye Butthead Grin COLOR.jpg"
"Powerpuff Girl Bubbles Grin","powerpuff-girl-bubbles-grin.html","True","Add to existing page","2","0","2","0","0","Powerpuff Girl Bubbles Grin B&W.jpg | Powerpuff Girl Bubbles Grin COLOR.jpg"
"Pumpkin Grin","pumpkin-grin.html","True","Add to existing page","2","0","2","0","1","Pumpkin Grin B&W.jpg | Pumpkin Grin Side View B&W.jpg"
"Qhrist Grin 1","qhrist-grin-1.html","True","Add to existing page","1","0","1","0","0","Qhrist Grin 1 B&W.jpg"
"Qhrist Grin 2","qhrist-grin-2.html","True","Add to existing page","2","1","1","0","1","Qhrist Grin 2 COLOR.jpg | Qhrist Grin 2 ORIGINAL COLOR.jpg"
"Quick Draw McGraw Grin","quick-draw-mcgraw-grin.html","True","Add to existing page","2","0","2","0","0","Quick Draw McGraw Grin B&W.jpg | Quick Draw McGraw Grin COLOR.jpg"
"Rabbbit Double Grin Mouth","rabbbit-double-grin-mouth.html","True","Add to existing page","1","0","1","0","0","Rabbbit Double Grin Mouth COLOR.jpg"
"Rabbbit Grin","rabbbit-grin.html","True","Add to existing page","1","0","1","0","0","Rabbbit Grin COLOR (2).jpg"
"Rabbbit Grin mouth","rabbbit-grin-mouth.html","True","Add to existing page","2","0","2","0","0","Rabbbit Grin mouth B&W.jpg | Rabbbit Grin Mouth COLOR.jpg"
"Rabbbit Grin version 2","rabbbit-grin-version-2.html","True","Add to existing page","3","0","3","0","3","Rabbbit Grin version 2 back B&W.jpg | Rabbbit Grin version 2 back COLOR.jpg | Rabbbit Grin version 2 three quarters B&W.jpg"
"Rabbbit Skull Grin","rabbbit-skull-grin.html","True","Add to existing page","1","0","1","0","0","Rabbbit Skull Grin COLOR.jpg"
"Rabbbit with Fangs","rabbbit-with-fangs.html","True","Add to existing page","1","0","1","0","1","Rabbbit with Fangs side B&W.jpg"
"Rabbit Grin","rabbit-grin.html","True","Add to existing page","2","0","2","0","0","Rabbit Grin B&W.jpg | Rabbit Grin COLOR.jpg"
"Rabbit Grin 2","rabbit-grin-2.html","True","Add to existing page","1","0","1","0","0","Rabbit Grin 2 B&W.jpg"
"Richie Grin","richie-grin.html","True","Add to existing page","2","1","1","0","1","Richie Grin COLOR.jpg | Richie Grin ORIGINAL COLOR 2.jpg"
"Ring Racer","ring-racer.html","False","Likely create new page","1","1","0","0","1","Ring Racer ORIGINAL COLOR.jpg"
"Ring Racer 1","ring-racer-1.html","False","Likely create new page","1","1","0","0","1","Ring Racer 1 ORIGINAL COLOR.png"
"Ring Racer 2","ring-racer-2.html","False","Likely create new page","1","1","0","0","1","Ring Racer 2 ORIGINAL COLOR.png"
"Ring Racer 3","ring-racer-3.html","False","Likely create new page","1","1","0","0","1","Ring Racer 3 ORIGINAL COLOR.jpg"
"Ring Racer 4","ring-racer-4.html","False","Likely create new page","1","1","0","0","1","Ring Racer 4 ORIGINAL COLOR.jpg"
"Ring Racer 5","ring-racer-5.html","False","Likely create new page","2","2","0","0","2","Ring Racer 5 ORIGINAL COLOR.jpg | Ring Racer 5 ORIGINAL COLOR.png"
"Ring Racer 6","ring-racer-6.html","False","Likely create new page","1","1","0","0","1","Ring Racer 6 ORIGINAL COLOR.png"
"Ring Racer 7","ring-racer-7.html","False","Likely create new page","1","1","0","0","1","Ring Racer 7 ORIGINAL COLOR.png"
"Ring Racer 8","ring-racer-8.html","False","Likely create new page","1","1","0","0","1","Ring Racer 8 ORIGINAL COLOR.png"
"Ring Racer 9","ring-racer-9.html","False","Likely create new page","1","1","0","0","1","Ring Racer 9 ORIGINAL COLOR.png"
"Ring Racer ORIGINAL COLOR.1","ring-racer-original-color-1.html","False","Likely create new page","1","1","0","0","1","Ring Racer ORIGINAL COLOR.1.jpg"
"Robbie Spray Grin","robbie-spray-grin.html","True","Add to existing page","2","1","1","0","0","Robbie Spray Grin B&W.jpg | Robbie Spray Grin ORIGINAL.jpg"
"Robby Robot Grin","robby-robot-grin.html","True","Add to existing page","1","0","1","0","0","Robby Robot Grin COLOR.jpg"
"Ron Grin Face Icon","ron-grin-face-icon.html","False","Likely create new page","1","1","0","0","1","Ron Grin Face Icon ORIGINAL COLOR.jpg"
"Rosie Jetson Grin","rosie-jetson-grin.html","True","Add to existing page","2","0","2","0","0","Rosie Jetson Grin B&W.jpg | Rosie Jetson Grin COLOR.jpg"
"Rugrat Grin","rugrat-grin.html","True","Add to existing page","2","0","2","0","0","Rugrat Grin B&W.jpg | Rugrat Grin COLOR.jpg"
"Santa Cruz Hand Grin","santa-cruz-hand-grin.html","True","Add to existing page","1","0","1","0","0","Santa Cruz Hand Grin B&W.jpg"
"Santa Grin 1","santa-grin-1.html","True","Add to existing page","2","1","1","0","1","Santa Grin 1 B&W.jpg | Santa Grin 1 ORIGINAL COLOR.jpg"
"Santa Grin 2","santa-grin-2.html","True","Add to existing page","1","0","1","0","0","Santa Grin 2 B&W.jpg"
"Santa Grin 3","santa-grin-3.html","True","Add to existing page","2","0","2","0","0","Santa Grin 3 B&W.jpg | Santa Grin 3 COLOR.jpg"
"Scooby Doo Grin","scooby-doo-grin.html","True","Add to existing page","2","0","2","0","0","Scooby Doo Grin B&W.jpg | Scooby Doo Grin COLOR.jpg"
"Scream Grin","scream-grin.html","True","Add to existing page","1","0","1","0","0","Scream Grin B&W.jpg"
"Sever Fairy Landshark Grin Front (Mickey Fin)","sever-fairy-landshark-grin-front-mickey-fin.html","True","Add to existing page","1","0","1","0","1","Sever Fairy Landshark Grin Front (Mickey Fin) COLOR.png"
"Sever Fairy Landshark Grin (Mickey Fin)","sever-fairy-landshark-grin-mickey-fin.html","True","Add to existing page","1","0","1","0","0","Sever Fairy Landshark Grin (Mickey Fin) B&W.png"
"Sever Fairy Landshark Grin three quarters png","sever-fairy-landshark-grin-three-quarters-png.html","False","Likely create new page","1","0","1","0","1","Sever Fairy Landshark Grin three quarters png.jpg"
"Shark Grin","shark-grin.html","True","Add to existing page","1","0","1","0","0","Shark Grin B&W.jpg"
"Shark Grin Hotrod","shark-grin-hotrod.html","True","Add to existing page","1","0","1","0","0","Shark Grin Hotrod COLOR.jpg"
"Shark Man Grin","shark-man-grin.html","True","Add to existing page","1","0","1","0","0","Shark Man Grin B&W.jpg"
"Skeleton Grin","skeleton-grin.html","True","Add to existing page","2","0","2","0","2","Skeleton Grin front B&W.jpg | Skeleton Grin side B&W.jpg"
"Slo Moe Grin","slo-moe-grin.html","True","Add to existing page","1","0","1","0","0","Slo Moe Grin Portrait B&W.jpg"
"Slow Moe Grin","slow-moe-grin.html","True","Add to existing page","1","0","1","0","0","Slow Moe Grin B&W.jpg"
"Slushsquatch Grin","slushsquatch-grin.html","True","Add to existing page","2","0","2","0","0","Slushsquatch Grin B&W.jpg | Slushsquatch Grin COLOR.jpg"
"Smack, Crack, Pop Grin","smack-crack-pop-grin.html","True","Add to existing page","2","0","2","0","0","Smack, Crack, Pop Grin B&W.jpg | Smack, Crack, Pop Grin COLOR.jpg"
"Smiley Face Dog Grin Newcastle","smiley-face-dog-grin-newcastle.html","True","Add to existing page","1","0","1","0","1","Smiley Face Dog Grin Newcastle B&W.jpg"
"Smoking Grin","smoking-grin.html","True","Add to existing page","4","2","2","0","2","Smoking Grin B&W.jpg | Smoking Grin COLOR.jpg | Smoking Grin ORIGINAL COLOR 2.jpg | Smoking Grin ORIGINAL COLOR.jpg"
"Smoking Grin ORIGINAL COLOR.1","smoking-grin-original-color-1.html","False","Likely create new page","1","1","0","0","1","Smoking Grin ORIGINAL COLOR.1.jpg"
"Smurfette Grin","smurfette-grin.html","True","Add to existing page","2","1","1","0","1","Smurfette Grin B&W.jpg | Smurfette Grin ORIGINAL COLOR.jpg"
"Smurf Grin","smurf-grin.html","True","Add to existing page","2","0","2","0","0","Smurf Grin B&W.jpg | Smurf Grin COLOR.jpg"
"Snoopy Grin","snoopy-grin.html","True","Add to existing page","6","1","5","0","4","Snoopy Grin B&W.jpg | Snoopy Grin back B&W.jpg | Snoopy Grin back COLOR.jpg | Snoopy Grin COLOR.jpg | Snoopy Grin front B&W.jpg | Snoopy Grin ORIGINAL COLOR.jpg"
"Snoopy Grin back COLOR.1","snoopy-grin-back-color-1.html","False","Likely create new page","1","0","1","0","1","Snoopy Grin back COLOR.1.jpg"
"Sock Monkey Grin","sock-monkey-grin.html","True","Add to existing page","2","1","1","0","1","Sock Monkey Grin COLOR.jpg | Sock Monkey Grin ORIGINAL COLOR 1.jpg"
"Sonic Grin","sonic-grin.html","True","Add to existing page","1","0","1","0","0","Sonic Grin COLOR.jpg"
"Space Shark Grin","space-shark-grin.html","True","Add to existing page","1","1","0","0","0","Space Shark Grin ORIGINAL.jpg"
"Spaz Grin","spaz-grin.html","True","Add to existing page","1","1","0","0","1","Spaz Grin ORIGINAL COLOR.jpg"
"Speak More Evil Grin","speak-more-evil-grin.html","True","Add to existing page","1","0","1","0","0","Speak More Evil Grin B&W.jpg"
"Spitting Grin","spitting-grin.html","False","Likely create new page","2","0","2","0","0","Spitting Grin B&W.jpg | Spitting Grin COLOR.jpg"
"Spongebob Grin","spongebob-grin.html","True","Add to existing page","2","1","1","0","1","Spongebob Grin B&W.jpg | Spongebob Grin ORIGINAL COLOR.jpg"
"Squirrel Squirt Grin","squirrel-squirt-grin.html","True","Add to existing page","1","0","1","0","0","Squirrel Squirt Grin B&W.jpg"
"squirrel squirt grin head - B&W - trace girl - png","squirrel-squirt-grin-head-b-and-w-trace-girl-png.html","False","Likely create new page","1","0","1","0","1","squirrel squirt grin head - B&W - trace girl - png.jpg"
"Staples Pigeon Grin","staples-pigeon-grin.html","True","Add to existing page","3","0","3","0","3","Staples Pigeon Grin front B&W.jpg | Staples Pigeon Grin front COLOR.jpg | Staples Pigeon Grin side B&W.jpg"
"Starskull Trooper Grin","starskull-trooper-grin.html","True","Add to existing page","2","0","2","0","0","Starskull Trooper Grin B&W.jpg | Starskull Trooper Grin COLOR.jpg"
"Stewie Grin","stewie-grin.html","True","Add to existing page","2","0","2","0","0","Stewie Grin B&W.jpg | Stewie Grin COLOR.jpg"
"Stitch Grin","stitch-grin.html","True","Add to existing page","2","1","1","0","1","Stitch Grin COLOR.jpg | Stitch Grin ORIGINAL COLOR.jpg"
"Stormtrooper Grin","stormtrooper-grin.html","True","Add to existing page","2","0","2","0","0","Stormtrooper Grin B&W.jpg | Stormtrooper Grin COLOR.jpg"
"Street Fighter Guile Grin","street-fighter-guile-grin.html","True","Add to existing page","1","0","1","0","0","Street Fighter Guile Grin COLOR.jpg"
"Sugar Clown Grin","sugar-clown-grin.html","True","Add to existing page","6","0","6","0","5","Sugar Clown Grin B&W.jpg | Sugar Clown Grin back B&W.jpg | Sugar Clown Grin back COLOR.jpg | Sugar Clown Grin left side COLOR.jpg | Sugar Clown Grin right side B&W.jpg | Sugar Clown Grin right side COLOR.jpg"
"Sugar Diabetic Bear Grin","sugar-diabetic-bear-grin.html","True","Add to existing page","1","0","1","0","0","Sugar Diabetic Bear Grin B&W.jpg"
"Sugar Smack Grin","sugar-smack-grin.html","True","Add to existing page","2","0","2","0","0","Sugar Smack Grin B&W.jpg | Sugar Smack Grin COLOR.jpg"
"Surf Girl Grin","surf-girl-grin.html","True","Add to existing page","2","2","0","0","2","Surf Girl Grin ORIGINAL COLOR 2.jpg | Surf Girl Grin ORIGINAL COLOR.jpg"
"Taz Grin","taz-grin.html","True","Add to existing page","3","0","3","0","0","Taz Grin B&W.jpg | Taz Grin circle COLOR.jpg | Taz Grin COLOR.jpg"
"Taz Grin Flower","taz-grin-flower.html","True","Add to existing page","1","1","0","0","1","Taz Grin Flower Face ORIGINAL.jpg"
"Techno Kitten Grin","techno-kitten-grin.html","True","Add to existing page","2","0","2","0","0","Techno Kitten Grin B&W.jpg | Techno Kitten Grin COLOR.jpg"
"Teddy Bear Grin","teddy-bear-grin.html","True","Add to existing page","1","1","0","0","1","Teddy Bear Grin ORIGINAL COLOR.jpg"
"Teddy Bear Grin Standing","teddy-bear-grin-standing.html","True","Add to existing page","3","1","2","0","1","Teddy Bear Grin Standing B&W.jpg | Teddy Bear Grin Standing COLOR.jpg | Teddy Bear Grin Standing ORIGINAL COLOR 2.png"
"Telegrinnie","telegrinnie.html","True","Add to existing page","2","1","1","0","1","Telegrinnie B&W.jpg | Telegrinnie ORIGINAL COLOR.jpg"
"Teletubby Grin Flying","teletubby-grin-flying.html","True","Add to existing page","2","0","2","0","0","Teletubby Grin Flying B&W.jpg | Teletubby Grin Flying COLOR.jpg"
"Tiger Grin 2","tiger-grin-2.html","True","Add to existing page","2","2","0","0","0","Tiger Grin 2 ORIGINAL colorway 1.jpg | Tiger Grin 2 ORIGINAL colorway 2.jpg"
"Tiger Sphinx","tiger-sphinx.html","True","Add to existing page","2","0","2","0","1","Tiger Sphinx B&W.jpg | Tiger Sphinx side COLOR.jpg"
"Timid Shark Grin","timid-shark-grin.html","True","Add to existing page","1","0","1","0","0","Timid Shark Grin COLOR.jpg"
"Timmy Turner Grin","timmy-turner-grin.html","True","Add to existing page","1","0","1","0","0","Timmy Turner Grin COLOR.jpg"
"Tmnt Leonardo Grin","tmnt-leonardo-grin.html","True","Add to existing page","1","0","1","0","0","Tmnt Leonardo Grin B&W.jpg"
"Tmnt Michelangelo Grin","tmnt-michelangelo-grin.html","True","Add to existing page","1","0","1","0","0","Tmnt Michelangelo Grin COLOR.jpg"
"Tmnt Raphael Grin","tmnt-raphael-grin.html","True","Add to existing page","1","0","1","0","0","Tmnt Raphael Grin B&W.jpg"
"Tony Grin","tony-grin.html","False","Likely create new page","1","1","0","0","1","Tony Grin ORIGINAL COLOR.jpg"
"Tony Tiger Grin 1","tony-tiger-grin-1.html","True","Add to existing page","3","1","2","0","1","Tony Tiger Grin 1 B&W.jpg | Tony Tiger Grin 1 COLOR.jpg | Tony Tiger Grin 1 ORIGINAL COLOR.jpg"
"Tony Tiger Grin 2","tony-tiger-grin-2.html","True","Add to existing page","1","0","1","0","0","Tony Tiger Grin 2 B&W.jpg"
"Topcat Grin","topcat-grin.html","True","Add to existing page","2","0","2","0","0","Topcat Grin B&W.jpg | Topcat Grin COLOR.jpg"
"Trippy Grin","trippy-grin.html","True","Add to existing page","1","0","1","0","0","Trippy Grin COLOR.jpg"
"Tupac Grin","tupac-grin.html","True","Add to existing page","3","2","1","0","2","Tupac Grin B&W.jpg | Tupac Grin ORIGINAL COLOR 1.jpg | Tupac Grin ORIGINAL COLOR 2.jpg"
"Tweetie Grin","tweetie-grin.html","True","Add to existing page","1","1","0","0","1","Tweetie Grin ORIGINAL COLOR.jpg"
"Two-Faced Rabbbit Grin","two-faced-rabbbit-grin.html","True","Add to existing page","4","0","4","0","4","Two-Faced Rabbbit Grin back B&W.jpg | Two-Faced Rabbbit Grin back COLOR.jpg | Two-Faced Rabbbit Grin side B&W.jpg | Two-Faced Rabbbit Grin side COLOR.jpg"
"Unicorn Grin skewered","unicorn-grin-skewered.html","False","Likely create new page","8","8","0","0","0","Unicorn Grin skewered ORIGINAL 1.png | Unicorn Grin skewered ORIGINAL 2.png | Unicorn Grin skewered ORIGINAL 3.png | Unicorn Grin skewered ORIGINAL 4.png | Unicorn Grin skewered ORIGINAL 5.png | Unicorn Grin skewered ORIGINAL 6.png | Unicorn Grin skewered ORIGINAL 7.png | Unicorn Grin skewered ORIGINAL 8.png"
"Wing Grin","wing-grin.html","True","Add to existing page","1","1","0","0","1","Wing Grin body ORIGINAL COLOR.png"
"Yin Yang Face Grin","yin-yang-face-grin.html","True","Add to existing page","1","1","0","0","1","Yin Yang Face Grin ORIGINAL COLOR.jpg"
"Yin Yang Grin 1","yin-yang-grin-1.html","True","Add to existing page","1","1","0","0","1","Yin Yang Grin 1 ORIGINAL COLOR.png"
"Zephyr Zelephant Grin","zephyr-zelephant-grin.html","True","Add to existing page","1","0","1","0","0","Zephyr Zelephant Grin COLOR.png"
