"PageFile","PageTitle","RelativePath","FullPath"
"alien-baby-grin.html","Alien Baby Grin","Sketches\grins\alien-baby-grin.html","D:\github\ron-english-sketches-and-drawings\Sketches\grins\alien-baby-grin.html"
"alien-grin.html","Alien Grin","Sketches\grins\alien-grin.html","D:\github\ron-english-sketches-and-drawings\Sketches\grins\alien-grin.html"
"angel-grin.html","Angel Grin","Sketches\grins\angel-grin.html","D:\github\ron-english-sketches-and-drawings\Sketches\grins\angel-grin.html"
"angel-wings-grin.html","Angel Wings Grin","Sketches\grins\angel-wings-grin.html","D:\github\ron-english-sketches-and-drawings\Sketches\grins\angel-wings-grin.html"
"artist-grin.html","Artist Grin","Sketches\grins\artist-grin.html","D:\github\ron-english-sketches-and-drawings\Sketches\grins\artist-grin.html"
"astro-boy-grin.html","Astro Boy Grin","Sketches\grins\astro-boy-grin.html","D:\github\ron-english-sketches-and-drawings\Sketches\grins\astro-boy-grin.html"
"astrogrin.html","Astrogrin","Sketches\grins\astrogrin.html","D:\github\ron-english-sketches-and-drawings\Sketches\grins\astrogrin.html"
"babalouie-grin.html","Babalouie Grin","Sketches\grins\babalouie-grin.html","D:\github\ron-english-sketches-and-drawings\Sketches\grins\babalouie-grin.html"
"baby-grin.html","Baby Grin","Sketches\grins\baby-grin.html","D:\github\ron-english-sketches-and-drawings\Sketches\grins\baby-grin.html"
"baby-grin-2.html","Baby Grin 2","Sketches\grins\baby-grin-2.html","D:\github\ron-english-sketches-and-drawings\Sketches\grins\baby-grin-2.html"
"badly-drawn-batman-grin.html","Badly Drawn Batman Grin","Sketches\grins\badly-drawn-batman-grin.html","D:\github\ron-english-sketches-and-drawings\Sketches\grins\badly-drawn-batman-grin.html"
"barney-grin.html","Barney Grin","Sketches\grins\barney-grin.html","D:\github\ron-english-sketches-and-drawings\Sketches\grins\barney-grin.html"
"barney-grin-flying.html","Barney Grin Flying","Sketches\grins\barney-grin-flying.html","D:\github\ron-english-sketches-and-drawings\Sketches\grins\barney-grin-flying.html"
"barney-grin-guernical.html","Barney Grin Guernical","Sketches\grins\barney-grin-guernical.html","D:\github\ron-english-sketches-and-drawings\Sketches\grins\barney-grin-guernical.html"
"bart-grin.html","Bart Grin","Sketches\grins\bart-grin.html","D:\github\ron-english-sketches-and-drawings\Sketches\grins\bart-grin.html"
"bart-grin-chubby.html","Bart Grin chubby","Sketches\grins\bart-grin-chubby.html","D:\github\ron-english-sketches-and-drawings\Sketches\grins\bart-grin-chubby.html"
"bart-grin-short.html","Bart Grin short","Sketches\grins\bart-grin-short.html","D:\github\ron-english-sketches-and-drawings\Sketches\grins\bart-grin-short.html"
"bartman-grin.html","Bartman Grin","Sketches\grins\bartman-grin.html","D:\github\ron-english-sketches-and-drawings\Sketches\grins\bartman-grin.html"
"bartman-grin-flying.html","Bartman Grin flying","Sketches\grins\bartman-grin-flying.html","D:\github\ron-english-sketches-and-drawings\Sketches\grins\bartman-grin-flying.html"
"baseball-grin.html","Baseball Grin","Sketches\grins\baseball-grin.html","D:\github\ron-english-sketches-and-drawings\Sketches\grins\baseball-grin.html"
"basketball-bulldog-grin.html","Basketball Bulldog Grin","Sketches\grins\basketball-bulldog-grin.html","D:\github\ron-english-sketches-and-drawings\Sketches\grins\basketball-bulldog-grin.html"
"basketball-grin.html","Basketball Grin","Sketches\grins\basketball-grin.html","D:\github\ron-english-sketches-and-drawings\Sketches\grins\basketball-grin.html"
"bat-grin.html","Bat Grin","Sketches\grins\bat-grin.html","D:\github\ron-english-sketches-and-drawings\Sketches\grins\bat-grin.html"
"bat-grin-version-2.html","Bat Grin version 2","Sketches\grins\bat-grin-version-2.html","D:\github\ron-english-sketches-and-drawings\Sketches\grins\bat-grin-version-2.html"
"batman-grin.html","Batman Grin","Sketches\grins\batman-grin.html","D:\github\ron-english-sketches-and-drawings\Sketches\grins\batman-grin.html"
"batman-grin-and-robin-2.html","Batman Grin and Robin 2","Sketches\grins\batman-grin-and-robin-2.html","D:\github\ron-english-sketches-and-drawings\Sketches\grins\batman-grin-and-robin-2.html"
"batman-grin-icon.html","Batman Grin Icon","Sketches\grins\batman-grin-icon.html","D:\github\ron-english-sketches-and-drawings\Sketches\grins\batman-grin-icon.html"
"batman-grin-torso.html","Batman Grin Torso","Sketches\grins\batman-grin-torso.html","D:\github\ron-english-sketches-and-drawings\Sketches\grins\batman-grin-torso.html"
"battle-cat-grin.html","Battle Cat Grin","Sketches\grins\battle-cat-grin.html","D:\github\ron-english-sketches-and-drawings\Sketches\grins\battle-cat-grin.html"
"battle-cat-grin-crouching.html","Battle Cat Grin Crouching","Sketches\grins\battle-cat-grin-crouching.html","D:\github\ron-english-sketches-and-drawings\Sketches\grins\battle-cat-grin-crouching.html"
"battle-skull-grin.html","Battle Skull Grin","Sketches\grins\battle-skull-grin.html","D:\github\ron-english-sketches-and-drawings\Sketches\grins\battle-skull-grin.html"
"bearbrick-skull.html","Bearbrick Skull","Sketches\grins\bearbrick-skull.html","D:\github\ron-english-sketches-and-drawings\Sketches\grins\bearbrick-skull.html"
"bear-grin-forked-tongue.html","Bear Grin Forked Tongue","Sketches\grins\bear-grin-forked-tongue.html","D:\github\ron-english-sketches-and-drawings\Sketches\grins\bear-grin-forked-tongue.html"
"beast-man-grin.html","Beast Man Grin","Sketches\grins\beast-man-grin.html","D:\github\ron-english-sketches-and-drawings\Sketches\grins\beast-man-grin.html"
"bert-grin.html","Bert Grin","Sketches\grins\bert-grin.html","D:\github\ron-english-sketches-and-drawings\Sketches\grins\bert-grin.html"
"big-boy-grin.html","Big Boy Grin","Sketches\grins\big-boy-grin.html","D:\github\ron-english-sketches-and-drawings\Sketches\grins\big-boy-grin.html"
"biggie-grin.html","Biggie Grin","Sketches\grins\biggie-grin.html","D:\github\ron-english-sketches-and-drawings\Sketches\grins\biggie-grin.html"
"blanka-grin.html","Blanka Grin","Sketches\grins\blanka-grin.html","D:\github\ron-english-sketches-and-drawings\Sketches\grins\blanka-grin.html"
"blotchy-grin.html","Blotchy Grin","Sketches\grins\blotchy-grin.html","D:\github\ron-english-sketches-and-drawings\Sketches\grins\blotchy-grin.html"
"blue-from-blue-s-clues-grin.html","Blue From Blue’s Clues Grin","Sketches\grins\blue-from-blue-s-clues-grin.html","D:\github\ron-english-sketches-and-drawings\Sketches\grins\blue-from-blue-s-clues-grin.html"
"boba-fett-grin.html","Boba Fett Grin","Sketches\grins\boba-fett-grin.html","D:\github\ron-english-sketches-and-drawings\Sketches\grins\boba-fett-grin.html"
"boo-boo-bear-grin.html","Boo Boo Bear Grin","Sketches\grins\boo-boo-bear-grin.html","D:\github\ron-english-sketches-and-drawings\Sketches\grins\boo-boo-bear-grin.html"
"bored-ape-cowboy-grin.html","Bored Ape Cowboy Grin","Sketches\grins\bored-ape-cowboy-grin.html","D:\github\ron-english-sketches-and-drawings\Sketches\grins\bored-ape-cowboy-grin.html"
"bored-ape-grin.html","Bored Ape Grin","Sketches\grins\bored-ape-grin.html","D:\github\ron-english-sketches-and-drawings\Sketches\grins\bored-ape-grin.html"
"b-rex-grin.html","B-Rex Grin","Sketches\grins\b-rex-grin.html","D:\github\ron-english-sketches-and-drawings\Sketches\grins\b-rex-grin.html"
"bugs-grin.html","Bugs Grin","Sketches\grins\bugs-grin.html","D:\github\ron-english-sketches-and-drawings\Sketches\grins\bugs-grin.html"
"bulldog-grin.html","Bulldog Grin","Sketches\grins\bulldog-grin.html","D:\github\ron-english-sketches-and-drawings\Sketches\grins\bulldog-grin.html"
"businessman-grin.html","Businessman Grin","Sketches\grins\businessman-grin.html","D:\github\ron-english-sketches-and-drawings\Sketches\grins\businessman-grin.html"
"c3po-grin.html","C3PO Grin","Sketches\grins\c3po-grin.html","D:\github\ron-english-sketches-and-drawings\Sketches\grins\c3po-grin.html"
"cafeteria-lady-grin.html","Cafeteria Lady Grin","Sketches\grins\cafeteria-lady-grin.html","D:\github\ron-english-sketches-and-drawings\Sketches\grins\cafeteria-lady-grin.html"
"cap-n-cornstarch-grin.html","Cap’n Cornstarch Grin","Sketches\grins\cap-n-cornstarch-grin.html","D:\github\ron-english-sketches-and-drawings\Sketches\grins\cap-n-cornstarch-grin.html"
"carmelo-grin.html","Carmelo Grin","Sketches\grins\carmelo-grin.html","D:\github\ron-english-sketches-and-drawings\Sketches\grins\carmelo-grin.html"
"carousel-grinnie.html","Carousel Grinnie","Sketches\grins\carousel-grinnie.html","D:\github\ron-english-sketches-and-drawings\Sketches\grins\carousel-grinnie.html"
"cartman-grin.html","Cartman Grin","Sketches\grins\cartman-grin.html","D:\github\ron-english-sketches-and-drawings\Sketches\grins\cartman-grin.html"
"catbrain-grin.html","Catbrain Grin","Sketches\grins\catbrain-grin.html","D:\github\ron-english-sketches-and-drawings\Sketches\grins\catbrain-grin.html"
"cat-grin.html","Cat Grin","Sketches\grins\cat-grin.html","D:\github\ron-english-sketches-and-drawings\Sketches\grins\cat-grin.html"
"cat-grin-1.html","Cat Grin 1","Sketches\grins\cat-grin-1.html","D:\github\ron-english-sketches-and-drawings\Sketches\grins\cat-grin-1.html"
"cat-grin-2.html","Cat Grin 2","Sketches\grins\cat-grin-2.html","D:\github\ron-english-sketches-and-drawings\Sketches\grins\cat-grin-2.html"
"cat-in-hat-grin.html","Cat in Hat Grin","Sketches\grins\cat-in-hat-grin.html","D:\github\ron-english-sketches-and-drawings\Sketches\grins\cat-in-hat-grin.html"
"charlie-brown-grin.html","Charlie Brown Grin","Sketches\grins\charlie-brown-grin.html","D:\github\ron-english-sketches-and-drawings\Sketches\grins\charlie-brown-grin.html"
"charlie-grin-flying.html","Charlie Grin Flying","Sketches\grins\charlie-grin-flying.html","D:\github\ron-english-sketches-and-drawings\Sketches\grins\charlie-grin-flying.html"
"charlie-grin-x-ray.html","Charlie Grin X Ray","Sketches\grins\charlie-grin-x-ray.html","D:\github\ron-english-sketches-and-drawings\Sketches\grins\charlie-grin-x-ray.html"
"cheshire-cat-grin.html","Cheshire Cat Grin","Sketches\grins\cheshire-cat-grin.html","D:\github\ron-english-sketches-and-drawings\Sketches\grins\cheshire-cat-grin.html"
"chico-roco.html","Chico Roco","Sketches\grins\chico-roco.html","D:\github\ron-english-sketches-and-drawings\Sketches\grins\chico-roco.html"
"chico-roco-rabbit-grin.html","Chico Roco Rabbit Grin","Sketches\grins\chico-roco-rabbit-grin.html","D:\github\ron-english-sketches-and-drawings\Sketches\grins\chico-roco-rabbit-grin.html"
"chico-roco-telephone.html","Chico Roco telephone","Sketches\grins\chico-roco-telephone.html","D:\github\ron-english-sketches-and-drawings\Sketches\grins\chico-roco-telephone.html"
"chuckie-grin.html","Chuckie Grin","Sketches\grins\chuckie-grin.html","D:\github\ron-english-sketches-and-drawings\Sketches\grins\chuckie-grin.html"
"count-calorie-grin.html","Count Calorie Grin","Sketches\grins\count-calorie-grin.html","D:\github\ron-english-sketches-and-drawings\Sketches\grins\count-calorie-grin.html"
"courage-dog-grin.html","Courage Dog Grin","Sketches\grins\courage-dog-grin.html","D:\github\ron-english-sketches-and-drawings\Sketches\grins\courage-dog-grin.html"
"covid-grin.html","COVID Grin","Sketches\grins\covid-grin.html","D:\github\ron-english-sketches-and-drawings\Sketches\grins\covid-grin.html"
"cow-grin.html","Cow Grin","Sketches\grins\cow-grin.html","D:\github\ron-english-sketches-and-drawings\Sketches\grins\cow-grin.html"
"creepy-creature.html","Creepy Creature","Sketches\grins\creepy-creature.html","D:\github\ron-english-sketches-and-drawings\Sketches\grins\creepy-creature.html"
"croc-grin.html","Croc Grin","Sketches\grins\croc-grin.html","D:\github\ron-english-sketches-and-drawings\Sketches\grins\croc-grin.html"
"crossbones-crest-brooklyn-nets-grin-1.html","Crossbones Crest Brooklyn Nets Grin 1","Sketches\grins\crossbones-crest-brooklyn-nets-grin-1.html","D:\github\ron-english-sketches-and-drawings\Sketches\grins\crossbones-crest-brooklyn-nets-grin-1.html"
"crossbones-crest-brooklyn-nets-grin-2.html","Crossbones Crest Brooklyn Nets Grin 2","Sketches\grins\crossbones-crest-brooklyn-nets-grin-2.html","D:\github\ron-english-sketches-and-drawings\Sketches\grins\crossbones-crest-brooklyn-nets-grin-2.html"
"cryptopunk-grin.html","Cryptopunk Grin","Sketches\grins\cryptopunk-grin.html","D:\github\ron-english-sketches-and-drawings\Sketches\grins\cryptopunk-grin.html"
"deadmau5-grin.html","DEADMAU5 Grin","Sketches\grins\deadmau5-grin.html","D:\github\ron-english-sketches-and-drawings\Sketches\grins\deadmau5-grin.html"
"deadmau5-grin-running-colors.html","DEADMAU5 Grin Running COLORS","Sketches\grins\deadmau5-grin-running-colors.html","D:\github\ron-english-sketches-and-drawings\Sketches\grins\deadmau5-grin-running-colors.html"
"deadmaugrin-back-colors.html","DEADMAUGrin back COLORS","Sketches\grins\deadmaugrin-back-colors.html","D:\github\ron-english-sketches-and-drawings\Sketches\grins\deadmaugrin-back-colors.html"
"deadmaugrin-colors.html","DEADMAUGrin COLORS","Sketches\grins\deadmaugrin-colors.html","D:\github\ron-english-sketches-and-drawings\Sketches\grins\deadmaugrin-colors.html"
"deadmaugrin-side-colors.html","DEADMAUGrin side COLORS","Sketches\grins\deadmaugrin-side-colors.html","D:\github\ron-english-sketches-and-drawings\Sketches\grins\deadmaugrin-side-colors.html"
"deputy-dog-grin.html","Deputy Dog Grin","Sketches\grins\deputy-dog-grin.html","D:\github\ron-english-sketches-and-drawings\Sketches\grins\deputy-dog-grin.html"
"dr-bub-quack-animation-1.html","Dr Bub Quack Animation 1","Sketches\grins\dr-bub-quack-animation-1.html","D:\github\ron-english-sketches-and-drawings\Sketches\grins\dr-bub-quack-animation-1.html"
"dr-bub-quack-animation-2.html","Dr Bub Quack Animation 2","Sketches\grins\dr-bub-quack-animation-2.html","D:\github\ron-english-sketches-and-drawings\Sketches\grins\dr-bub-quack-animation-2.html"
"dr-bub-quack-grin.html","Dr Bub Quack Grin","Sketches\grins\dr-bub-quack-grin.html","D:\github\ron-english-sketches-and-drawings\Sketches\grins\dr-bub-quack-grin.html"
"drink-the-koolaid-1.html","Drink the Koolaid 1","Sketches\grins\drink-the-koolaid-1.html","D:\github\ron-english-sketches-and-drawings\Sketches\grins\drink-the-koolaid-1.html"
"drink-the-koolaid-2.html","Drink the Koolaid 2","Sketches\grins\drink-the-koolaid-2.html","D:\github\ron-english-sketches-and-drawings\Sketches\grins\drink-the-koolaid-2.html"
"dripping-grin.html","Dripping Grin","Sketches\grins\dripping-grin.html","D:\github\ron-english-sketches-and-drawings\Sketches\grins\dripping-grin.html"
"droopy-dog-grin.html","Droopy Dog Grin","Sketches\grins\droopy-dog-grin.html","D:\github\ron-english-sketches-and-drawings\Sketches\grins\droopy-dog-grin.html"
"dunny-grin.html","Dunny Grin","Sketches\grins\dunny-grin.html","D:\github\ron-english-sketches-and-drawings\Sketches\grins\dunny-grin.html"
"elefanka-grin-side-view.html","Elefanka Grin Side View","Sketches\grins\elefanka-grin-side-view.html","D:\github\ron-english-sketches-and-drawings\Sketches\grins\elefanka-grin-side-view.html"
"elephant-grin.html","Elephant Grin","Sketches\grins\elephant-grin.html","D:\github\ron-english-sketches-and-drawings\Sketches\grins\elephant-grin.html"
"elmo-grin.html","Elmo Grin","Sketches\grins\elmo-grin.html","D:\github\ron-english-sketches-and-drawings\Sketches\grins\elmo-grin.html"
"eminem-grin.html","Eminem Grin","Sketches\grins\eminem-grin.html","D:\github\ron-english-sketches-and-drawings\Sketches\grins\eminem-grin.html"
"ernie-grin.html","Ernie Grin","Sketches\grins\ernie-grin.html","D:\github\ron-english-sketches-and-drawings\Sketches\grins\ernie-grin.html"
"ez-nuts-grin.html","EZ Nuts Grin","Sketches\grins\ez-nuts-grin.html","D:\github\ron-english-sketches-and-drawings\Sketches\grins\ez-nuts-grin.html"
"fat-stormtrooper-grin.html","Fat Stormtrooper Grin","Sketches\grins\fat-stormtrooper-grin.html","D:\github\ron-english-sketches-and-drawings\Sketches\grins\fat-stormtrooper-grin.html"
"faze-banks-grin.html","Faze Banks Grin","Sketches\grins\faze-banks-grin.html","D:\github\ron-english-sketches-and-drawings\Sketches\grins\faze-banks-grin.html"
"felix-grin.html","Felix Grin","Sketches\grins\felix-grin.html","D:\github\ron-english-sketches-and-drawings\Sketches\grins\felix-grin.html"
"firecracker-skeleton-grin.html","Firecracker Skeleton Grin","Sketches\grins\firecracker-skeleton-grin.html","D:\github\ron-english-sketches-and-drawings\Sketches\grins\firecracker-skeleton-grin.html"
"flaming-o-grin.html","Flaming O Grin","Sketches\grins\flaming-o-grin.html","D:\github\ron-english-sketches-and-drawings\Sketches\grins\flaming-o-grin.html"
"floating-grinnie.html","Floating Grinnie","Sketches\grins\floating-grinnie.html","D:\github\ron-english-sketches-and-drawings\Sketches\grins\floating-grinnie.html"
"flower-brain-grin.html","Flower Brain Grin","Sketches\grins\flower-brain-grin.html","D:\github\ron-english-sketches-and-drawings\Sketches\grins\flower-brain-grin.html"
"flower-grin.html","Flower Grin","Sketches\grins\flower-grin.html","D:\github\ron-english-sketches-and-drawings\Sketches\grins\flower-grin.html"
"flower-grin-original-color-2.html","Flower Grin ORIGINAL COLOR (2)","Sketches\grins\flower-grin-original-color-2.html","D:\github\ron-english-sketches-and-drawings\Sketches\grins\flower-grin-original-color-2.html"
"flower-grin-original-color-3.html","Flower Grin ORIGINAL COLOR (3)","Sketches\grins\flower-grin-original-color-3.html","D:\github\ron-english-sketches-and-drawings\Sketches\grins\flower-grin-original-color-3.html"
"flower-grin-version-2.html","Flower Grin version 2","Sketches\grins\flower-grin-version-2.html","D:\github\ron-english-sketches-and-drawings\Sketches\grins\flower-grin-version-2.html"
"flying-grinnie.html","Flying Grinnie","Sketches\grins\flying-grinnie.html","D:\github\ron-english-sketches-and-drawings\Sketches\grins\flying-grinnie.html"
"football-grin.html","Football Grin","Sketches\grins\football-grin.html","D:\github\ron-english-sketches-and-drawings\Sketches\grins\football-grin.html"
"football-player-grin.html","Football Player Grin","Sketches\grins\football-player-grin.html","D:\github\ron-english-sketches-and-drawings\Sketches\grins\football-player-grin.html"
"foot-in-mouth.html","Foot in Mouth","Sketches\grins\foot-in-mouth.html","D:\github\ron-english-sketches-and-drawings\Sketches\grins\foot-in-mouth.html"
"franken-fat-grin.html","Franken Fat Grin","Sketches\grins\franken-fat-grin.html","D:\github\ron-english-sketches-and-drawings\Sketches\grins\franken-fat-grin.html"
"franken-grin.html","Franken Grin","Sketches\grins\franken-grin.html","D:\github\ron-english-sketches-and-drawings\Sketches\grins\franken-grin.html"
"freak-bro-afro-stache.html","Freak Bro Afro Stache","Sketches\grins\freak-bro-afro-stache.html","D:\github\ron-english-sketches-and-drawings\Sketches\grins\freak-bro-afro-stache.html"
"freak-bro-grin.html","Freak Bro Grin","Sketches\grins\freak-bro-grin.html","D:\github\ron-english-sketches-and-drawings\Sketches\grins\freak-bro-grin.html"
"freak-cat.html","Freak Cat","Sketches\grins\freak-cat.html","D:\github\ron-english-sketches-and-drawings\Sketches\grins\freak-cat.html"
"garfield-grin.html","Garfield Grin","Sketches\grins\garfield-grin.html","D:\github\ron-english-sketches-and-drawings\Sketches\grins\garfield-grin.html"
"george-jetson-grin.html","George Jetson Grin","Sketches\grins\george-jetson-grin.html","D:\github\ron-english-sketches-and-drawings\Sketches\grins\george-jetson-grin.html"
"ghostbuster-grin.html","Ghostbuster Grin","Sketches\grins\ghostbuster-grin.html","D:\github\ron-english-sketches-and-drawings\Sketches\grins\ghostbuster-grin.html"
"godzilla-heart-grin.html","Godzilla Heart Grin","Sketches\grins\godzilla-heart-grin.html","D:\github\ron-english-sketches-and-drawings\Sketches\grins\godzilla-heart-grin.html"
"gorilla-grin.html","Gorilla grin","Sketches\grins\gorilla-grin.html","D:\github\ron-english-sketches-and-drawings\Sketches\grins\gorilla-grin.html"
"gorilla-grin-2.html","Gorilla Grin 2","Sketches\grins\gorilla-grin-2.html","D:\github\ron-english-sketches-and-drawings\Sketches\grins\gorilla-grin-2.html"
"grim-grin.html","Grim Grin","Sketches\grins\grim-grin.html","D:\github\ron-english-sketches-and-drawings\Sketches\grins\grim-grin.html"
"grim-grin-grin-reaper.html","Grim Grin (Grin Reaper)","Sketches\grins\grim-grin-grin-reaper.html","D:\github\ron-english-sketches-and-drawings\Sketches\grins\grim-grin-grin-reaper.html"
"grim-reaper-grin.html","Grim Reaper Grin","Sketches\grins\grim-reaper-grin.html","D:\github\ron-english-sketches-and-drawings\Sketches\grins\grim-reaper-grin.html"
"grim-reefer.html","Grim Reefer","Sketches\grins\grim-reefer.html","D:\github\ron-english-sketches-and-drawings\Sketches\grins\grim-reefer.html"
"grin-animation.html","Grin animation","Sketches\grins\grin-animation.html","D:\github\ron-english-sketches-and-drawings\Sketches\grins\grin-animation.html"
"grin-animation-front-b-and-w-1.html","Grin Animation front B&W (1)","Sketches\grins\grin-animation-front-b-and-w-1.html","D:\github\ron-english-sketches-and-drawings\Sketches\grins\grin-animation-front-b-and-w-1.html"
"grin-animation-side-b-and-w-1.html","Grin Animation side B&W (1)","Sketches\grins\grin-animation-side-b-and-w-1.html","D:\github\ron-english-sketches-and-drawings\Sketches\grins\grin-animation-side-b-and-w-1.html"
"grin-baby.html","Grin Baby","Sketches\grins\grin-baby.html","D:\github\ron-english-sketches-and-drawings\Sketches\grins\grin-baby.html"
"grin-brain-cone.html","Grin Brain Cone","Sketches\grins\grin-brain-cone.html","D:\github\ron-english-sketches-and-drawings\Sketches\grins\grin-brain-cone.html"
"grin-bunny-ears.html","Grin Bunny Ears","Sketches\grins\grin-bunny-ears.html","D:\github\ron-english-sketches-and-drawings\Sketches\grins\grin-bunny-ears.html"
"grin-bunny-three-ears.html","Grin Bunny Three Ears","Sketches\grins\grin-bunny-three-ears.html","D:\github\ron-english-sketches-and-drawings\Sketches\grins\grin-bunny-three-ears.html"
"grin-bunny-two-ears.html","Grin Bunny Two Ears","Sketches\grins\grin-bunny-two-ears.html","D:\github\ron-english-sketches-and-drawings\Sketches\grins\grin-bunny-two-ears.html"
"grin-car.html","Grin Car","Sketches\grins\grin-car.html","D:\github\ron-english-sketches-and-drawings\Sketches\grins\grin-car.html"
"grinch-grin.html","Grinch Grin","Sketches\grins\grinch-grin.html","D:\github\ron-english-sketches-and-drawings\Sketches\grins\grinch-grin.html"
"grin-flower.html","Grin Flower","Sketches\grins\grin-flower.html","D:\github\ron-english-sketches-and-drawings\Sketches\grins\grin-flower.html"
"grin-god.html","Grin God","Sketches\grins\grin-god.html","D:\github\ron-english-sketches-and-drawings\Sketches\grins\grin-god.html"
"grin-kitty.html","Grin Kitty","Sketches\grins\grin-kitty.html","D:\github\ron-english-sketches-and-drawings\Sketches\grins\grin-kitty.html"
"grin-mouth.html","Grin Mouth","Sketches\grins\grin-mouth.html","D:\github\ron-english-sketches-and-drawings\Sketches\grins\grin-mouth.html"
"grinne-side-view.html","grinne side view","Sketches\grins\grinne-side-view.html","D:\github\ron-english-sketches-and-drawings\Sketches\grins\grinne-side-view.html"
"grinnie.html","grinnie","Sketches\grins\grinnie.html","D:\github\ron-english-sketches-and-drawings\Sketches\grins\grinnie.html"
"grinnie-and-friends-totem-pole.html","Grinnie and Friends Totem Pole","Sketches\grins\grinnie-and-friends-totem-pole.html","D:\github\ron-english-sketches-and-drawings\Sketches\grins\grinnie-and-friends-totem-pole.html"
"grinnie-delusionville-pilot.html","Grinnie Delusionville Pilot","Sketches\grins\grinnie-delusionville-pilot.html","D:\github\ron-english-sketches-and-drawings\Sketches\grins\grinnie-delusionville-pilot.html"
"grinnie-delusionville-pilot-in-plane.html","Grinnie Delusionville Pilot in plane","Sketches\grins\grinnie-delusionville-pilot-in-plane.html","D:\github\ron-english-sketches-and-drawings\Sketches\grins\grinnie-delusionville-pilot-in-plane.html"
"grinnie-family-icon.html","Grinnie Family Icon","Sketches\grins\grinnie-family-icon.html","D:\github\ron-english-sketches-and-drawings\Sketches\grins\grinnie-family-icon.html"
"grinnie-front-view.html","grinnie front view","Sketches\grins\grinnie-front-view.html","D:\github\ron-english-sketches-and-drawings\Sketches\grins\grinnie-front-view.html"
"grinnie-on-horseback.html","Grinnie on Horseback","Sketches\grins\grinnie-on-horseback.html","D:\github\ron-english-sketches-and-drawings\Sketches\grins\grinnie-on-horseback.html"
"grinnies-grin.html","Grinnies Grin","Sketches\grins\grinnies-grin.html","D:\github\ron-english-sketches-and-drawings\Sketches\grins\grinnies-grin.html"
"grinnies-grin-face-animation.html","grinnies grin face animation","Sketches\grins\grinnies-grin-face-animation.html","D:\github\ron-english-sketches-and-drawings\Sketches\grins\grinnies-grin-face-animation.html"
"grinnie-side-view.html","Grinnie Side view","Sketches\grins\grinnie-side-view.html","D:\github\ron-english-sketches-and-drawings\Sketches\grins\grinnie-side-view.html"
"grinnies-on-tv.html","Grinnies on TV","Sketches\grins\grinnies-on-tv.html","D:\github\ron-english-sketches-and-drawings\Sketches\grins\grinnies-on-tv.html"
"grinnies-twins.html","Grinnies Twins","Sketches\grins\grinnies-twins.html","D:\github\ron-english-sketches-and-drawings\Sketches\grins\grinnies-twins.html"
"grin-planet.html","Grin Planet","Sketches\grins\grin-planet.html","D:\github\ron-english-sketches-and-drawings\Sketches\grins\grin-planet.html"
"grinplanet-nobody.html","Grinplanet Nobody","Sketches\grins\grinplanet-nobody.html","D:\github\ron-english-sketches-and-drawings\Sketches\grins\grinplanet-nobody.html"
"grin-reaper-version-2.html","Grin Reaper version 2","Sketches\grins\grin-reaper-version-2.html","D:\github\ron-english-sketches-and-drawings\Sketches\grins\grin-reaper-version-2.html"
"grin-reaper-with-facemask.html","Grin Reaper With Facemask","Sketches\grins\grin-reaper-with-facemask.html","D:\github\ron-english-sketches-and-drawings\Sketches\grins\grin-reaper-with-facemask.html"
"grin-smoker.html","Grin Smoker","Sketches\grins\grin-smoker.html","D:\github\ron-english-sketches-and-drawings\Sketches\grins\grin-smoker.html"
"grin-smoker-b-and-w-shaded.html","Grin Smoker B&W shaded","Sketches\grins\grin-smoker-b-and-w-shaded.html","D:\github\ron-english-sketches-and-drawings\Sketches\grins\grin-smoker-b-and-w-shaded.html"
"grin-smoker-portrait.html","Grin Smoker Portrait","Sketches\grins\grin-smoker-portrait.html","D:\github\ron-english-sketches-and-drawings\Sketches\grins\grin-smoker-portrait.html"
"grouch-grin.html","Grouch Grin","Sketches\grins\grouch-grin.html","D:\github\ron-english-sketches-and-drawings\Sketches\grins\grouch-grin.html"
"gummy-bear-grin.html","Gummy Bear Grin","Sketches\grins\gummy-bear-grin.html","D:\github\ron-english-sketches-and-drawings\Sketches\grins\gummy-bear-grin.html"
"hawaiian-punch-grin.html","Hawaiian Punch Grin","Sketches\grins\hawaiian-punch-grin.html","D:\github\ron-english-sketches-and-drawings\Sketches\grins\hawaiian-punch-grin.html"
"hello-kitty-grin.html","Hello Kitty Grin","Sketches\grins\hello-kitty-grin.html","D:\github\ron-english-sketches-and-drawings\Sketches\grins\hello-kitty-grin.html"
"homer-grin.html","Homer Grin","Sketches\grins\homer-grin.html","D:\github\ron-english-sketches-and-drawings\Sketches\grins\homer-grin.html"
"homer-grin-3.html","Homer Grin 3","Sketches\grins\homer-grin-3.html","D:\github\ron-english-sketches-and-drawings\Sketches\grins\homer-grin-3.html"
"homer-grin-flying.html","Homer Grin Flying","Sketches\grins\homer-grin-flying.html","D:\github\ron-english-sketches-and-drawings\Sketches\grins\homer-grin-flying.html"
"homer-grin-version-2.html","Homer grin version 2","Sketches\grins\homer-grin-version-2.html","D:\github\ron-english-sketches-and-drawings\Sketches\grins\homer-grin-version-2.html"
"honey-butts-grin.html","Honey Butts Grin","Sketches\grins\honey-butts-grin.html","D:\github\ron-english-sketches-and-drawings\Sketches\grins\honey-butts-grin.html"
"hound-grin.html","Hound Grin","Sketches\grins\hound-grin.html","D:\github\ron-english-sketches-and-drawings\Sketches\grins\hound-grin.html"
"hr-puffenstuff-grin.html","HR Puffenstuff Grin","Sketches\grins\hr-puffenstuff-grin.html","D:\github\ron-english-sketches-and-drawings\Sketches\grins\hr-puffenstuff-grin.html"
"index.html","Grins","Sketches\grins\index.html","D:\github\ron-english-sketches-and-drawings\Sketches\grins\index.html"
"jake-the-dog-grin.html","Jake the Dog Grin","Sketches\grins\jake-the-dog-grin.html","D:\github\ron-english-sketches-and-drawings\Sketches\grins\jake-the-dog-grin.html"
"jane-jetson-grin.html","Jane Jetson Grin","Sketches\grins\jane-jetson-grin.html","D:\github\ron-english-sketches-and-drawings\Sketches\grins\jane-jetson-grin.html"
"jeremiah-grin-1.html","Jeremiah Grin 1","Sketches\grins\jeremiah-grin-1.html","D:\github\ron-english-sketches-and-drawings\Sketches\grins\jeremiah-grin-1.html"
"jeremiah-grin-2.html","Jeremiah Grin 2","Sketches\grins\jeremiah-grin-2.html","D:\github\ron-english-sketches-and-drawings\Sketches\grins\jeremiah-grin-2.html"
"jeremiah-grin-3.html","Jeremiah Grin 3","Sketches\grins\jeremiah-grin-3.html","D:\github\ron-english-sketches-and-drawings\Sketches\grins\jeremiah-grin-3.html"
"jeremiah-grin-4.html","Jeremiah Grin 4","Sketches\grins\jeremiah-grin-4.html","D:\github\ron-english-sketches-and-drawings\Sketches\grins\jeremiah-grin-4.html"
"jimi-hendrix-grin.html","Jimi Hendrix Grin","Sketches\grins\jimi-hendrix-grin.html","D:\github\ron-english-sketches-and-drawings\Sketches\grins\jimi-hendrix-grin.html"
"joker-grin.html","Joker Grin","Sketches\grins\joker-grin.html","D:\github\ron-english-sketches-and-drawings\Sketches\grins\joker-grin.html"
"kanegon-grin.html","Kanegon Grin","Sketches\grins\kanegon-grin.html","D:\github\ron-english-sketches-and-drawings\Sketches\grins\kanegon-grin.html"
"kevin-durant-1.html","Kevin Durant 1","Sketches\grins\kevin-durant-1.html","D:\github\ron-english-sketches-and-drawings\Sketches\grins\kevin-durant-1.html"
"kevin-durant-grim.html","Kevin Durant Grim","Sketches\grins\kevin-durant-grim.html","D:\github\ron-english-sketches-and-drawings\Sketches\grins\kevin-durant-grim.html"
"kevin-durant-grin.html","Kevin Durant Grin","Sketches\grins\kevin-durant-grin.html","D:\github\ron-english-sketches-and-drawings\Sketches\grins\kevin-durant-grin.html"
"kevin-durant-grin-with-ball-original-1.html","Kevin Durant Grin With Ball ORIGINAL.1","Sketches\grins\kevin-durant-grin-with-ball-original-1.html","D:\github\ron-english-sketches-and-drawings\Sketches\grins\kevin-durant-grin-with-ball-original-1.html"
"kiss-gene-grin.html","Kiss Gene Grin","Sketches\grins\kiss-gene-grin.html","D:\github\ron-english-sketches-and-drawings\Sketches\grins\kiss-gene-grin.html"
"krusty-the-clown-grin.html","Krusty the Clown Grin","Sketches\grins\krusty-the-clown-grin.html","D:\github\ron-english-sketches-and-drawings\Sketches\grins\krusty-the-clown-grin.html"
"kursed-grin.html","Kursed Grin","Sketches\grins\kursed-grin.html","D:\github\ron-english-sketches-and-drawings\Sketches\grins\kursed-grin.html"
"lemon-boy-grin.html","Lemon Boy grin","Sketches\grins\lemon-boy-grin.html","D:\github\ron-english-sketches-and-drawings\Sketches\grins\lemon-boy-grin.html"
"lemon-boy-grin-walking.html","Lemon Boy Grin Walking","Sketches\grins\lemon-boy-grin-walking.html","D:\github\ron-english-sketches-and-drawings\Sketches\grins\lemon-boy-grin-walking.html"
"leopard-grin-1.html","Leopard Grin 1","Sketches\grins\leopard-grin-1.html","D:\github\ron-english-sketches-and-drawings\Sketches\grins\leopard-grin-1.html"
"leopard-grin-2.html","Leopard Grin 2","Sketches\grins\leopard-grin-2.html","D:\github\ron-english-sketches-and-drawings\Sketches\grins\leopard-grin-2.html"
"leopard-grin-3.html","Leopard Grin 3","Sketches\grins\leopard-grin-3.html","D:\github\ron-english-sketches-and-drawings\Sketches\grins\leopard-grin-3.html"
"liberty-grin.html","Liberty Grin","Sketches\grins\liberty-grin.html","D:\github\ron-english-sketches-and-drawings\Sketches\grins\liberty-grin.html"
"lisa-grin.html","Lisa grin","Sketches\grins\lisa-grin.html","D:\github\ron-english-sketches-and-drawings\Sketches\grins\lisa-grin.html"
"lucky-cat-grin.html","Lucky Cat Grin","Sketches\grins\lucky-cat-grin.html","D:\github\ron-english-sketches-and-drawings\Sketches\grins\lucky-cat-grin.html"
"mad-magazine-alfred-grin.html","Mad Magazine Alfred Grin","Sketches\grins\mad-magazine-alfred-grin.html","D:\github\ron-english-sketches-and-drawings\Sketches\grins\mad-magazine-alfred-grin.html"
"mad-magazine-alfred-grin-original-1.html","Mad Magazine Alfred Grin ORIGINAL.1","Sketches\grins\mad-magazine-alfred-grin-original-1.html","D:\github\ron-english-sketches-and-drawings\Sketches\grins\mad-magazine-alfred-grin-original-1.html"
"mad-mickey-grin-drawing.html","Mad Mickey Grin drawing","Sketches\grins\mad-mickey-grin-drawing.html","D:\github\ron-english-sketches-and-drawings\Sketches\grins\mad-mickey-grin-drawing.html"
"maggie-grin.html","Maggie Grin","Sketches\grins\maggie-grin.html","D:\github\ron-english-sketches-and-drawings\Sketches\grins\maggie-grin.html"
"manny-pacquaio-grin.html","Manny Pacquaio Grin","Sketches\grins\manny-pacquaio-grin.html","D:\github\ron-english-sketches-and-drawings\Sketches\grins\manny-pacquaio-grin.html"
"marge-grin.html","Marge Grin","Sketches\grins\marge-grin.html","D:\github\ron-english-sketches-and-drawings\Sketches\grins\marge-grin.html"
"mario-grin.html","Mario Grin","Sketches\grins\mario-grin.html","D:\github\ron-english-sketches-and-drawings\Sketches\grins\mario-grin.html"
"mc-grin.html","MC Grin","Sketches\grins\mc-grin.html","D:\github\ron-english-sketches-and-drawings\Sketches\grins\mc-grin.html"
"mc-grin-2.html","MC Grin 2","Sketches\grins\mc-grin-2.html","D:\github\ron-english-sketches-and-drawings\Sketches\grins\mc-grin-2.html"
"mc-supersized-grin.html","MC Supersized Grin","Sketches\grins\mc-supersized-grin.html","D:\github\ron-english-sketches-and-drawings\Sketches\grins\mc-supersized-grin.html"
"mc-supersized-grin-2.html","MC Supersized Grin 2","Sketches\grins\mc-supersized-grin-2.html","D:\github\ron-english-sketches-and-drawings\Sketches\grins\mc-supersized-grin-2.html"
"mc-supersize-grin-flying.html","MC Supersize Grin Flying","Sketches\grins\mc-supersize-grin-flying.html","D:\github\ron-english-sketches-and-drawings\Sketches\grins\mc-supersize-grin-flying.html"
"melting-grinnie.html","Melting Grinnie","Sketches\grins\melting-grinnie.html","D:\github\ron-english-sketches-and-drawings\Sketches\grins\melting-grinnie.html"
"melting-monster-grin.html","Melting Monster Grin","Sketches\grins\melting-monster-grin.html","D:\github\ron-english-sketches-and-drawings\Sketches\grins\melting-monster-grin.html"
"mentadusa.html","Mentadusa","Sketches\grins\mentadusa.html","D:\github\ron-english-sketches-and-drawings\Sketches\grins\mentadusa.html"
"mickey-eyes-grin-1.html","Mickey Eyes Grin 1","Sketches\grins\mickey-eyes-grin-1.html","D:\github\ron-english-sketches-and-drawings\Sketches\grins\mickey-eyes-grin-1.html"
"mickey-eyes-grin-2.html","Mickey Eyes Grin 2","Sketches\grins\mickey-eyes-grin-2.html","D:\github\ron-english-sketches-and-drawings\Sketches\grins\mickey-eyes-grin-2.html"
"mickey-grin.html","Mickey Grin","Sketches\grins\mickey-grin.html","D:\github\ron-english-sketches-and-drawings\Sketches\grins\mickey-grin.html"
"mickey-mouse-grin.html","Mickey Mouse Grin","Sketches\grins\mickey-mouse-grin.html","D:\github\ron-english-sketches-and-drawings\Sketches\grins\mickey-mouse-grin.html"
"mickey-mouse-grin-2.html","Mickey Mouse Grin 2","Sketches\grins\mickey-mouse-grin-2.html","D:\github\ron-english-sketches-and-drawings\Sketches\grins\mickey-mouse-grin-2.html"
"mickey-mouse-grin-flying.html","Mickey Mouse Grin Flying","Sketches\grins\mickey-mouse-grin-flying.html","D:\github\ron-english-sketches-and-drawings\Sketches\grins\mickey-mouse-grin-flying.html"
"mishka-eyeball-grin.html","Mishka Eyeball Grin","Sketches\grins\mishka-eyeball-grin.html","D:\github\ron-english-sketches-and-drawings\Sketches\grins\mishka-eyeball-grin.html"
"modzilla-grin.html","Modzilla Grin","Sketches\grins\modzilla-grin.html","D:\github\ron-english-sketches-and-drawings\Sketches\grins\modzilla-grin.html"
"mogul-grin.html","Mogul Grin","Sketches\grins\mogul-grin.html","D:\github\ron-english-sketches-and-drawings\Sketches\grins\mogul-grin.html"
"mogul-grin-standing.html","Mogul Grin Standing","Sketches\grins\mogul-grin-standing.html","D:\github\ron-english-sketches-and-drawings\Sketches\grins\mogul-grin-standing.html"
"monkey-grin-mouth.html","Monkey Grin Mouth","Sketches\grins\monkey-grin-mouth.html","D:\github\ron-english-sketches-and-drawings\Sketches\grins\monkey-grin-mouth.html"
"monkey-shiner-angel-grin.html","Monkey Shiner Angel Grin","Sketches\grins\monkey-shiner-angel-grin.html","D:\github\ron-english-sketches-and-drawings\Sketches\grins\monkey-shiner-angel-grin.html"
"monkey-shiner-angel-grin-oringinal.html","Monkey Shiner Angel Grin ORINGINAL","Sketches\grins\monkey-shiner-angel-grin-oringinal.html","D:\github\ron-english-sketches-and-drawings\Sketches\grins\monkey-shiner-angel-grin-oringinal.html"
"monkey-shriner-grin.html","Monkey Shriner Grin","Sketches\grins\monkey-shriner-grin.html","D:\github\ron-english-sketches-and-drawings\Sketches\grins\monkey-shriner-grin.html"
"monkey-shriner-grin-original-1.html","Monkey Shriner Grin ORIGINAL.1","Sketches\grins\monkey-shriner-grin-original-1.html","D:\github\ron-english-sketches-and-drawings\Sketches\grins\monkey-shriner-grin-original-1.html"
"mounted-gorilla-grin.html","Mounted Gorilla Grin","Sketches\grins\mounted-gorilla-grin.html","D:\github\ron-english-sketches-and-drawings\Sketches\grins\mounted-gorilla-grin.html"
"mouth-grin.html","Mouth Grin","Sketches\grins\mouth-grin.html","D:\github\ron-english-sketches-and-drawings\Sketches\grins\mouth-grin.html"
"mr-met-grin.html","Mr Met Grin","Sketches\grins\mr-met-grin.html","D:\github\ron-english-sketches-and-drawings\Sketches\grins\mr-met-grin.html"
"mr-potato-grin.html","Mr Potato Grin","Sketches\grins\mr-potato-grin.html","D:\github\ron-english-sketches-and-drawings\Sketches\grins\mr-potato-grin.html"
"mummy-grin.html","Mummy Grin","Sketches\grins\mummy-grin.html","D:\github\ron-english-sketches-and-drawings\Sketches\grins\mummy-grin.html"
"mummy-grin-1.html","Mummy Grin 1","Sketches\grins\mummy-grin-1.html","D:\github\ron-english-sketches-and-drawings\Sketches\grins\mummy-grin-1.html"
"m-u-s-c-l-e-he-man-grinnie.html","M.U.S.C.L.E. He-Man Grinnie","Sketches\grins\m-u-s-c-l-e-he-man-grinnie.html","D:\github\ron-english-sketches-and-drawings\Sketches\grins\m-u-s-c-l-e-he-man-grinnie.html"
"mush-man-grin.html","Mush Man grin","Sketches\grins\mush-man-grin.html","D:\github\ron-english-sketches-and-drawings\Sketches\grins\mush-man-grin.html"
"mush-man-grin-original-2.html","Mush Man grin ORIGINAL (2)","Sketches\grins\mush-man-grin-original-2.html","D:\github\ron-english-sketches-and-drawings\Sketches\grins\mush-man-grin-original-2.html"
"mutley-grin.html","Mutley Grin","Sketches\grins\mutley-grin.html","D:\github\ron-english-sketches-and-drawings\Sketches\grins\mutley-grin.html"
"ninja-turtle-grin.html","Ninja Turtle Grin","Sketches\grins\ninja-turtle-grin.html","D:\github\ron-english-sketches-and-drawings\Sketches\grins\ninja-turtle-grin.html"
"olive-oil-grin.html","Olive Oil Grin","Sketches\grins\olive-oil-grin.html","D:\github\ron-english-sketches-and-drawings\Sketches\grins\olive-oil-grin.html"
"orion-grin.html","Orion Grin","Sketches\grins\orion-grin.html","D:\github\ron-english-sketches-and-drawings\Sketches\grins\orion-grin.html"
"panda-bear-grin.html","Panda Bear Grin","Sketches\grins\panda-bear-grin.html","D:\github\ron-english-sketches-and-drawings\Sketches\grins\panda-bear-grin.html"
"panda-grin.html","Panda Grin","Sketches\grins\panda-grin.html","D:\github\ron-english-sketches-and-drawings\Sketches\grins\panda-grin.html"
"patrick-grin.html","Patrick Grin","Sketches\grins\patrick-grin.html","D:\github\ron-english-sketches-and-drawings\Sketches\grins\patrick-grin.html"
"patrick-grin-in-water.html","Patrick Grin in Water","Sketches\grins\patrick-grin-in-water.html","D:\github\ron-english-sketches-and-drawings\Sketches\grins\patrick-grin-in-water.html"
"peko-girl-grin.html","Peko Girl Grin","Sketches\grins\peko-girl-grin.html","D:\github\ron-english-sketches-and-drawings\Sketches\grins\peko-girl-grin.html"
"pepz-boy-grin.html","Pepz Boy Grin","Sketches\grins\pepz-boy-grin.html","D:\github\ron-english-sketches-and-drawings\Sketches\grins\pepz-boy-grin.html"
"peter-grin.html","Peter Grin","Sketches\grins\peter-grin.html","D:\github\ron-english-sketches-and-drawings\Sketches\grins\peter-grin.html"
"peter-potamus-grin.html","Peter Potamus Grin","Sketches\grins\peter-potamus-grin.html","D:\github\ron-english-sketches-and-drawings\Sketches\grins\peter-potamus-grin.html"
"pinnochio-grin-right-side-trace-girl-colored-by-susan-png.html","pinnochio grin right side - Trace girl - colored by susan - png","Sketches\grins\pinnochio-grin-right-side-trace-girl-colored-by-susan-png.html","D:\github\ron-english-sketches-and-drawings\Sketches\grins\pinnochio-grin-right-side-trace-girl-colored-by-susan-png.html"
"pinnochio-grin-three-quarters-trace-girl-colored-by-susan-png.html","pinnochio grin three quarters - Trace girl - colored by susan - png","Sketches\grins\pinnochio-grin-three-quarters-trace-girl-colored-by-susan-png.html","D:\github\ron-english-sketches-and-drawings\Sketches\grins\pinnochio-grin-three-quarters-trace-girl-colored-by-susan-png.html"
"pinocchio-grin.html","Pinocchio Grin","Sketches\grins\pinocchio-grin.html","D:\github\ron-english-sketches-and-drawings\Sketches\grins\pinocchio-grin.html"
"pinocchio-grin-left-side-portrait.html","Pinocchio Grin Left Side portrait","Sketches\grins\pinocchio-grin-left-side-portrait.html","D:\github\ron-english-sketches-and-drawings\Sketches\grins\pinocchio-grin-left-side-portrait.html"
"pinocchio-grin-three-quarters.html","Pinocchio Grin Three Quarters","Sketches\grins\pinocchio-grin-three-quarters.html","D:\github\ron-english-sketches-and-drawings\Sketches\grins\pinocchio-grin-three-quarters.html"
"pizza-this.html","Pizza This","Sketches\grins\pizza-this.html","D:\github\ron-english-sketches-and-drawings\Sketches\grins\pizza-this.html"
"plush-bear-grin.html","Plush Bear Grin","Sketches\grins\plush-bear-grin.html","D:\github\ron-english-sketches-and-drawings\Sketches\grins\plush-bear-grin.html"
"plush-bear-grinnies.html","Plush Bear Grinnies","Sketches\grins\plush-bear-grinnies.html","D:\github\ron-english-sketches-and-drawings\Sketches\grins\plush-bear-grinnies.html"
"plush-grin.html","Plush Grin","Sketches\grins\plush-grin.html","D:\github\ron-english-sketches-and-drawings\Sketches\grins\plush-grin.html"
"popeye-butthead-grin.html","Popeye Butthead Grin","Sketches\grins\popeye-butthead-grin.html","D:\github\ron-english-sketches-and-drawings\Sketches\grins\popeye-butthead-grin.html"
"powerpuff-girl-bubbles-grin.html","Powerpuff Girl Bubbles Grin","Sketches\grins\powerpuff-girl-bubbles-grin.html","D:\github\ron-english-sketches-and-drawings\Sketches\grins\powerpuff-girl-bubbles-grin.html"
"pumpkin-grin.html","Pumpkin Grin","Sketches\grins\pumpkin-grin.html","D:\github\ron-english-sketches-and-drawings\Sketches\grins\pumpkin-grin.html"
"qhrist-grin-1.html","Qhrist Grin 1","Sketches\grins\qhrist-grin-1.html","D:\github\ron-english-sketches-and-drawings\Sketches\grins\qhrist-grin-1.html"
"qhrist-grin-2.html","Qhrist Grin 2","Sketches\grins\qhrist-grin-2.html","D:\github\ron-english-sketches-and-drawings\Sketches\grins\qhrist-grin-2.html"
"quick-draw-mcgraw-grin.html","Quick Draw McGraw Grin","Sketches\grins\quick-draw-mcgraw-grin.html","D:\github\ron-english-sketches-and-drawings\Sketches\grins\quick-draw-mcgraw-grin.html"
"rabbbit-double-grin-mouth.html","Rabbbit Double Grin Mouth","Sketches\grins\rabbbit-double-grin-mouth.html","D:\github\ron-english-sketches-and-drawings\Sketches\grins\rabbbit-double-grin-mouth.html"
"rabbbit-grin.html","Rabbbit Grin","Sketches\grins\rabbbit-grin.html","D:\github\ron-english-sketches-and-drawings\Sketches\grins\rabbbit-grin.html"
"rabbbit-grin-mouth.html","Rabbbit Grin mouth","Sketches\grins\rabbbit-grin-mouth.html","D:\github\ron-english-sketches-and-drawings\Sketches\grins\rabbbit-grin-mouth.html"
"rabbbit-grin-version-2.html","Rabbbit Grin version 2","Sketches\grins\rabbbit-grin-version-2.html","D:\github\ron-english-sketches-and-drawings\Sketches\grins\rabbbit-grin-version-2.html"
"rabbbit-grin-version-2-three-quarters.html","Rabbbit Grin version 2 three quarters","Sketches\grins\rabbbit-grin-version-2-three-quarters.html","D:\github\ron-english-sketches-and-drawings\Sketches\grins\rabbbit-grin-version-2-three-quarters.html"
"rabbbit-skull-grin.html","Rabbbit Skull Grin","Sketches\grins\rabbbit-skull-grin.html","D:\github\ron-english-sketches-and-drawings\Sketches\grins\rabbbit-skull-grin.html"
"rabbbit-with-fangs.html","Rabbbit with Fangs","Sketches\grins\rabbbit-with-fangs.html","D:\github\ron-english-sketches-and-drawings\Sketches\grins\rabbbit-with-fangs.html"
"rabbit-grin.html","Rabbit Grin","Sketches\grins\rabbit-grin.html","D:\github\ron-english-sketches-and-drawings\Sketches\grins\rabbit-grin.html"
"rabbit-grin-2.html","Rabbit Grin 2","Sketches\grins\rabbit-grin-2.html","D:\github\ron-english-sketches-and-drawings\Sketches\grins\rabbit-grin-2.html"
"ramones-grin-1.html","Ramones Grin 1","Sketches\grins\ramones-grin-1.html","D:\github\ron-english-sketches-and-drawings\Sketches\grins\ramones-grin-1.html"
"ramones-grin-2.html","Ramones Grin 2","Sketches\grins\ramones-grin-2.html","D:\github\ron-english-sketches-and-drawings\Sketches\grins\ramones-grin-2.html"
"ramones-grin-3.html","Ramones Grin 3","Sketches\grins\ramones-grin-3.html","D:\github\ron-english-sketches-and-drawings\Sketches\grins\ramones-grin-3.html"
"ramones-grin-4.html","Ramones Grin 4","Sketches\grins\ramones-grin-4.html","D:\github\ron-english-sketches-and-drawings\Sketches\grins\ramones-grin-4.html"
"ramones-grin-5.html","Ramones Grin 5","Sketches\grins\ramones-grin-5.html","D:\github\ron-english-sketches-and-drawings\Sketches\grins\ramones-grin-5.html"
"richie-grin.html","Richie Grin","Sketches\grins\richie-grin.html","D:\github\ron-english-sketches-and-drawings\Sketches\grins\richie-grin.html"
"robbie-spray-grin.html","Robbie Spray Grin","Sketches\grins\robbie-spray-grin.html","D:\github\ron-english-sketches-and-drawings\Sketches\grins\robbie-spray-grin.html"
"robby-robot-grin.html","Robby Robot Grin","Sketches\grins\robby-robot-grin.html","D:\github\ron-english-sketches-and-drawings\Sketches\grins\robby-robot-grin.html"
"ron-fink-grin.html","Ron Fink Grin","Sketches\grins\ron-fink-grin.html","D:\github\ron-english-sketches-and-drawings\Sketches\grins\ron-fink-grin.html"
"ron-fink-grin-original-2.html","Ron Fink Grin ORIGINAL (2)","Sketches\grins\ron-fink-grin-original-2.html","D:\github\ron-english-sketches-and-drawings\Sketches\grins\ron-fink-grin-original-2.html"
"rosie-jetson-grin.html","Rosie Jetson Grin","Sketches\grins\rosie-jetson-grin.html","D:\github\ron-english-sketches-and-drawings\Sketches\grins\rosie-jetson-grin.html"
"rugrat-grin.html","Rugrat Grin","Sketches\grins\rugrat-grin.html","D:\github\ron-english-sketches-and-drawings\Sketches\grins\rugrat-grin.html"
"santa-cruz-hand-grin.html","Santa Cruz Hand Grin","Sketches\grins\santa-cruz-hand-grin.html","D:\github\ron-english-sketches-and-drawings\Sketches\grins\santa-cruz-hand-grin.html"
"santa-grin-1.html","Santa Grin 1","Sketches\grins\santa-grin-1.html","D:\github\ron-english-sketches-and-drawings\Sketches\grins\santa-grin-1.html"
"santa-grin-2.html","Santa Grin 2","Sketches\grins\santa-grin-2.html","D:\github\ron-english-sketches-and-drawings\Sketches\grins\santa-grin-2.html"
"santa-grin-3.html","Santa Grin 3","Sketches\grins\santa-grin-3.html","D:\github\ron-english-sketches-and-drawings\Sketches\grins\santa-grin-3.html"
"scooby-doo-grin.html","Scooby Doo Grin","Sketches\grins\scooby-doo-grin.html","D:\github\ron-english-sketches-and-drawings\Sketches\grins\scooby-doo-grin.html"
"scream-grin.html","Scream Grin","Sketches\grins\scream-grin.html","D:\github\ron-english-sketches-and-drawings\Sketches\grins\scream-grin.html"
"sever-fairy-landshark-grin.html","Sever Fairy Landshark Grin","Sketches\grins\sever-fairy-landshark-grin.html","D:\github\ron-english-sketches-and-drawings\Sketches\grins\sever-fairy-landshark-grin.html"
"sever-fairy-landshark-grin-front-mickey-fin.html","Sever Fairy Landshark Grin Front (Mickey Fin)","Sketches\grins\sever-fairy-landshark-grin-front-mickey-fin.html","D:\github\ron-english-sketches-and-drawings\Sketches\grins\sever-fairy-landshark-grin-front-mickey-fin.html"
"sever-fairy-landshark-grin-mickey-fin.html","Sever Fairy Landshark Grin (Mickey Fin)","Sketches\grins\sever-fairy-landshark-grin-mickey-fin.html","D:\github\ron-english-sketches-and-drawings\Sketches\grins\sever-fairy-landshark-grin-mickey-fin.html"
"sever-fairy-landshark-grin-three-quarters.html","Sever Fairy Landshark Grin three quarters","Sketches\grins\sever-fairy-landshark-grin-three-quarters.html","D:\github\ron-english-sketches-and-drawings\Sketches\grins\sever-fairy-landshark-grin-three-quarters.html"
"shark-grin.html","Shark Grin","Sketches\grins\shark-grin.html","D:\github\ron-english-sketches-and-drawings\Sketches\grins\shark-grin.html"
"shark-grin-hotrod.html","Shark Grin Hotrod","Sketches\grins\shark-grin-hotrod.html","D:\github\ron-english-sketches-and-drawings\Sketches\grins\shark-grin-hotrod.html"
"shark-man-grin.html","Shark Man Grin","Sketches\grins\shark-man-grin.html","D:\github\ron-english-sketches-and-drawings\Sketches\grins\shark-man-grin.html"
"simpsons-family-grins-1.html","Simpsons Family Grins 1","Sketches\grins\simpsons-family-grins-1.html","D:\github\ron-english-sketches-and-drawings\Sketches\grins\simpsons-family-grins-1.html"
"simpsons-family-grins-2.html","Simpsons Family Grins 2","Sketches\grins\simpsons-family-grins-2.html","D:\github\ron-english-sketches-and-drawings\Sketches\grins\simpsons-family-grins-2.html"
"skeleton-grin.html","Skeleton Grin","Sketches\grins\skeleton-grin.html","D:\github\ron-english-sketches-and-drawings\Sketches\grins\skeleton-grin.html"
"slo-moe-grin.html","Slo Moe Grin","Sketches\grins\slo-moe-grin.html","D:\github\ron-english-sketches-and-drawings\Sketches\grins\slo-moe-grin.html"
"slow-moe-grin.html","Slow Moe Grin","Sketches\grins\slow-moe-grin.html","D:\github\ron-english-sketches-and-drawings\Sketches\grins\slow-moe-grin.html"
"slushsquatch-grin.html","Slushsquatch Grin","Sketches\grins\slushsquatch-grin.html","D:\github\ron-english-sketches-and-drawings\Sketches\grins\slushsquatch-grin.html"
"smack-crack-pop-grin.html","Smack, Crack, Pop Grin","Sketches\grins\smack-crack-pop-grin.html","D:\github\ron-english-sketches-and-drawings\Sketches\grins\smack-crack-pop-grin.html"
"smiley-face-dog-grin-newcastle.html","Smiley Face Dog Grin Newcastle","Sketches\grins\smiley-face-dog-grin-newcastle.html","D:\github\ron-english-sketches-and-drawings\Sketches\grins\smiley-face-dog-grin-newcastle.html"
"smoking-grin.html","Smoking Grin","Sketches\grins\smoking-grin.html","D:\github\ron-english-sketches-and-drawings\Sketches\grins\smoking-grin.html"
"smurfette-grin.html","Smurfette Grin","Sketches\grins\smurfette-grin.html","D:\github\ron-english-sketches-and-drawings\Sketches\grins\smurfette-grin.html"
"smurf-grin.html","Smurf Grin","Sketches\grins\smurf-grin.html","D:\github\ron-english-sketches-and-drawings\Sketches\grins\smurf-grin.html"
"snoopy-grin.html","Snoopy Grin","Sketches\grins\snoopy-grin.html","D:\github\ron-english-sketches-and-drawings\Sketches\grins\snoopy-grin.html"
"snoopy-traditional-grin.html","Snoopy Traditional Grin","Sketches\grins\snoopy-traditional-grin.html","D:\github\ron-english-sketches-and-drawings\Sketches\grins\snoopy-traditional-grin.html"
"snoopy-traditional-grin-2.html","Snoopy Traditional Grin 2","Sketches\grins\snoopy-traditional-grin-2.html","D:\github\ron-english-sketches-and-drawings\Sketches\grins\snoopy-traditional-grin-2.html"
"soccer-ball-grin.html","Soccer Ball Grin","Sketches\grins\soccer-ball-grin.html","D:\github\ron-english-sketches-and-drawings\Sketches\grins\soccer-ball-grin.html"
"sock-monkey-grin.html","Sock Monkey Grin","Sketches\grins\sock-monkey-grin.html","D:\github\ron-english-sketches-and-drawings\Sketches\grins\sock-monkey-grin.html"
"sonic-grin.html","Sonic Grin","Sketches\grins\sonic-grin.html","D:\github\ron-english-sketches-and-drawings\Sketches\grins\sonic-grin.html"
"space-shark-grin.html","Space Shark Grin","Sketches\grins\space-shark-grin.html","D:\github\ron-english-sketches-and-drawings\Sketches\grins\space-shark-grin.html"
"spaz-grin.html","Spaz Grin","Sketches\grins\spaz-grin.html","D:\github\ron-english-sketches-and-drawings\Sketches\grins\spaz-grin.html"
"speak-more-evil-grin.html","Speak More Evil Grin","Sketches\grins\speak-more-evil-grin.html","D:\github\ron-english-sketches-and-drawings\Sketches\grins\speak-more-evil-grin.html"
"spongebob-grin.html","Spongebob Grin","Sketches\grins\spongebob-grin.html","D:\github\ron-english-sketches-and-drawings\Sketches\grins\spongebob-grin.html"
"spongebob-grin-in-waves.html","Spongebob Grin in Waves","Sketches\grins\spongebob-grin-in-waves.html","D:\github\ron-english-sketches-and-drawings\Sketches\grins\spongebob-grin-in-waves.html"
"squirrel-squirt-grin.html","Squirrel Squirt Grin","Sketches\grins\squirrel-squirt-grin.html","D:\github\ron-english-sketches-and-drawings\Sketches\grins\squirrel-squirt-grin.html"
"staples-pigeon-grin.html","Staples Pigeon Grin","Sketches\grins\staples-pigeon-grin.html","D:\github\ron-english-sketches-and-drawings\Sketches\grins\staples-pigeon-grin.html"
"starskull-trooper-grin.html","Starskull Trooper Grin","Sketches\grins\starskull-trooper-grin.html","D:\github\ron-english-sketches-and-drawings\Sketches\grins\starskull-trooper-grin.html"
"stewie-grin.html","Stewie Grin","Sketches\grins\stewie-grin.html","D:\github\ron-english-sketches-and-drawings\Sketches\grins\stewie-grin.html"
"stitch-grin.html","Stitch Grin","Sketches\grins\stitch-grin.html","D:\github\ron-english-sketches-and-drawings\Sketches\grins\stitch-grin.html"
"stormtrooper-grin.html","Stormtrooper Grin","Sketches\grins\stormtrooper-grin.html","D:\github\ron-english-sketches-and-drawings\Sketches\grins\stormtrooper-grin.html"
"street-fighter-guile-grin.html","Street Fighter Guile Grin","Sketches\grins\street-fighter-guile-grin.html","D:\github\ron-english-sketches-and-drawings\Sketches\grins\street-fighter-guile-grin.html"
"sugar-clown-grin.html","Sugar Clown Grin","Sketches\grins\sugar-clown-grin.html","D:\github\ron-english-sketches-and-drawings\Sketches\grins\sugar-clown-grin.html"
"sugar-diabetic-bear-grin.html","Sugar Diabetic Bear Grin","Sketches\grins\sugar-diabetic-bear-grin.html","D:\github\ron-english-sketches-and-drawings\Sketches\grins\sugar-diabetic-bear-grin.html"
"sugar-smack-grin.html","Sugar Smack Grin","Sketches\grins\sugar-smack-grin.html","D:\github\ron-english-sketches-and-drawings\Sketches\grins\sugar-smack-grin.html"
"surf-girl-grin.html","Surf Girl Grin","Sketches\grins\surf-girl-grin.html","D:\github\ron-english-sketches-and-drawings\Sketches\grins\surf-girl-grin.html"
"taz-grin.html","Taz Grin","Sketches\grins\taz-grin.html","D:\github\ron-english-sketches-and-drawings\Sketches\grins\taz-grin.html"
"taz-grin-flower.html","Taz Grin Flower","Sketches\grins\taz-grin-flower.html","D:\github\ron-english-sketches-and-drawings\Sketches\grins\taz-grin-flower.html"
"techno-kitten-grin.html","Techno Kitten Grin","Sketches\grins\techno-kitten-grin.html","D:\github\ron-english-sketches-and-drawings\Sketches\grins\techno-kitten-grin.html"
"teddy-bear-grin.html","Teddy Bear Grin","Sketches\grins\teddy-bear-grin.html","D:\github\ron-english-sketches-and-drawings\Sketches\grins\teddy-bear-grin.html"
"teddy-bear-grin-standing.html","Teddy Bear Grin Standing","Sketches\grins\teddy-bear-grin-standing.html","D:\github\ron-english-sketches-and-drawings\Sketches\grins\teddy-bear-grin-standing.html"
"telegrinnie.html","Telegrinnie","Sketches\grins\telegrinnie.html","D:\github\ron-english-sketches-and-drawings\Sketches\grins\telegrinnie.html"
"teletubby-grin-flying.html","Teletubby Grin Flying","Sketches\grins\teletubby-grin-flying.html","D:\github\ron-english-sketches-and-drawings\Sketches\grins\teletubby-grin-flying.html"
"tiger-grin.html","Tiger Grin","Sketches\grins\tiger-grin.html","D:\github\ron-english-sketches-and-drawings\Sketches\grins\tiger-grin.html"
"tiger-grin-2.html","Tiger Grin 2","Sketches\grins\tiger-grin-2.html","D:\github\ron-english-sketches-and-drawings\Sketches\grins\tiger-grin-2.html"
"tiger-sphinx.html","Tiger Sphinx","Sketches\grins\tiger-sphinx.html","D:\github\ron-english-sketches-and-drawings\Sketches\grins\tiger-sphinx.html"
"tiger-sphinx-grin.html","Tiger Sphinx Grin","Sketches\grins\tiger-sphinx-grin.html","D:\github\ron-english-sketches-and-drawings\Sketches\grins\tiger-sphinx-grin.html"
"timid-shark-grin.html","Timid Shark Grin","Sketches\grins\timid-shark-grin.html","D:\github\ron-english-sketches-and-drawings\Sketches\grins\timid-shark-grin.html"
"timmy-turner-grin.html","Timmy Turner Grin","Sketches\grins\timmy-turner-grin.html","D:\github\ron-english-sketches-and-drawings\Sketches\grins\timmy-turner-grin.html"
"tmnt-leonardo-grin.html","Tmnt Leonardo Grin","Sketches\grins\tmnt-leonardo-grin.html","D:\github\ron-english-sketches-and-drawings\Sketches\grins\tmnt-leonardo-grin.html"
"tmnt-michelangelo-grin.html","Tmnt Michelangelo Grin","Sketches\grins\tmnt-michelangelo-grin.html","D:\github\ron-english-sketches-and-drawings\Sketches\grins\tmnt-michelangelo-grin.html"
"tmnt-raphael-grin.html","Tmnt Raphael Grin","Sketches\grins\tmnt-raphael-grin.html","D:\github\ron-english-sketches-and-drawings\Sketches\grins\tmnt-raphael-grin.html"
"tom-n-jerry-grins.html","Tom N Jerry Grins","Sketches\grins\tom-n-jerry-grins.html","D:\github\ron-english-sketches-and-drawings\Sketches\grins\tom-n-jerry-grins.html"
"tony-tiger-grin.html","Tony Tiger Grin","Sketches\grins\tony-tiger-grin.html","D:\github\ron-english-sketches-and-drawings\Sketches\grins\tony-tiger-grin.html"
"tony-tiger-grin-1.html","Tony Tiger Grin 1","Sketches\grins\tony-tiger-grin-1.html","D:\github\ron-english-sketches-and-drawings\Sketches\grins\tony-tiger-grin-1.html"
"tony-tiger-grin-2.html","Tony Tiger Grin 2","Sketches\grins\tony-tiger-grin-2.html","D:\github\ron-english-sketches-and-drawings\Sketches\grins\tony-tiger-grin-2.html"
"topcat-grin.html","Topcat Grin","Sketches\grins\topcat-grin.html","D:\github\ron-english-sketches-and-drawings\Sketches\grins\topcat-grin.html"
"trippy-grin.html","Trippy Grin","Sketches\grins\trippy-grin.html","D:\github\ron-english-sketches-and-drawings\Sketches\grins\trippy-grin.html"
"tupac-grin.html","Tupac Grin","Sketches\grins\tupac-grin.html","D:\github\ron-english-sketches-and-drawings\Sketches\grins\tupac-grin.html"
"tweetie-grin.html","Tweetie Grin","Sketches\grins\tweetie-grin.html","D:\github\ron-english-sketches-and-drawings\Sketches\grins\tweetie-grin.html"
"two-faced-rabbbit-grin.html","Two-Faced Rabbbit Grin","Sketches\grins\two-faced-rabbbit-grin.html","D:\github\ron-english-sketches-and-drawings\Sketches\grins\two-faced-rabbbit-grin.html"
"two-faced-rabbbit-grin-three-quarters.html","Two-Faced Rabbbit Grin three quarters","Sketches\grins\two-faced-rabbbit-grin-three-quarters.html","D:\github\ron-english-sketches-and-drawings\Sketches\grins\two-faced-rabbbit-grin-three-quarters.html"
"ultraman-grin.html","Ultraman Grin","Sketches\grins\ultraman-grin.html","D:\github\ron-english-sketches-and-drawings\Sketches\grins\ultraman-grin.html"
"unicorn-grin.html","Unicorn Grin","Sketches\grins\unicorn-grin.html","D:\github\ron-english-sketches-and-drawings\Sketches\grins\unicorn-grin.html"
"unipig-grin.html","Unipig Grin","Sketches\grins\unipig-grin.html","D:\github\ron-english-sketches-and-drawings\Sketches\grins\unipig-grin.html"
"urban-bigfoot-grin.html","Urban Bigfoot Grin","Sketches\grins\urban-bigfoot-grin.html","D:\github\ron-english-sketches-and-drawings\Sketches\grins\urban-bigfoot-grin.html"
"vampire-grin.html","Vampire Grin","Sketches\grins\vampire-grin.html","D:\github\ron-english-sketches-and-drawings\Sketches\grins\vampire-grin.html"
"wing-grin.html","Wing Grin","Sketches\grins\wing-grin.html","D:\github\ron-english-sketches-and-drawings\Sketches\grins\wing-grin.html"
"wolf-grin.html","Wolf Grin","Sketches\grins\wolf-grin.html","D:\github\ron-english-sketches-and-drawings\Sketches\grins\wolf-grin.html"
"woodstock-grin.html","Woodstock Grin","Sketches\grins\woodstock-grin.html","D:\github\ron-english-sketches-and-drawings\Sketches\grins\woodstock-grin.html"
"yellow-submarine-grin.html","Yellow Submarine Grin","Sketches\grins\yellow-submarine-grin.html","D:\github\ron-english-sketches-and-drawings\Sketches\grins\yellow-submarine-grin.html"
"yin-yang-face-grin.html","Yin Yang Face Grin","Sketches\grins\yin-yang-face-grin.html","D:\github\ron-english-sketches-and-drawings\Sketches\grins\yin-yang-face-grin.html"
"yin-yang-grin-1.html","Yin Yang Grin 1","Sketches\grins\yin-yang-grin-1.html","D:\github\ron-english-sketches-and-drawings\Sketches\grins\yin-yang-grin-1.html"
"yin-yang-grin-2.html","Yin Yang Grin 2","Sketches\grins\yin-yang-grin-2.html","D:\github\ron-english-sketches-and-drawings\Sketches\grins\yin-yang-grin-2.html"
"yogi-bear-grin.html","Yogi Bear Grin","Sketches\grins\yogi-bear-grin.html","D:\github\ron-english-sketches-and-drawings\Sketches\grins\yogi-bear-grin.html"
"yucky-charmer-grin.html","Yucky Charmer Grin","Sketches\grins\yucky-charmer-grin.html","D:\github\ron-english-sketches-and-drawings\Sketches\grins\yucky-charmer-grin.html"
"zephyr-zelephant-grin.html","Zephyr Zelephant Grin","Sketches\grins\zephyr-zelephant-grin.html","D:\github\ron-english-sketches-and-drawings\Sketches\grins\zephyr-zelephant-grin.html"
