"WorkNameDraft","CategoryGuess","SubcategoryGuess","FolderRelativeToSketchesImages","ImageCount","HeroFileName","HeroPublicURL","HeroGoogleSheetsImageFormula","OriginalImageFileNames","OriginalImageURLs","OtherViewFileNames","OtherViewURLs","DigitalImageFileNames","DigitalImageURLs","ColorImageFileNames","ColorImageURLs","MainOrUnclassifiedFileNames","MainOrUnclassifiedURLs","AllImageFileNames","AllImageURLs","GroupKey","NeedsReview"
"aliens hero","(root)","","","1","aliens-hero.jpg","https://ronenglish-archive.github.io/ron-english-sketches-and-drawings/images/Sketches/aliens-hero.jpg","=IF(""https://ronenglish-archive.github.io/ron-english-sketches-and-drawings/images/Sketches/aliens-hero.jpg""="""","""",IMAGE(""https://ronenglish-archive.github.io/ron-english-sketches-and-drawings/images/Sketches/aliens-hero.jpg"",1))","","","","","","","","","aliens-hero.jpg","https://ronenglish-archive.github.io/ron-english-sketches-and-drawings/images/Sketches/aliens-hero.jpg","aliens-hero.jpg","https://ronenglish-archive.github.io/ron-english-sketches-and-drawings/images/Sketches/aliens-hero.jpg","|aliens hero","LOW - single image"
"amphibians hero","(root)","","","1","amphibians-hero.jpg","https://ronenglish-archive.github.io/ron-english-sketches-and-drawings/images/Sketches/amphibians-hero.jpg","=IF(""https://ronenglish-archive.github.io/ron-english-sketches-and-drawings/images/Sketches/amphibians-hero.jpg""="""","""",IMAGE(""https://ronenglish-archive.github.io/ron-english-sketches-and-drawings/images/Sketches/amphibians-hero.jpg"",1))","","","","","","","","","amphibians-hero.jpg","https://ronenglish-archive.github.io/ron-english-sketches-and-drawings/images/Sketches/amphibians-hero.jpg","amphibians-hero.jpg","https://ronenglish-archive.github.io/ron-english-sketches-and-drawings/images/Sketches/amphibians-hero.jpg","|amphibians hero","LOW - single image"
"animation sketches hero","(root)","","","1","animation-sketches-hero.jpg","https://ronenglish-archive.github.io/ron-english-sketches-and-drawings/images/Sketches/animation-sketches-hero.jpg","=IF(""https://ronenglish-archive.github.io/ron-english-sketches-and-drawings/images/Sketches/animation-sketches-hero.jpg""="""","""",IMAGE(""https://ronenglish-archive.github.io/ron-english-sketches-and-drawings/images/Sketches/animation-sketches-hero.jpg"",1))","","","","","","","","","animation-sketches-hero.jpg","https://ronenglish-archive.github.io/ron-english-sketches-and-drawings/images/Sketches/animation-sketches-hero.jpg","animation-sketches-hero.jpg","https://ronenglish-archive.github.io/ron-english-sketches-and-drawings/images/Sketches/animation-sketches-hero.jpg","|animation sketches hero","LOW - single image"
"aquatic dwellers hero","(root)","","","1","aquatic-dwellers-hero.jpg","https://ronenglish-archive.github.io/ron-english-sketches-and-drawings/images/Sketches/aquatic-dwellers-hero.jpg","=IF(""https://ronenglish-archive.github.io/ron-english-sketches-and-drawings/images/Sketches/aquatic-dwellers-hero.jpg""="""","""",IMAGE(""https://ronenglish-archive.github.io/ron-english-sketches-and-drawings/images/Sketches/aquatic-dwellers-hero.jpg"",1))","","","","","","","","","aquatic-dwellers-hero.jpg","https://ronenglish-archive.github.io/ron-english-sketches-and-drawings/images/Sketches/aquatic-dwellers-hero.jpg","aquatic-dwellers-hero.jpg","https://ronenglish-archive.github.io/ron-english-sketches-and-drawings/images/Sketches/aquatic-dwellers-hero.jpg","|aquatic dwellers hero","LOW - single image"
"avians hero","(root)","","","1","avians-hero.jpg","https://ronenglish-archive.github.io/ron-english-sketches-and-drawings/images/Sketches/avians-hero.jpg","=IF(""https://ronenglish-archive.github.io/ron-english-sketches-and-drawings/images/Sketches/avians-hero.jpg""="""","""",IMAGE(""https://ronenglish-archive.github.io/ron-english-sketches-and-drawings/images/Sketches/avians-hero.jpg"",1))","","","","","","","","","avians-hero.jpg","https://ronenglish-archive.github.io/ron-english-sketches-and-drawings/images/Sketches/avians-hero.jpg","avians-hero.jpg","https://ronenglish-archive.github.io/ron-english-sketches-and-drawings/images/Sketches/avians-hero.jpg","|avians hero","LOW - single image"
"bears hero","(root)","","","1","bears-hero.jpg","https://ronenglish-archive.github.io/ron-english-sketches-and-drawings/images/Sketches/bears-hero.jpg","=IF(""https://ronenglish-archive.github.io/ron-english-sketches-and-drawings/images/Sketches/bears-hero.jpg""="""","""",IMAGE(""https://ronenglish-archive.github.io/ron-english-sketches-and-drawings/images/Sketches/bears-hero.jpg"",1))","","","","","","","","","bears-hero.jpg","https://ronenglish-archive.github.io/ron-english-sketches-and-drawings/images/Sketches/bears-hero.jpg","bears-hero.jpg","https://ronenglish-archive.github.io/ron-english-sketches-and-drawings/images/Sketches/bears-hero.jpg","|bears hero","LOW - single image"
"bigfoot hero","(root)","","","1","bigfoot-hero.jpg","https://ronenglish-archive.github.io/ron-english-sketches-and-drawings/images/Sketches/bigfoot-hero.jpg","=IF(""https://ronenglish-archive.github.io/ron-english-sketches-and-drawings/images/Sketches/bigfoot-hero.jpg""="""","""",IMAGE(""https://ronenglish-archive.github.io/ron-english-sketches-and-drawings/images/Sketches/bigfoot-hero.jpg"",1))","","","","","","","","","bigfoot-hero.jpg","https://ronenglish-archive.github.io/ron-english-sketches-and-drawings/images/Sketches/bigfoot-hero.jpg","bigfoot-hero.jpg","https://ronenglish-archive.github.io/ron-english-sketches-and-drawings/images/Sketches/bigfoot-hero.jpg","|bigfoot hero","LOW - single image"
"birdy card 1","(root)","","","1","birdy card 1.jpg","https://ronenglish-archive.github.io/ron-english-sketches-and-drawings/images/Sketches/birdy%20card%201.jpg","=IF(""https://ronenglish-archive.github.io/ron-english-sketches-and-drawings/images/Sketches/birdy%20card%201.jpg""="""","""",IMAGE(""https://ronenglish-archive.github.io/ron-english-sketches-and-drawings/images/Sketches/birdy%20card%201.jpg"",1))","","","","","","","","","birdy card 1.jpg","https://ronenglish-archive.github.io/ron-english-sketches-and-drawings/images/Sketches/birdy%20card%201.jpg","birdy card 1.jpg","https://ronenglish-archive.github.io/ron-english-sketches-and-drawings/images/Sketches/birdy%20card%201.jpg","|birdy card 1","LOW - single image"
"birdy card 2","(root)","","","1","birdy card 2.jpg","https://ronenglish-archive.github.io/ron-english-sketches-and-drawings/images/Sketches/birdy%20card%202.jpg","=IF(""https://ronenglish-archive.github.io/ron-english-sketches-and-drawings/images/Sketches/birdy%20card%202.jpg""="""","""",IMAGE(""https://ronenglish-archive.github.io/ron-english-sketches-and-drawings/images/Sketches/birdy%20card%202.jpg"",1))","","","","","","","","","birdy card 2.jpg","https://ronenglish-archive.github.io/ron-english-sketches-and-drawings/images/Sketches/birdy%20card%202.jpg","birdy card 2.jpg","https://ronenglish-archive.github.io/ron-english-sketches-and-drawings/images/Sketches/birdy%20card%202.jpg","|birdy card 2","LOW - single image"
"body parts hero","(root)","","","1","body-parts-hero.jpg","https://ronenglish-archive.github.io/ron-english-sketches-and-drawings/images/Sketches/body-parts-hero.jpg","=IF(""https://ronenglish-archive.github.io/ron-english-sketches-and-drawings/images/Sketches/body-parts-hero.jpg""="""","""",IMAGE(""https://ronenglish-archive.github.io/ron-english-sketches-and-drawings/images/Sketches/body-parts-hero.jpg"",1))","","","","","","","","","body-parts-hero.jpg","https://ronenglish-archive.github.io/ron-english-sketches-and-drawings/images/Sketches/body-parts-hero.jpg","body-parts-hero.jpg","https://ronenglish-archive.github.io/ron-english-sketches-and-drawings/images/Sketches/body-parts-hero.jpg","|body parts hero","LOW - single image"
"brains hero","(root)","","","1","brains-hero.jpg","https://ronenglish-archive.github.io/ron-english-sketches-and-drawings/images/Sketches/brains-hero.jpg","=IF(""https://ronenglish-archive.github.io/ron-english-sketches-and-drawings/images/Sketches/brains-hero.jpg""="""","""",IMAGE(""https://ronenglish-archive.github.io/ron-english-sketches-and-drawings/images/Sketches/brains-hero.jpg"",1))","","","","","","","","","brains-hero.jpg","https://ronenglish-archive.github.io/ron-english-sketches-and-drawings/images/Sketches/brains-hero.jpg","brains-hero.jpg","https://ronenglish-archive.github.io/ron-english-sketches-and-drawings/images/Sketches/brains-hero.jpg","|brains hero","LOW - single image"
"buzzards hero","(root)","","","1","buzzards-hero.jpg","https://ronenglish-archive.github.io/ron-english-sketches-and-drawings/images/Sketches/buzzards-hero.jpg","=IF(""https://ronenglish-archive.github.io/ron-english-sketches-and-drawings/images/Sketches/buzzards-hero.jpg""="""","""",IMAGE(""https://ronenglish-archive.github.io/ron-english-sketches-and-drawings/images/Sketches/buzzards-hero.jpg"",1))","","","","","","","","","buzzards-hero.jpg","https://ronenglish-archive.github.io/ron-english-sketches-and-drawings/images/Sketches/buzzards-hero.jpg","buzzards-hero.jpg","https://ronenglish-archive.github.io/ron-english-sketches-and-drawings/images/Sketches/buzzards-hero.jpg","|buzzards hero","LOW - single image"
"canines and felines hero","(root)","","","1","canines-and-felines-hero.jpg","https://ronenglish-archive.github.io/ron-english-sketches-and-drawings/images/Sketches/canines-and-felines-hero.jpg","=IF(""https://ronenglish-archive.github.io/ron-english-sketches-and-drawings/images/Sketches/canines-and-felines-hero.jpg""="""","""",IMAGE(""https://ronenglish-archive.github.io/ron-english-sketches-and-drawings/images/Sketches/canines-and-felines-hero.jpg"",1))","","","","","","","","","canines-and-felines-hero.jpg","https://ronenglish-archive.github.io/ron-english-sketches-and-drawings/images/Sketches/canines-and-felines-hero.jpg","canines-and-felines-hero.jpg","https://ronenglish-archive.github.io/ron-english-sketches-and-drawings/images/Sketches/canines-and-felines-hero.jpg","|canines and felines hero","LOW - single image"
"celebrity characters hero","(root)","","","1","celebrity-characters-hero.jpg","https://ronenglish-archive.github.io/ron-english-sketches-and-drawings/images/Sketches/celebrity-characters-hero.jpg","=IF(""https://ronenglish-archive.github.io/ron-english-sketches-and-drawings/images/Sketches/celebrity-characters-hero.jpg""="""","""",IMAGE(""https://ronenglish-archive.github.io/ron-english-sketches-and-drawings/images/Sketches/celebrity-characters-hero.jpg"",1))","","","","","","","","","celebrity-characters-hero.jpg","https://ronenglish-archive.github.io/ron-english-sketches-and-drawings/images/Sketches/celebrity-characters-hero.jpg","celebrity-characters-hero.jpg","https://ronenglish-archive.github.io/ron-english-sketches-and-drawings/images/Sketches/celebrity-characters-hero.jpg","|celebrity characters hero","LOW - single image"
"cereal killer hero","(root)","","","1","cereal-killer-hero.jpg","https://ronenglish-archive.github.io/ron-english-sketches-and-drawings/images/Sketches/cereal-killer-hero.jpg","=IF(""https://ronenglish-archive.github.io/ron-english-sketches-and-drawings/images/Sketches/cereal-killer-hero.jpg""="""","""",IMAGE(""https://ronenglish-archive.github.io/ron-english-sketches-and-drawings/images/Sketches/cereal-killer-hero.jpg"",1))","","","","","","","","","cereal-killer-hero.jpg","https://ronenglish-archive.github.io/ron-english-sketches-and-drawings/images/Sketches/cereal-killer-hero.jpg","cereal-killer-hero.jpg","https://ronenglish-archive.github.io/ron-english-sketches-and-drawings/images/Sketches/cereal-killer-hero.jpg","|cereal killer hero","LOW - single image"
"character balls hero","(root)","","","1","character-balls-hero.jpg","https://ronenglish-archive.github.io/ron-english-sketches-and-drawings/images/Sketches/character-balls-hero.jpg","=IF(""https://ronenglish-archive.github.io/ron-english-sketches-and-drawings/images/Sketches/character-balls-hero.jpg""="""","""",IMAGE(""https://ronenglish-archive.github.io/ron-english-sketches-and-drawings/images/Sketches/character-balls-hero.jpg"",1))","","","","","","","","","character-balls-hero.jpg","https://ronenglish-archive.github.io/ron-english-sketches-and-drawings/images/Sketches/character-balls-hero.jpg","character-balls-hero.jpg","https://ronenglish-archive.github.io/ron-english-sketches-and-drawings/images/Sketches/character-balls-hero.jpg","|character balls hero","LOW - single image"
"combrats hero","(root)","","","1","combrats-hero.jpg","https://ronenglish-archive.github.io/ron-english-sketches-and-drawings/images/Sketches/combrats-hero.jpg","=IF(""https://ronenglish-archive.github.io/ron-english-sketches-and-drawings/images/Sketches/combrats-hero.jpg""="""","""",IMAGE(""https://ronenglish-archive.github.io/ron-english-sketches-and-drawings/images/Sketches/combrats-hero.jpg"",1))","","","","","","","","","combrats-hero.jpg","https://ronenglish-archive.github.io/ron-english-sketches-and-drawings/images/Sketches/combrats-hero.jpg","combrats-hero.jpg","https://ronenglish-archive.github.io/ron-english-sketches-and-drawings/images/Sketches/combrats-hero.jpg","|combrats hero","LOW - single image"
"flowers hero","(root)","","","1","flowers-hero.jpg","https://ronenglish-archive.github.io/ron-english-sketches-and-drawings/images/Sketches/flowers-hero.jpg","=IF(""https://ronenglish-archive.github.io/ron-english-sketches-and-drawings/images/Sketches/flowers-hero.jpg""="""","""",IMAGE(""https://ronenglish-archive.github.io/ron-english-sketches-and-drawings/images/Sketches/flowers-hero.jpg"",1))","","","","","","","","","flowers-hero.jpg","https://ronenglish-archive.github.io/ron-english-sketches-and-drawings/images/Sketches/flowers-hero.jpg","flowers-hero.jpg","https://ronenglish-archive.github.io/ron-english-sketches-and-drawings/images/Sketches/flowers-hero.jpg","|flowers hero","LOW - single image"
"frog hero","(root)","","","1","frog-hero.jpg","https://ronenglish-archive.github.io/ron-english-sketches-and-drawings/images/Sketches/frog-hero.jpg","=IF(""https://ronenglish-archive.github.io/ron-english-sketches-and-drawings/images/Sketches/frog-hero.jpg""="""","""",IMAGE(""https://ronenglish-archive.github.io/ron-english-sketches-and-drawings/images/Sketches/frog-hero.jpg"",1))","","","","","","","","","frog-hero.jpg","https://ronenglish-archive.github.io/ron-english-sketches-and-drawings/images/Sketches/frog-hero.jpg","frog-hero.jpg","https://ronenglish-archive.github.io/ron-english-sketches-and-drawings/images/Sketches/frog-hero.jpg","|frog hero","LOW - single image"
"grinnies hero","(root)","","","1","grinnies-hero.jpg","https://ronenglish-archive.github.io/ron-english-sketches-and-drawings/images/Sketches/grinnies-hero.jpg","=IF(""https://ronenglish-archive.github.io/ron-english-sketches-and-drawings/images/Sketches/grinnies-hero.jpg""="""","""",IMAGE(""https://ronenglish-archive.github.io/ron-english-sketches-and-drawings/images/Sketches/grinnies-hero.jpg"",1))","","","","","","","","","grinnies-hero.jpg","https://ronenglish-archive.github.io/ron-english-sketches-and-drawings/images/Sketches/grinnies-hero.jpg","grinnies-hero.jpg","https://ronenglish-archive.github.io/ron-english-sketches-and-drawings/images/Sketches/grinnies-hero.jpg","|grinnies hero","LOW - single image"
"insects hero","(root)","","","1","insects-hero.jpg","https://ronenglish-archive.github.io/ron-english-sketches-and-drawings/images/Sketches/insects-hero.jpg","=IF(""https://ronenglish-archive.github.io/ron-english-sketches-and-drawings/images/Sketches/insects-hero.jpg""="""","""",IMAGE(""https://ronenglish-archive.github.io/ron-english-sketches-and-drawings/images/Sketches/insects-hero.jpg"",1))","","","","","","","","","insects-hero.jpg","https://ronenglish-archive.github.io/ron-english-sketches-and-drawings/images/Sketches/insects-hero.jpg","insects-hero.jpg","https://ronenglish-archive.github.io/ron-english-sketches-and-drawings/images/Sketches/insects-hero.jpg","|insects hero","LOW - single image"
"kaijus hero","(root)","","","1","kaijus-hero.jpg","https://ronenglish-archive.github.io/ron-english-sketches-and-drawings/images/Sketches/kaijus-hero.jpg","=IF(""https://ronenglish-archive.github.io/ron-english-sketches-and-drawings/images/Sketches/kaijus-hero.jpg""="""","""",IMAGE(""https://ronenglish-archive.github.io/ron-english-sketches-and-drawings/images/Sketches/kaijus-hero.jpg"",1))","","","","","","","","","kaijus-hero.jpg","https://ronenglish-archive.github.io/ron-english-sketches-and-drawings/images/Sketches/kaijus-hero.jpg","kaijus-hero.jpg","https://ronenglish-archive.github.io/ron-english-sketches-and-drawings/images/Sketches/kaijus-hero.jpg","|kaijus hero","LOW - single image"
"kursed hero","(root)","","","1","kursed-hero.jpg","https://ronenglish-archive.github.io/ron-english-sketches-and-drawings/images/Sketches/kursed-hero.jpg","=IF(""https://ronenglish-archive.github.io/ron-english-sketches-and-drawings/images/Sketches/kursed-hero.jpg""="""","""",IMAGE(""https://ronenglish-archive.github.io/ron-english-sketches-and-drawings/images/Sketches/kursed-hero.jpg"",1))","","","","","","","","","kursed-hero.jpg","https://ronenglish-archive.github.io/ron-english-sketches-and-drawings/images/Sketches/kursed-hero.jpg","kursed-hero.jpg","https://ronenglish-archive.github.io/ron-english-sketches-and-drawings/images/Sketches/kursed-hero.jpg","|kursed hero","LOW - single image"
"light cult hero","(root)","","","1","light-cult-hero.jpg","https://ronenglish-archive.github.io/ron-english-sketches-and-drawings/images/Sketches/light-cult-hero.jpg","=IF(""https://ronenglish-archive.github.io/ron-english-sketches-and-drawings/images/Sketches/light-cult-hero.jpg""="""","""",IMAGE(""https://ronenglish-archive.github.io/ron-english-sketches-and-drawings/images/Sketches/light-cult-hero.jpg"",1))","","","","","","","","","light-cult-hero.jpg","https://ronenglish-archive.github.io/ron-english-sketches-and-drawings/images/Sketches/light-cult-hero.jpg","light-cult-hero.jpg","https://ronenglish-archive.github.io/ron-english-sketches-and-drawings/images/Sketches/light-cult-hero.jpg","|light cult hero","LOW - single image"
"monkeys hero","(root)","","","1","monkeys-hero.jpg","https://ronenglish-archive.github.io/ron-english-sketches-and-drawings/images/Sketches/monkeys-hero.jpg","=IF(""https://ronenglish-archive.github.io/ron-english-sketches-and-drawings/images/Sketches/monkeys-hero.jpg""="""","""",IMAGE(""https://ronenglish-archive.github.io/ron-english-sketches-and-drawings/images/Sketches/monkeys-hero.jpg"",1))","","","","","","","","","monkeys-hero.jpg","https://ronenglish-archive.github.io/ron-english-sketches-and-drawings/images/Sketches/monkeys-hero.jpg","monkeys-hero.jpg","https://ronenglish-archive.github.io/ron-english-sketches-and-drawings/images/Sketches/monkeys-hero.jpg","|monkeys hero","LOW - single image"
"mythical beings hero","(root)","","","1","mythical-beings-hero.jpg","https://ronenglish-archive.github.io/ron-english-sketches-and-drawings/images/Sketches/mythical-beings-hero.jpg","=IF(""https://ronenglish-archive.github.io/ron-english-sketches-and-drawings/images/Sketches/mythical-beings-hero.jpg""="""","""",IMAGE(""https://ronenglish-archive.github.io/ron-english-sketches-and-drawings/images/Sketches/mythical-beings-hero.jpg"",1))","","","","","","","","","mythical-beings-hero.jpg","https://ronenglish-archive.github.io/ron-english-sketches-and-drawings/images/Sketches/mythical-beings-hero.jpg","mythical-beings-hero.jpg","https://ronenglish-archive.github.io/ron-english-sketches-and-drawings/images/Sketches/mythical-beings-hero.jpg","|mythical beings hero","LOW - single image"
"objects hero","(root)","","","1","objects-hero.jpg","https://ronenglish-archive.github.io/ron-english-sketches-and-drawings/images/Sketches/objects-hero.jpg","=IF(""https://ronenglish-archive.github.io/ron-english-sketches-and-drawings/images/Sketches/objects-hero.jpg""="""","""",IMAGE(""https://ronenglish-archive.github.io/ron-english-sketches-and-drawings/images/Sketches/objects-hero.jpg"",1))","","","","","","","","","objects-hero.jpg","https://ronenglish-archive.github.io/ron-english-sketches-and-drawings/images/Sketches/objects-hero.jpg","objects-hero.jpg","https://ronenglish-archive.github.io/ron-english-sketches-and-drawings/images/Sketches/objects-hero.jpg","|objects hero","LOW - single image"
"pigs","(root)","","","1","pigs.jpg","https://ronenglish-archive.github.io/ron-english-sketches-and-drawings/images/Sketches/pigs.jpg","=IF(""https://ronenglish-archive.github.io/ron-english-sketches-and-drawings/images/Sketches/pigs.jpg""="""","""",IMAGE(""https://ronenglish-archive.github.io/ron-english-sketches-and-drawings/images/Sketches/pigs.jpg"",1))","","","","","","","","","pigs.jpg","https://ronenglish-archive.github.io/ron-english-sketches-and-drawings/images/Sketches/pigs.jpg","pigs.jpg","https://ronenglish-archive.github.io/ron-english-sketches-and-drawings/images/Sketches/pigs.jpg","|pigs","LOW - single image"
"reptiles hero","(root)","","","1","reptiles-hero.jpg","https://ronenglish-archive.github.io/ron-english-sketches-and-drawings/images/Sketches/reptiles-hero.jpg","=IF(""https://ronenglish-archive.github.io/ron-english-sketches-and-drawings/images/Sketches/reptiles-hero.jpg""="""","""",IMAGE(""https://ronenglish-archive.github.io/ron-english-sketches-and-drawings/images/Sketches/reptiles-hero.jpg"",1))","","","","","","","","","reptiles-hero.jpg","https://ronenglish-archive.github.io/ron-english-sketches-and-drawings/images/Sketches/reptiles-hero.jpg","reptiles-hero.jpg","https://ronenglish-archive.github.io/ron-english-sketches-and-drawings/images/Sketches/reptiles-hero.jpg","|reptiles hero","LOW - single image"
"salamanders hero","(root)","","","1","salamanders-hero.jpg","https://ronenglish-archive.github.io/ron-english-sketches-and-drawings/images/Sketches/salamanders-hero.jpg","=IF(""https://ronenglish-archive.github.io/ron-english-sketches-and-drawings/images/Sketches/salamanders-hero.jpg""="""","""",IMAGE(""https://ronenglish-archive.github.io/ron-english-sketches-and-drawings/images/Sketches/salamanders-hero.jpg"",1))","","","","","","","","","salamanders-hero.jpg","https://ronenglish-archive.github.io/ron-english-sketches-and-drawings/images/Sketches/salamanders-hero.jpg","salamanders-hero.jpg","https://ronenglish-archive.github.io/ron-english-sketches-and-drawings/images/Sketches/salamanders-hero.jpg","|salamanders hero","LOW - single image"
"skeletons hero","(root)","","","1","skeletons-hero.jpg","https://ronenglish-archive.github.io/ron-english-sketches-and-drawings/images/Sketches/skeletons-hero.jpg","=IF(""https://ronenglish-archive.github.io/ron-english-sketches-and-drawings/images/Sketches/skeletons-hero.jpg""="""","""",IMAGE(""https://ronenglish-archive.github.io/ron-english-sketches-and-drawings/images/Sketches/skeletons-hero.jpg"",1))","","","","","","","","","skeletons-hero.jpg","https://ronenglish-archive.github.io/ron-english-sketches-and-drawings/images/Sketches/skeletons-hero.jpg","skeletons-hero.jpg","https://ronenglish-archive.github.io/ron-english-sketches-and-drawings/images/Sketches/skeletons-hero.jpg","|skeletons hero","LOW - single image"
"sketches hero","(root)","","","1","sketches-hero.jpg","https://ronenglish-archive.github.io/ron-english-sketches-and-drawings/images/Sketches/sketches-hero.jpg","=IF(""https://ronenglish-archive.github.io/ron-english-sketches-and-drawings/images/Sketches/sketches-hero.jpg""="""","""",IMAGE(""https://ronenglish-archive.github.io/ron-english-sketches-and-drawings/images/Sketches/sketches-hero.jpg"",1))","","","","","","","","","sketches-hero.jpg","https://ronenglish-archive.github.io/ron-english-sketches-and-drawings/images/Sketches/sketches-hero.jpg","sketches-hero.jpg","https://ronenglish-archive.github.io/ron-english-sketches-and-drawings/images/Sketches/sketches-hero.jpg","|sketches hero","LOW - single image"
"small mammals hero","(root)","","","1","small-mammals-hero.jpg","https://ronenglish-archive.github.io/ron-english-sketches-and-drawings/images/Sketches/small-mammals-hero.jpg","=IF(""https://ronenglish-archive.github.io/ron-english-sketches-and-drawings/images/Sketches/small-mammals-hero.jpg""="""","""",IMAGE(""https://ronenglish-archive.github.io/ron-english-sketches-and-drawings/images/Sketches/small-mammals-hero.jpg"",1))","","","","","","","","","small-mammals-hero.jpg","https://ronenglish-archive.github.io/ron-english-sketches-and-drawings/images/Sketches/small-mammals-hero.jpg","small-mammals-hero.jpg","https://ronenglish-archive.github.io/ron-english-sketches-and-drawings/images/Sketches/small-mammals-hero.jpg","|small mammals hero","LOW - single image"
"snails hero","(root)","","","1","snails-hero.jpg","https://ronenglish-archive.github.io/ron-english-sketches-and-drawings/images/Sketches/snails-hero.jpg","=IF(""https://ronenglish-archive.github.io/ron-english-sketches-and-drawings/images/Sketches/snails-hero.jpg""="""","""",IMAGE(""https://ronenglish-archive.github.io/ron-english-sketches-and-drawings/images/Sketches/snails-hero.jpg"",1))","","","","","","","","","snails-hero.jpg","https://ronenglish-archive.github.io/ron-english-sketches-and-drawings/images/Sketches/snails-hero.jpg","snails-hero.jpg","https://ronenglish-archive.github.io/ron-english-sketches-and-drawings/images/Sketches/snails-hero.jpg","|snails hero","LOW - single image"
"tots hero","(root)","","","1","tots-hero.jpg","https://ronenglish-archive.github.io/ron-english-sketches-and-drawings/images/Sketches/tots-hero.jpg","=IF(""https://ronenglish-archive.github.io/ron-english-sketches-and-drawings/images/Sketches/tots-hero.jpg""="""","""",IMAGE(""https://ronenglish-archive.github.io/ron-english-sketches-and-drawings/images/Sketches/tots-hero.jpg"",1))","","","","","","","","","tots-hero.jpg","https://ronenglish-archive.github.io/ron-english-sketches-and-drawings/images/Sketches/tots-hero.jpg","tots-hero.jpg","https://ronenglish-archive.github.io/ron-english-sketches-and-drawings/images/Sketches/tots-hero.jpg","|tots hero","LOW - single image"
"tvities hero","(root)","","","1","tvities-hero.jpg","https://ronenglish-archive.github.io/ron-english-sketches-and-drawings/images/Sketches/tvities-hero.jpg","=IF(""https://ronenglish-archive.github.io/ron-english-sketches-and-drawings/images/Sketches/tvities-hero.jpg""="""","""",IMAGE(""https://ronenglish-archive.github.io/ron-english-sketches-and-drawings/images/Sketches/tvities-hero.jpg"",1))","","","","","","","","","tvities-hero.jpg","https://ronenglish-archive.github.io/ron-english-sketches-and-drawings/images/Sketches/tvities-hero.jpg","tvities-hero.jpg","https://ronenglish-archive.github.io/ron-english-sketches-and-drawings/images/Sketches/tvities-hero.jpg","|tvities hero","LOW - single image"
"ungulates hero","(root)","","","1","ungulates-hero.jpg","https://ronenglish-archive.github.io/ron-english-sketches-and-drawings/images/Sketches/ungulates-hero.jpg","=IF(""https://ronenglish-archive.github.io/ron-english-sketches-and-drawings/images/Sketches/ungulates-hero.jpg""="""","""",IMAGE(""https://ronenglish-archive.github.io/ron-english-sketches-and-drawings/images/Sketches/ungulates-hero.jpg"",1))","","","","","","","","","ungulates-hero.jpg","https://ronenglish-archive.github.io/ron-english-sketches-and-drawings/images/Sketches/ungulates-hero.jpg","ungulates-hero.jpg","https://ronenglish-archive.github.io/ron-english-sketches-and-drawings/images/Sketches/ungulates-hero.jpg","|ungulates hero","LOW - single image"
"words and phrases hero","(root)","","","1","words-and-phrases-hero.jpg","https://ronenglish-archive.github.io/ron-english-sketches-and-drawings/images/Sketches/words-and-phrases-hero.jpg","=IF(""https://ronenglish-archive.github.io/ron-english-sketches-and-drawings/images/Sketches/words-and-phrases-hero.jpg""="""","""",IMAGE(""https://ronenglish-archive.github.io/ron-english-sketches-and-drawings/images/Sketches/words-and-phrases-hero.jpg"",1))","","","","","","","","","words-and-phrases-hero.jpg","https://ronenglish-archive.github.io/ron-english-sketches-and-drawings/images/Sketches/words-and-phrases-hero.jpg","words-and-phrases-hero.jpg","https://ronenglish-archive.github.io/ron-english-sketches-and-drawings/images/Sketches/words-and-phrases-hero.jpg","|words and phrases hero","LOW - single image"
"yin yangs hero","(root)","","","1","yin-yangs-hero.jpg","https://ronenglish-archive.github.io/ron-english-sketches-and-drawings/images/Sketches/yin-yangs-hero.jpg","=IF(""https://ronenglish-archive.github.io/ron-english-sketches-and-drawings/images/Sketches/yin-yangs-hero.jpg""="""","""",IMAGE(""https://ronenglish-archive.github.io/ron-english-sketches-and-drawings/images/Sketches/yin-yangs-hero.jpg"",1))","","","","","","","","","yin-yangs-hero.jpg","https://ronenglish-archive.github.io/ron-english-sketches-and-drawings/images/Sketches/yin-yangs-hero.jpg","yin-yangs-hero.jpg","https://ronenglish-archive.github.io/ron-english-sketches-and-drawings/images/Sketches/yin-yangs-hero.jpg","|yin yangs hero","LOW - single image"
"Bee Plug","Insects","","Insects","2","Bee Plug ORIGINAL.jpg","https://ronenglish-archive.github.io/ron-english-sketches-and-drawings/images/Sketches/Insects/Bee%20Plug%20ORIGINAL.jpg","=IF(""https://ronenglish-archive.github.io/ron-english-sketches-and-drawings/images/Sketches/Insects/Bee%20Plug%20ORIGINAL.jpg""="""","""",IMAGE(""https://ronenglish-archive.github.io/ron-english-sketches-and-drawings/images/Sketches/Insects/Bee%20Plug%20ORIGINAL.jpg"",1))","Bee Plug ORIGINAL.jpg","https://ronenglish-archive.github.io/ron-english-sketches-and-drawings/images/Sketches/Insects/Bee%20Plug%20ORIGINAL.jpg","","","","","Bee Plug COLOR.jpg","https://ronenglish-archive.github.io/ron-english-sketches-and-drawings/images/Sketches/Insects/Bee%20Plug%20COLOR.jpg","","","Bee Plug ORIGINAL.jpg | Bee Plug COLOR.jpg","https://ronenglish-archive.github.io/ron-english-sketches-and-drawings/images/Sketches/Insects/Bee%20Plug%20ORIGINAL.jpg | https://ronenglish-archive.github.io/ron-english-sketches-and-drawings/images/Sketches/Insects/Bee%20Plug%20COLOR.jpg","insects|bee plug","YES - grouped by filename"
"Bee Plug B&W","Insects","","Insects","1","Bee Plug B&W.jpg","https://ronenglish-archive.github.io/ron-english-sketches-and-drawings/images/Sketches/Insects/Bee%20Plug%20B%26W.jpg","=IF(""https://ronenglish-archive.github.io/ron-english-sketches-and-drawings/images/Sketches/Insects/Bee%20Plug%20B%26W.jpg""="""","""",IMAGE(""https://ronenglish-archive.github.io/ron-english-sketches-and-drawings/images/Sketches/Insects/Bee%20Plug%20B%26W.jpg"",1))","","","","","","","","","Bee Plug B&W.jpg","https://ronenglish-archive.github.io/ron-english-sketches-and-drawings/images/Sketches/Insects/Bee%20Plug%20B%26W.jpg","Bee Plug B&W.jpg","https://ronenglish-archive.github.io/ron-english-sketches-and-drawings/images/Sketches/Insects/Bee%20Plug%20B%26W.jpg","insects|bee plug b and w","LOW - single image"
"Stinging Bee","Insects","","Insects","2","Stinging Bee ORIGINAL.jpg","https://ronenglish-archive.github.io/ron-english-sketches-and-drawings/images/Sketches/Insects/Stinging%20Bee%20ORIGINAL.jpg","=IF(""https://ronenglish-archive.github.io/ron-english-sketches-and-drawings/images/Sketches/Insects/Stinging%20Bee%20ORIGINAL.jpg""="""","""",IMAGE(""https://ronenglish-archive.github.io/ron-english-sketches-and-drawings/images/Sketches/Insects/Stinging%20Bee%20ORIGINAL.jpg"",1))","Stinging Bee ORIGINAL.jpg","https://ronenglish-archive.github.io/ron-english-sketches-and-drawings/images/Sketches/Insects/Stinging%20Bee%20ORIGINAL.jpg","","","","","Stinging Bee COLOR.jpg","https://ronenglish-archive.github.io/ron-english-sketches-and-drawings/images/Sketches/Insects/Stinging%20Bee%20COLOR.jpg","","","Stinging Bee ORIGINAL.jpg | Stinging Bee COLOR.jpg","https://ronenglish-archive.github.io/ron-english-sketches-and-drawings/images/Sketches/Insects/Stinging%20Bee%20ORIGINAL.jpg | https://ronenglish-archive.github.io/ron-english-sketches-and-drawings/images/Sketches/Insects/Stinging%20Bee%20COLOR.jpg","insects|stinging bee","YES - grouped by filename"
"Stinging Bee B&W","Insects","","Insects","1","Stinging Bee B&W.jpg","https://ronenglish-archive.github.io/ron-english-sketches-and-drawings/images/Sketches/Insects/Stinging%20Bee%20B%26W.jpg","=IF(""https://ronenglish-archive.github.io/ron-english-sketches-and-drawings/images/Sketches/Insects/Stinging%20Bee%20B%26W.jpg""="""","""",IMAGE(""https://ronenglish-archive.github.io/ron-english-sketches-and-drawings/images/Sketches/Insects/Stinging%20Bee%20B%26W.jpg"",1))","","","","","","","","","Stinging Bee B&W.jpg","https://ronenglish-archive.github.io/ron-english-sketches-and-drawings/images/Sketches/Insects/Stinging%20Bee%20B%26W.jpg","Stinging Bee B&W.jpg","https://ronenglish-archive.github.io/ron-english-sketches-and-drawings/images/Sketches/Insects/Stinging%20Bee%20B%26W.jpg","insects|stinging bee b and w","LOW - single image"
"Stinging Bee B&W2","Insects","","Insects","1","Stinging Bee B&W2.jpg","https://ronenglish-archive.github.io/ron-english-sketches-and-drawings/images/Sketches/Insects/Stinging%20Bee%20B%26W2.jpg","=IF(""https://ronenglish-archive.github.io/ron-english-sketches-and-drawings/images/Sketches/Insects/Stinging%20Bee%20B%26W2.jpg""="""","""",IMAGE(""https://ronenglish-archive.github.io/ron-english-sketches-and-drawings/images/Sketches/Insects/Stinging%20Bee%20B%26W2.jpg"",1))","","","","","","","","","Stinging Bee B&W2.jpg","https://ronenglish-archive.github.io/ron-english-sketches-and-drawings/images/Sketches/Insects/Stinging%20Bee%20B%26W2.jpg","Stinging Bee B&W2.jpg","https://ronenglish-archive.github.io/ron-english-sketches-and-drawings/images/Sketches/Insects/Stinging%20Bee%20B%26W2.jpg","insects|stinging bee b and w2","LOW - single image"
"Bobsnail","Snails","","Snails","2","Bobsnail ORIGINAL.jpg","https://ronenglish-archive.github.io/ron-english-sketches-and-drawings/images/Sketches/Snails/Bobsnail%20ORIGINAL.jpg","=IF(""https://ronenglish-archive.github.io/ron-english-sketches-and-drawings/images/Sketches/Snails/Bobsnail%20ORIGINAL.jpg""="""","""",IMAGE(""https://ronenglish-archive.github.io/ron-english-sketches-and-drawings/images/Sketches/Snails/Bobsnail%20ORIGINAL.jpg"",1))","Bobsnail ORIGINAL.jpg","https://ronenglish-archive.github.io/ron-english-sketches-and-drawings/images/Sketches/Snails/Bobsnail%20ORIGINAL.jpg","","","","","Bobsnail COLOR.png","https://ronenglish-archive.github.io/ron-english-sketches-and-drawings/images/Sketches/Snails/Bobsnail%20COLOR.png","","","Bobsnail ORIGINAL.jpg | Bobsnail COLOR.png","https://ronenglish-archive.github.io/ron-english-sketches-and-drawings/images/Sketches/Snails/Bobsnail%20ORIGINAL.jpg | https://ronenglish-archive.github.io/ron-english-sketches-and-drawings/images/Sketches/Snails/Bobsnail%20COLOR.png","snails|bobsnail","YES - grouped by filename"
"Bobsnail B&W","Snails","","Snails","1","Bobsnail B&W.png","https://ronenglish-archive.github.io/ron-english-sketches-and-drawings/images/Sketches/Snails/Bobsnail%20B%26W.png","=IF(""https://ronenglish-archive.github.io/ron-english-sketches-and-drawings/images/Sketches/Snails/Bobsnail%20B%26W.png""="""","""",IMAGE(""https://ronenglish-archive.github.io/ron-english-sketches-and-drawings/images/Sketches/Snails/Bobsnail%20B%26W.png"",1))","","","","","","","","","Bobsnail B&W.png","https://ronenglish-archive.github.io/ron-english-sketches-and-drawings/images/Sketches/Snails/Bobsnail%20B%26W.png","Bobsnail B&W.png","https://ronenglish-archive.github.io/ron-english-sketches-and-drawings/images/Sketches/Snails/Bobsnail%20B%26W.png","snails|bobsnail b and w","LOW - single image"
"Cocksnail","Snails","","Snails","2","Cocksnail ORIGINAL.jpg","https://ronenglish-archive.github.io/ron-english-sketches-and-drawings/images/Sketches/Snails/Cocksnail%20ORIGINAL.jpg","=IF(""https://ronenglish-archive.github.io/ron-english-sketches-and-drawings/images/Sketches/Snails/Cocksnail%20ORIGINAL.jpg""="""","""",IMAGE(""https://ronenglish-archive.github.io/ron-english-sketches-and-drawings/images/Sketches/Snails/Cocksnail%20ORIGINAL.jpg"",1))","Cocksnail ORIGINAL.jpg","https://ronenglish-archive.github.io/ron-english-sketches-and-drawings/images/Sketches/Snails/Cocksnail%20ORIGINAL.jpg","","","","","Cocksnail COLOR.png","https://ronenglish-archive.github.io/ron-english-sketches-and-drawings/images/Sketches/Snails/Cocksnail%20COLOR.png","","","Cocksnail ORIGINAL.jpg | Cocksnail COLOR.png","https://ronenglish-archive.github.io/ron-english-sketches-and-drawings/images/Sketches/Snails/Cocksnail%20ORIGINAL.jpg | https://ronenglish-archive.github.io/ron-english-sketches-and-drawings/images/Sketches/Snails/Cocksnail%20COLOR.png","snails|cocksnail","YES - grouped by filename"
"Cocksnail B&W","Snails","","Snails","1","Cocksnail B&W.png","https://ronenglish-archive.github.io/ron-english-sketches-and-drawings/images/Sketches/Snails/Cocksnail%20B%26W.png","=IF(""https://ronenglish-archive.github.io/ron-english-sketches-and-drawings/images/Sketches/Snails/Cocksnail%20B%26W.png""="""","""",IMAGE(""https://ronenglish-archive.github.io/ron-english-sketches-and-drawings/images/Sketches/Snails/Cocksnail%20B%26W.png"",1))","","","","","","","","","Cocksnail B&W.png","https://ronenglish-archive.github.io/ron-english-sketches-and-drawings/images/Sketches/Snails/Cocksnail%20B%26W.png","Cocksnail B&W.png","https://ronenglish-archive.github.io/ron-english-sketches-and-drawings/images/Sketches/Snails/Cocksnail%20B%26W.png","snails|cocksnail b and w","LOW - single image"
"Dale Snail","Snails","","Snails","2","Dale Snail ORIGINAL.jpg","https://ronenglish-archive.github.io/ron-english-sketches-and-drawings/images/Sketches/Snails/Dale%20Snail%20ORIGINAL.jpg","=IF(""https://ronenglish-archive.github.io/ron-english-sketches-and-drawings/images/Sketches/Snails/Dale%20Snail%20ORIGINAL.jpg""="""","""",IMAGE(""https://ronenglish-archive.github.io/ron-english-sketches-and-drawings/images/Sketches/Snails/Dale%20Snail%20ORIGINAL.jpg"",1))","Dale Snail ORIGINAL.jpg","https://ronenglish-archive.github.io/ron-english-sketches-and-drawings/images/Sketches/Snails/Dale%20Snail%20ORIGINAL.jpg","","","","","Dale Snail COLOR.jpg","https://ronenglish-archive.github.io/ron-english-sketches-and-drawings/images/Sketches/Snails/Dale%20Snail%20COLOR.jpg","","","Dale Snail ORIGINAL.jpg | Dale Snail COLOR.jpg","https://ronenglish-archive.github.io/ron-english-sketches-and-drawings/images/Sketches/Snails/Dale%20Snail%20ORIGINAL.jpg | https://ronenglish-archive.github.io/ron-english-sketches-and-drawings/images/Sketches/Snails/Dale%20Snail%20COLOR.jpg","snails|dale snail","YES - grouped by filename"
"Dale Snail B&W","Snails","","Snails","1","Dale Snail B&W.png","https://ronenglish-archive.github.io/ron-english-sketches-and-drawings/images/Sketches/Snails/Dale%20Snail%20B%26W.png","=IF(""https://ronenglish-archive.github.io/ron-english-sketches-and-drawings/images/Sketches/Snails/Dale%20Snail%20B%26W.png""="""","""",IMAGE(""https://ronenglish-archive.github.io/ron-english-sketches-and-drawings/images/Sketches/Snails/Dale%20Snail%20B%26W.png"",1))","","","","","","","","","Dale Snail B&W.png","https://ronenglish-archive.github.io/ron-english-sketches-and-drawings/images/Sketches/Snails/Dale%20Snail%20B%26W.png","Dale Snail B&W.png","https://ronenglish-archive.github.io/ron-english-sketches-and-drawings/images/Sketches/Snails/Dale%20Snail%20B%26W.png","snails|dale snail b and w","LOW - single image"
"Fairy Snail","Snails","","Snails","1","Fairy Snail COLOR.jpg","https://ronenglish-archive.github.io/ron-english-sketches-and-drawings/images/Sketches/Snails/Fairy%20Snail%20COLOR.jpg","=IF(""https://ronenglish-archive.github.io/ron-english-sketches-and-drawings/images/Sketches/Snails/Fairy%20Snail%20COLOR.jpg""="""","""",IMAGE(""https://ronenglish-archive.github.io/ron-english-sketches-and-drawings/images/Sketches/Snails/Fairy%20Snail%20COLOR.jpg"",1))","","","","","","","Fairy Snail COLOR.jpg","https://ronenglish-archive.github.io/ron-english-sketches-and-drawings/images/Sketches/Snails/Fairy%20Snail%20COLOR.jpg","","","Fairy Snail COLOR.jpg","https://ronenglish-archive.github.io/ron-english-sketches-and-drawings/images/Sketches/Snails/Fairy%20Snail%20COLOR.jpg","snails|fairy snail","LOW - single image"
"Fairy Snail B&W","Snails","","Snails","1","Fairy Snail B&W.jpg","https://ronenglish-archive.github.io/ron-english-sketches-and-drawings/images/Sketches/Snails/Fairy%20Snail%20B%26W.jpg","=IF(""https://ronenglish-archive.github.io/ron-english-sketches-and-drawings/images/Sketches/Snails/Fairy%20Snail%20B%26W.jpg""="""","""",IMAGE(""https://ronenglish-archive.github.io/ron-english-sketches-and-drawings/images/Sketches/Snails/Fairy%20Snail%20B%26W.jpg"",1))","","","","","","","","","Fairy Snail B&W.jpg","https://ronenglish-archive.github.io/ron-english-sketches-and-drawings/images/Sketches/Snails/Fairy%20Snail%20B%26W.jpg","Fairy Snail B&W.jpg","https://ronenglish-archive.github.io/ron-english-sketches-and-drawings/images/Sketches/Snails/Fairy%20Snail%20B%26W.jpg","snails|fairy snail b and w","LOW - single image"
"Pony Snail","Snails","","Snails","2","Pony Snail ORIGINAL.jpg","https://ronenglish-archive.github.io/ron-english-sketches-and-drawings/images/Sketches/Snails/Pony%20Snail%20ORIGINAL.jpg","=IF(""https://ronenglish-archive.github.io/ron-english-sketches-and-drawings/images/Sketches/Snails/Pony%20Snail%20ORIGINAL.jpg""="""","""",IMAGE(""https://ronenglish-archive.github.io/ron-english-sketches-and-drawings/images/Sketches/Snails/Pony%20Snail%20ORIGINAL.jpg"",1))","Pony Snail ORIGINAL.jpg","https://ronenglish-archive.github.io/ron-english-sketches-and-drawings/images/Sketches/Snails/Pony%20Snail%20ORIGINAL.jpg","","","","","Pony Snail COLOR.jpg","https://ronenglish-archive.github.io/ron-english-sketches-and-drawings/images/Sketches/Snails/Pony%20Snail%20COLOR.jpg","","","Pony Snail ORIGINAL.jpg | Pony Snail COLOR.jpg","https://ronenglish-archive.github.io/ron-english-sketches-and-drawings/images/Sketches/Snails/Pony%20Snail%20ORIGINAL.jpg | https://ronenglish-archive.github.io/ron-english-sketches-and-drawings/images/Sketches/Snails/Pony%20Snail%20COLOR.jpg","snails|pony snail","YES - grouped by filename"
"Pony Snail B&W","Snails","","Snails","1","Pony Snail B&W.jpg","https://ronenglish-archive.github.io/ron-english-sketches-and-drawings/images/Sketches/Snails/Pony%20Snail%20B%26W.jpg","=IF(""https://ronenglish-archive.github.io/ron-english-sketches-and-drawings/images/Sketches/Snails/Pony%20Snail%20B%26W.jpg""="""","""",IMAGE(""https://ronenglish-archive.github.io/ron-english-sketches-and-drawings/images/Sketches/Snails/Pony%20Snail%20B%26W.jpg"",1))","","","","","","","","","Pony Snail B&W.jpg","https://ronenglish-archive.github.io/ron-english-sketches-and-drawings/images/Sketches/Snails/Pony%20Snail%20B%26W.jpg","Pony Snail B&W.jpg","https://ronenglish-archive.github.io/ron-english-sketches-and-drawings/images/Sketches/Snails/Pony%20Snail%20B%26W.jpg","snails|pony snail b and w","LOW - single image"
"Snailien King","Snails","","Snails","1","Snailien King ORIGINAL.jpg","https://ronenglish-archive.github.io/ron-english-sketches-and-drawings/images/Sketches/Snails/Snailien%20King%20ORIGINAL.jpg","=IF(""https://ronenglish-archive.github.io/ron-english-sketches-and-drawings/images/Sketches/Snails/Snailien%20King%20ORIGINAL.jpg""="""","""",IMAGE(""https://ronenglish-archive.github.io/ron-english-sketches-and-drawings/images/Sketches/Snails/Snailien%20King%20ORIGINAL.jpg"",1))","Snailien King ORIGINAL.jpg","https://ronenglish-archive.github.io/ron-english-sketches-and-drawings/images/Sketches/Snails/Snailien%20King%20ORIGINAL.jpg","","","","","","","","","Snailien King ORIGINAL.jpg","https://ronenglish-archive.github.io/ron-english-sketches-and-drawings/images/Sketches/Snails/Snailien%20King%20ORIGINAL.jpg","snails|snailien king","LOW - single image"
"Snailien King 1","Snails","","Snails","2","Snailien King ORIGINAL 1.jpg","https://ronenglish-archive.github.io/ron-english-sketches-and-drawings/images/Sketches/Snails/Snailien%20King%20ORIGINAL%201.jpg","=IF(""https://ronenglish-archive.github.io/ron-english-sketches-and-drawings/images/Sketches/Snails/Snailien%20King%20ORIGINAL%201.jpg""="""","""",IMAGE(""https://ronenglish-archive.github.io/ron-english-sketches-and-drawings/images/Sketches/Snails/Snailien%20King%20ORIGINAL%201.jpg"",1))","Snailien King ORIGINAL 1.jpg","https://ronenglish-archive.github.io/ron-english-sketches-and-drawings/images/Sketches/Snails/Snailien%20King%20ORIGINAL%201.jpg","","","","","Snailien King COLOR 1.png","https://ronenglish-archive.github.io/ron-english-sketches-and-drawings/images/Sketches/Snails/Snailien%20King%20COLOR%201.png","","","Snailien King ORIGINAL 1.jpg | Snailien King COLOR 1.png","https://ronenglish-archive.github.io/ron-english-sketches-and-drawings/images/Sketches/Snails/Snailien%20King%20ORIGINAL%201.jpg | https://ronenglish-archive.github.io/ron-english-sketches-and-drawings/images/Sketches/Snails/Snailien%20King%20COLOR%201.png","snails|snailien king 1","YES - grouped by filename"
"Snailien King 2","Snails","","Snails","1","Snailien King COLOR 2.jpg","https://ronenglish-archive.github.io/ron-english-sketches-and-drawings/images/Sketches/Snails/Snailien%20King%20COLOR%202.jpg","=IF(""https://ronenglish-archive.github.io/ron-english-sketches-and-drawings/images/Sketches/Snails/Snailien%20King%20COLOR%202.jpg""="""","""",IMAGE(""https://ronenglish-archive.github.io/ron-english-sketches-and-drawings/images/Sketches/Snails/Snailien%20King%20COLOR%202.jpg"",1))","","","","","","","Snailien King COLOR 2.jpg","https://ronenglish-archive.github.io/ron-english-sketches-and-drawings/images/Sketches/Snails/Snailien%20King%20COLOR%202.jpg","","","Snailien King COLOR 2.jpg","https://ronenglish-archive.github.io/ron-english-sketches-and-drawings/images/Sketches/Snails/Snailien%20King%20COLOR%202.jpg","snails|snailien king 2","LOW - single image"
"Snailien King 3","Snails","","Snails","1","Snailien King COLOR 3.png","https://ronenglish-archive.github.io/ron-english-sketches-and-drawings/images/Sketches/Snails/Snailien%20King%20COLOR%203.png","=IF(""https://ronenglish-archive.github.io/ron-english-sketches-and-drawings/images/Sketches/Snails/Snailien%20King%20COLOR%203.png""="""","""",IMAGE(""https://ronenglish-archive.github.io/ron-english-sketches-and-drawings/images/Sketches/Snails/Snailien%20King%20COLOR%203.png"",1))","","","","","","","Snailien King COLOR 3.png","https://ronenglish-archive.github.io/ron-english-sketches-and-drawings/images/Sketches/Snails/Snailien%20King%20COLOR%203.png","","","Snailien King COLOR 3.png","https://ronenglish-archive.github.io/ron-english-sketches-and-drawings/images/Sketches/Snails/Snailien%20King%20COLOR%203.png","snails|snailien king 3","LOW - single image"
"Snailmobile","Snails","","Snails","1","Snailmobile COLOR.jpg","https://ronenglish-archive.github.io/ron-english-sketches-and-drawings/images/Sketches/Snails/Snailmobile%20COLOR.jpg","=IF(""https://ronenglish-archive.github.io/ron-english-sketches-and-drawings/images/Sketches/Snails/Snailmobile%20COLOR.jpg""="""","""",IMAGE(""https://ronenglish-archive.github.io/ron-english-sketches-and-drawings/images/Sketches/Snails/Snailmobile%20COLOR.jpg"",1))","","","","","","","Snailmobile COLOR.jpg","https://ronenglish-archive.github.io/ron-english-sketches-and-drawings/images/Sketches/Snails/Snailmobile%20COLOR.jpg","","","Snailmobile COLOR.jpg","https://ronenglish-archive.github.io/ron-english-sketches-and-drawings/images/Sketches/Snails/Snailmobile%20COLOR.jpg","snails|snailmobile","LOW - single image"
"Snailmobile B&W","Snails","","Snails","1","Snailmobile B&W.png","https://ronenglish-archive.github.io/ron-english-sketches-and-drawings/images/Sketches/Snails/Snailmobile%20B%26W.png","=IF(""https://ronenglish-archive.github.io/ron-english-sketches-and-drawings/images/Sketches/Snails/Snailmobile%20B%26W.png""="""","""",IMAGE(""https://ronenglish-archive.github.io/ron-english-sketches-and-drawings/images/Sketches/Snails/Snailmobile%20B%26W.png"",1))","","","","","","","","","Snailmobile B&W.png","https://ronenglish-archive.github.io/ron-english-sketches-and-drawings/images/Sketches/Snails/Snailmobile%20B%26W.png","Snailmobile B&W.png","https://ronenglish-archive.github.io/ron-english-sketches-and-drawings/images/Sketches/Snails/Snailmobile%20B%26W.png","snails|snailmobile b and w","LOW - single image"
"Snails Family Icon","Snails","","Snails","1","Snails Family Icon COLOR.jpg","https://ronenglish-archive.github.io/ron-english-sketches-and-drawings/images/Sketches/Snails/Snails%20Family%20Icon%20COLOR.jpg","=IF(""https://ronenglish-archive.github.io/ron-english-sketches-and-drawings/images/Sketches/Snails/Snails%20Family%20Icon%20COLOR.jpg""="""","""",IMAGE(""https://ronenglish-archive.github.io/ron-english-sketches-and-drawings/images/Sketches/Snails/Snails%20Family%20Icon%20COLOR.jpg"",1))","","","","","","","Snails Family Icon COLOR.jpg","https://ronenglish-archive.github.io/ron-english-sketches-and-drawings/images/Sketches/Snails/Snails%20Family%20Icon%20COLOR.jpg","","","Snails Family Icon COLOR.jpg","https://ronenglish-archive.github.io/ron-english-sketches-and-drawings/images/Sketches/Snails/Snails%20Family%20Icon%20COLOR.jpg","snails|snails family icon","LOW - single image"
