"FileName","FullPath","RelativePathFromRepo","RelativePathFromSketchesImages","FolderRelativeToSketchesImages","CategoryGuess","SubcategoryGuess","Extension","SizeBytes","LastWriteTime","ImageKindGuess","WorkNameGuess","GroupKey","PublicImageURL","GoogleSheetsImageFormula","Width","Height","DimensionStatus"
"aliens-hero.jpg","D:\github\ron-english-sketches-and-drawings\images\Sketches\aliens-hero.jpg","images\Sketches\aliens-hero.jpg","aliens-hero.jpg","","(root)","",".jpg","232973","5/6/2026 6:18:35 AM","Main or unclassified","aliens hero","|aliens hero","https://ronenglish-archive.github.io/ron-english-sketches-and-drawings/images/Sketches/aliens-hero.jpg","=IF(""https://ronenglish-archive.github.io/ron-english-sketches-and-drawings/images/Sketches/aliens-hero.jpg""="""","""",IMAGE(""https://ronenglish-archive.github.io/ron-english-sketches-and-drawings/images/Sketches/aliens-hero.jpg"",1))","","","Not read"
"amphibians-hero.jpg","D:\github\ron-english-sketches-and-drawings\images\Sketches\amphibians-hero.jpg","images\Sketches\amphibians-hero.jpg","amphibians-hero.jpg","","(root)","",".jpg","154713","5/6/2026 6:18:37 AM","Main or unclassified","amphibians hero","|amphibians hero","https://ronenglish-archive.github.io/ron-english-sketches-and-drawings/images/Sketches/amphibians-hero.jpg","=IF(""https://ronenglish-archive.github.io/ron-english-sketches-and-drawings/images/Sketches/amphibians-hero.jpg""="""","""",IMAGE(""https://ronenglish-archive.github.io/ron-english-sketches-and-drawings/images/Sketches/amphibians-hero.jpg"",1))","","","Not read"
"animation-sketches-hero.jpg","D:\github\ron-english-sketches-and-drawings\images\Sketches\animation-sketches-hero.jpg","images\Sketches\animation-sketches-hero.jpg","animation-sketches-hero.jpg","","(root)","",".jpg","140732","5/6/2026 6:18:37 AM","Main or unclassified","animation sketches hero","|animation sketches hero","https://ronenglish-archive.github.io/ron-english-sketches-and-drawings/images/Sketches/animation-sketches-hero.jpg","=IF(""https://ronenglish-archive.github.io/ron-english-sketches-and-drawings/images/Sketches/animation-sketches-hero.jpg""="""","""",IMAGE(""https://ronenglish-archive.github.io/ron-english-sketches-and-drawings/images/Sketches/animation-sketches-hero.jpg"",1))","","","Not read"
"aquatic-dwellers-hero.jpg","D:\github\ron-english-sketches-and-drawings\images\Sketches\aquatic-dwellers-hero.jpg","images\Sketches\aquatic-dwellers-hero.jpg","aquatic-dwellers-hero.jpg","","(root)","",".jpg","148028","5/6/2026 6:18:37 AM","Main or unclassified","aquatic dwellers hero","|aquatic dwellers hero","https://ronenglish-archive.github.io/ron-english-sketches-and-drawings/images/Sketches/aquatic-dwellers-hero.jpg","=IF(""https://ronenglish-archive.github.io/ron-english-sketches-and-drawings/images/Sketches/aquatic-dwellers-hero.jpg""="""","""",IMAGE(""https://ronenglish-archive.github.io/ron-english-sketches-and-drawings/images/Sketches/aquatic-dwellers-hero.jpg"",1))","","","Not read"
"avians-hero.jpg","D:\github\ron-english-sketches-and-drawings\images\Sketches\avians-hero.jpg","images\Sketches\avians-hero.jpg","avians-hero.jpg","","(root)","",".jpg","180716","5/6/2026 6:18:37 AM","Main or unclassified","avians hero","|avians hero","https://ronenglish-archive.github.io/ron-english-sketches-and-drawings/images/Sketches/avians-hero.jpg","=IF(""https://ronenglish-archive.github.io/ron-english-sketches-and-drawings/images/Sketches/avians-hero.jpg""="""","""",IMAGE(""https://ronenglish-archive.github.io/ron-english-sketches-and-drawings/images/Sketches/avians-hero.jpg"",1))","","","Not read"
"bears-hero.jpg","D:\github\ron-english-sketches-and-drawings\images\Sketches\bears-hero.jpg","images\Sketches\bears-hero.jpg","bears-hero.jpg","","(root)","",".jpg","154889","5/6/2026 6:18:37 AM","Main or unclassified","bears hero","|bears hero","https://ronenglish-archive.github.io/ron-english-sketches-and-drawings/images/Sketches/bears-hero.jpg","=IF(""https://ronenglish-archive.github.io/ron-english-sketches-and-drawings/images/Sketches/bears-hero.jpg""="""","""",IMAGE(""https://ronenglish-archive.github.io/ron-english-sketches-and-drawings/images/Sketches/bears-hero.jpg"",1))","","","Not read"
"bigfoot-hero.jpg","D:\github\ron-english-sketches-and-drawings\images\Sketches\bigfoot-hero.jpg","images\Sketches\bigfoot-hero.jpg","bigfoot-hero.jpg","","(root)","",".jpg","188771","5/6/2026 6:18:37 AM","Main or unclassified","bigfoot hero","|bigfoot hero","https://ronenglish-archive.github.io/ron-english-sketches-and-drawings/images/Sketches/bigfoot-hero.jpg","=IF(""https://ronenglish-archive.github.io/ron-english-sketches-and-drawings/images/Sketches/bigfoot-hero.jpg""="""","""",IMAGE(""https://ronenglish-archive.github.io/ron-english-sketches-and-drawings/images/Sketches/bigfoot-hero.jpg"",1))","","","Not read"
"birdy card 1.jpg","D:\github\ron-english-sketches-and-drawings\images\Sketches\birdy card 1.jpg","images\Sketches\birdy card 1.jpg","birdy card 1.jpg","","(root)","",".jpg","229158","5/6/2026 6:18:37 AM","Main or unclassified","birdy card 1","|birdy card 1","https://ronenglish-archive.github.io/ron-english-sketches-and-drawings/images/Sketches/birdy%20card%201.jpg","=IF(""https://ronenglish-archive.github.io/ron-english-sketches-and-drawings/images/Sketches/birdy%20card%201.jpg""="""","""",IMAGE(""https://ronenglish-archive.github.io/ron-english-sketches-and-drawings/images/Sketches/birdy%20card%201.jpg"",1))","","","Not read"
"birdy card 2.jpg","D:\github\ron-english-sketches-and-drawings\images\Sketches\birdy card 2.jpg","images\Sketches\birdy card 2.jpg","birdy card 2.jpg","","(root)","",".jpg","235005","5/6/2026 6:18:37 AM","Main or unclassified","birdy card 2","|birdy card 2","https://ronenglish-archive.github.io/ron-english-sketches-and-drawings/images/Sketches/birdy%20card%202.jpg","=IF(""https://ronenglish-archive.github.io/ron-english-sketches-and-drawings/images/Sketches/birdy%20card%202.jpg""="""","""",IMAGE(""https://ronenglish-archive.github.io/ron-english-sketches-and-drawings/images/Sketches/birdy%20card%202.jpg"",1))","","","Not read"
"body-parts-hero.jpg","D:\github\ron-english-sketches-and-drawings\images\Sketches\body-parts-hero.jpg","images\Sketches\body-parts-hero.jpg","body-parts-hero.jpg","","(root)","",".jpg","131273","5/6/2026 6:18:37 AM","Main or unclassified","body parts hero","|body parts hero","https://ronenglish-archive.github.io/ron-english-sketches-and-drawings/images/Sketches/body-parts-hero.jpg","=IF(""https://ronenglish-archive.github.io/ron-english-sketches-and-drawings/images/Sketches/body-parts-hero.jpg""="""","""",IMAGE(""https://ronenglish-archive.github.io/ron-english-sketches-and-drawings/images/Sketches/body-parts-hero.jpg"",1))","","","Not read"
"brains-hero.jpg","D:\github\ron-english-sketches-and-drawings\images\Sketches\brains-hero.jpg","images\Sketches\brains-hero.jpg","brains-hero.jpg","","(root)","",".jpg","257542","5/6/2026 6:18:37 AM","Main or unclassified","brains hero","|brains hero","https://ronenglish-archive.github.io/ron-english-sketches-and-drawings/images/Sketches/brains-hero.jpg","=IF(""https://ronenglish-archive.github.io/ron-english-sketches-and-drawings/images/Sketches/brains-hero.jpg""="""","""",IMAGE(""https://ronenglish-archive.github.io/ron-english-sketches-and-drawings/images/Sketches/brains-hero.jpg"",1))","","","Not read"
"buzzards-hero.jpg","D:\github\ron-english-sketches-and-drawings\images\Sketches\buzzards-hero.jpg","images\Sketches\buzzards-hero.jpg","buzzards-hero.jpg","","(root)","",".jpg","159369","5/6/2026 6:18:37 AM","Main or unclassified","buzzards hero","|buzzards hero","https://ronenglish-archive.github.io/ron-english-sketches-and-drawings/images/Sketches/buzzards-hero.jpg","=IF(""https://ronenglish-archive.github.io/ron-english-sketches-and-drawings/images/Sketches/buzzards-hero.jpg""="""","""",IMAGE(""https://ronenglish-archive.github.io/ron-english-sketches-and-drawings/images/Sketches/buzzards-hero.jpg"",1))","","","Not read"
"canines-and-felines-hero.jpg","D:\github\ron-english-sketches-and-drawings\images\Sketches\canines-and-felines-hero.jpg","images\Sketches\canines-and-felines-hero.jpg","canines-and-felines-hero.jpg","","(root)","",".jpg","210426","5/6/2026 6:18:37 AM","Main or unclassified","canines and felines hero","|canines and felines hero","https://ronenglish-archive.github.io/ron-english-sketches-and-drawings/images/Sketches/canines-and-felines-hero.jpg","=IF(""https://ronenglish-archive.github.io/ron-english-sketches-and-drawings/images/Sketches/canines-and-felines-hero.jpg""="""","""",IMAGE(""https://ronenglish-archive.github.io/ron-english-sketches-and-drawings/images/Sketches/canines-and-felines-hero.jpg"",1))","","","Not read"
"celebrity-characters-hero.jpg","D:\github\ron-english-sketches-and-drawings\images\Sketches\celebrity-characters-hero.jpg","images\Sketches\celebrity-characters-hero.jpg","celebrity-characters-hero.jpg","","(root)","",".jpg","153487","5/6/2026 6:18:37 AM","Main or unclassified","celebrity characters hero","|celebrity characters hero","https://ronenglish-archive.github.io/ron-english-sketches-and-drawings/images/Sketches/celebrity-characters-hero.jpg","=IF(""https://ronenglish-archive.github.io/ron-english-sketches-and-drawings/images/Sketches/celebrity-characters-hero.jpg""="""","""",IMAGE(""https://ronenglish-archive.github.io/ron-english-sketches-and-drawings/images/Sketches/celebrity-characters-hero.jpg"",1))","","","Not read"
"cereal-killer-hero.jpg","D:\github\ron-english-sketches-and-drawings\images\Sketches\cereal-killer-hero.jpg","images\Sketches\cereal-killer-hero.jpg","cereal-killer-hero.jpg","","(root)","",".jpg","207232","5/6/2026 6:18:37 AM","Main or unclassified","cereal killer hero","|cereal killer hero","https://ronenglish-archive.github.io/ron-english-sketches-and-drawings/images/Sketches/cereal-killer-hero.jpg","=IF(""https://ronenglish-archive.github.io/ron-english-sketches-and-drawings/images/Sketches/cereal-killer-hero.jpg""="""","""",IMAGE(""https://ronenglish-archive.github.io/ron-english-sketches-and-drawings/images/Sketches/cereal-killer-hero.jpg"",1))","","","Not read"
"character-balls-hero.jpg","D:\github\ron-english-sketches-and-drawings\images\Sketches\character-balls-hero.jpg","images\Sketches\character-balls-hero.jpg","character-balls-hero.jpg","","(root)","",".jpg","155175","5/6/2026 6:18:37 AM","Main or unclassified","character balls hero","|character balls hero","https://ronenglish-archive.github.io/ron-english-sketches-and-drawings/images/Sketches/character-balls-hero.jpg","=IF(""https://ronenglish-archive.github.io/ron-english-sketches-and-drawings/images/Sketches/character-balls-hero.jpg""="""","""",IMAGE(""https://ronenglish-archive.github.io/ron-english-sketches-and-drawings/images/Sketches/character-balls-hero.jpg"",1))","","","Not read"
"combrats-hero.jpg","D:\github\ron-english-sketches-and-drawings\images\Sketches\combrats-hero.jpg","images\Sketches\combrats-hero.jpg","combrats-hero.jpg","","(root)","",".jpg","163438","5/6/2026 6:18:37 AM","Main or unclassified","combrats hero","|combrats hero","https://ronenglish-archive.github.io/ron-english-sketches-and-drawings/images/Sketches/combrats-hero.jpg","=IF(""https://ronenglish-archive.github.io/ron-english-sketches-and-drawings/images/Sketches/combrats-hero.jpg""="""","""",IMAGE(""https://ronenglish-archive.github.io/ron-english-sketches-and-drawings/images/Sketches/combrats-hero.jpg"",1))","","","Not read"
"flowers-hero.jpg","D:\github\ron-english-sketches-and-drawings\images\Sketches\flowers-hero.jpg","images\Sketches\flowers-hero.jpg","flowers-hero.jpg","","(root)","",".jpg","188237","5/6/2026 6:18:37 AM","Main or unclassified","flowers hero","|flowers hero","https://ronenglish-archive.github.io/ron-english-sketches-and-drawings/images/Sketches/flowers-hero.jpg","=IF(""https://ronenglish-archive.github.io/ron-english-sketches-and-drawings/images/Sketches/flowers-hero.jpg""="""","""",IMAGE(""https://ronenglish-archive.github.io/ron-english-sketches-and-drawings/images/Sketches/flowers-hero.jpg"",1))","","","Not read"
"frog-hero.jpg","D:\github\ron-english-sketches-and-drawings\images\Sketches\frog-hero.jpg","images\Sketches\frog-hero.jpg","frog-hero.jpg","","(root)","",".jpg","192919","5/6/2026 6:18:37 AM","Main or unclassified","frog hero","|frog hero","https://ronenglish-archive.github.io/ron-english-sketches-and-drawings/images/Sketches/frog-hero.jpg","=IF(""https://ronenglish-archive.github.io/ron-english-sketches-and-drawings/images/Sketches/frog-hero.jpg""="""","""",IMAGE(""https://ronenglish-archive.github.io/ron-english-sketches-and-drawings/images/Sketches/frog-hero.jpg"",1))","","","Not read"
"grinnies-hero.jpg","D:\github\ron-english-sketches-and-drawings\images\Sketches\grinnies-hero.jpg","images\Sketches\grinnies-hero.jpg","grinnies-hero.jpg","","(root)","",".jpg","139294","5/6/2026 6:18:37 AM","Main or unclassified","grinnies hero","|grinnies hero","https://ronenglish-archive.github.io/ron-english-sketches-and-drawings/images/Sketches/grinnies-hero.jpg","=IF(""https://ronenglish-archive.github.io/ron-english-sketches-and-drawings/images/Sketches/grinnies-hero.jpg""="""","""",IMAGE(""https://ronenglish-archive.github.io/ron-english-sketches-and-drawings/images/Sketches/grinnies-hero.jpg"",1))","","","Not read"
"Bee Plug B&W.jpg","D:\github\ron-english-sketches-and-drawings\images\Sketches\Insects\Bee Plug B&W.jpg","images\Sketches\Insects\Bee Plug B&W.jpg","Insects\Bee Plug B&W.jpg","Insects","Insects","",".jpg","131930","5/9/2026 8:10:19 AM","Main or unclassified","Bee Plug B&W","insects|bee plug b and w","https://ronenglish-archive.github.io/ron-english-sketches-and-drawings/images/Sketches/Insects/Bee%20Plug%20B%26W.jpg","=IF(""https://ronenglish-archive.github.io/ron-english-sketches-and-drawings/images/Sketches/Insects/Bee%20Plug%20B%26W.jpg""="""","""",IMAGE(""https://ronenglish-archive.github.io/ron-english-sketches-and-drawings/images/Sketches/Insects/Bee%20Plug%20B%26W.jpg"",1))","","","Not read"
"Bee Plug COLOR.jpg","D:\github\ron-english-sketches-and-drawings\images\Sketches\Insects\Bee Plug COLOR.jpg","images\Sketches\Insects\Bee Plug COLOR.jpg","Insects\Bee Plug COLOR.jpg","Insects","Insects","",".jpg","146280","5/9/2026 8:10:20 AM","Color","Bee Plug","insects|bee plug","https://ronenglish-archive.github.io/ron-english-sketches-and-drawings/images/Sketches/Insects/Bee%20Plug%20COLOR.jpg","=IF(""https://ronenglish-archive.github.io/ron-english-sketches-and-drawings/images/Sketches/Insects/Bee%20Plug%20COLOR.jpg""="""","""",IMAGE(""https://ronenglish-archive.github.io/ron-english-sketches-and-drawings/images/Sketches/Insects/Bee%20Plug%20COLOR.jpg"",1))","","","Not read"
"Bee Plug ORIGINAL.jpg","D:\github\ron-english-sketches-and-drawings\images\Sketches\Insects\Bee Plug ORIGINAL.jpg","images\Sketches\Insects\Bee Plug ORIGINAL.jpg","Insects\Bee Plug ORIGINAL.jpg","Insects","Insects","",".jpg","177920","5/9/2026 8:10:20 AM","Original","Bee Plug","insects|bee plug","https://ronenglish-archive.github.io/ron-english-sketches-and-drawings/images/Sketches/Insects/Bee%20Plug%20ORIGINAL.jpg","=IF(""https://ronenglish-archive.github.io/ron-english-sketches-and-drawings/images/Sketches/Insects/Bee%20Plug%20ORIGINAL.jpg""="""","""",IMAGE(""https://ronenglish-archive.github.io/ron-english-sketches-and-drawings/images/Sketches/Insects/Bee%20Plug%20ORIGINAL.jpg"",1))","","","Not read"
"Stinging Bee B&W.jpg","D:\github\ron-english-sketches-and-drawings\images\Sketches\Insects\Stinging Bee B&W.jpg","images\Sketches\Insects\Stinging Bee B&W.jpg","Insects\Stinging Bee B&W.jpg","Insects","Insects","",".jpg","131695","5/9/2026 8:10:21 AM","Main or unclassified","Stinging Bee B&W","insects|stinging bee b and w","https://ronenglish-archive.github.io/ron-english-sketches-and-drawings/images/Sketches/Insects/Stinging%20Bee%20B%26W.jpg","=IF(""https://ronenglish-archive.github.io/ron-english-sketches-and-drawings/images/Sketches/Insects/Stinging%20Bee%20B%26W.jpg""="""","""",IMAGE(""https://ronenglish-archive.github.io/ron-english-sketches-and-drawings/images/Sketches/Insects/Stinging%20Bee%20B%26W.jpg"",1))","","","Not read"
"Stinging Bee B&W2.jpg","D:\github\ron-english-sketches-and-drawings\images\Sketches\Insects\Stinging Bee B&W2.jpg","images\Sketches\Insects\Stinging Bee B&W2.jpg","Insects\Stinging Bee B&W2.jpg","Insects","Insects","",".jpg","140370","5/9/2026 8:10:22 AM","Main or unclassified","Stinging Bee B&W2","insects|stinging bee b and w2","https://ronenglish-archive.github.io/ron-english-sketches-and-drawings/images/Sketches/Insects/Stinging%20Bee%20B%26W2.jpg","=IF(""https://ronenglish-archive.github.io/ron-english-sketches-and-drawings/images/Sketches/Insects/Stinging%20Bee%20B%26W2.jpg""="""","""",IMAGE(""https://ronenglish-archive.github.io/ron-english-sketches-and-drawings/images/Sketches/Insects/Stinging%20Bee%20B%26W2.jpg"",1))","","","Not read"
"Stinging Bee COLOR.jpg","D:\github\ron-english-sketches-and-drawings\images\Sketches\Insects\Stinging Bee COLOR.jpg","images\Sketches\Insects\Stinging Bee COLOR.jpg","Insects\Stinging Bee COLOR.jpg","Insects","Insects","",".jpg","133616","5/9/2026 8:10:23 AM","Color","Stinging Bee","insects|stinging bee","https://ronenglish-archive.github.io/ron-english-sketches-and-drawings/images/Sketches/Insects/Stinging%20Bee%20COLOR.jpg","=IF(""https://ronenglish-archive.github.io/ron-english-sketches-and-drawings/images/Sketches/Insects/Stinging%20Bee%20COLOR.jpg""="""","""",IMAGE(""https://ronenglish-archive.github.io/ron-english-sketches-and-drawings/images/Sketches/Insects/Stinging%20Bee%20COLOR.jpg"",1))","","","Not read"
"Stinging Bee ORIGINAL.jpg","D:\github\ron-english-sketches-and-drawings\images\Sketches\Insects\Stinging Bee ORIGINAL.jpg","images\Sketches\Insects\Stinging Bee ORIGINAL.jpg","Insects\Stinging Bee ORIGINAL.jpg","Insects","Insects","",".jpg","213988","5/9/2026 8:10:23 AM","Original","Stinging Bee","insects|stinging bee","https://ronenglish-archive.github.io/ron-english-sketches-and-drawings/images/Sketches/Insects/Stinging%20Bee%20ORIGINAL.jpg","=IF(""https://ronenglish-archive.github.io/ron-english-sketches-and-drawings/images/Sketches/Insects/Stinging%20Bee%20ORIGINAL.jpg""="""","""",IMAGE(""https://ronenglish-archive.github.io/ron-english-sketches-and-drawings/images/Sketches/Insects/Stinging%20Bee%20ORIGINAL.jpg"",1))","","","Not read"
"insects-hero.jpg","D:\github\ron-english-sketches-and-drawings\images\Sketches\insects-hero.jpg","images\Sketches\insects-hero.jpg","insects-hero.jpg","","(root)","",".jpg","122467","5/6/2026 6:18:37 AM","Main or unclassified","insects hero","|insects hero","https://ronenglish-archive.github.io/ron-english-sketches-and-drawings/images/Sketches/insects-hero.jpg","=IF(""https://ronenglish-archive.github.io/ron-english-sketches-and-drawings/images/Sketches/insects-hero.jpg""="""","""",IMAGE(""https://ronenglish-archive.github.io/ron-english-sketches-and-drawings/images/Sketches/insects-hero.jpg"",1))","","","Not read"
"kaijus-hero.jpg","D:\github\ron-english-sketches-and-drawings\images\Sketches\kaijus-hero.jpg","images\Sketches\kaijus-hero.jpg","kaijus-hero.jpg","","(root)","",".jpg","122805","5/6/2026 6:18:37 AM","Main or unclassified","kaijus hero","|kaijus hero","https://ronenglish-archive.github.io/ron-english-sketches-and-drawings/images/Sketches/kaijus-hero.jpg","=IF(""https://ronenglish-archive.github.io/ron-english-sketches-and-drawings/images/Sketches/kaijus-hero.jpg""="""","""",IMAGE(""https://ronenglish-archive.github.io/ron-english-sketches-and-drawings/images/Sketches/kaijus-hero.jpg"",1))","","","Not read"
"kursed-hero.jpg","D:\github\ron-english-sketches-and-drawings\images\Sketches\kursed-hero.jpg","images\Sketches\kursed-hero.jpg","kursed-hero.jpg","","(root)","",".jpg","187932","5/6/2026 6:18:37 AM","Main or unclassified","kursed hero","|kursed hero","https://ronenglish-archive.github.io/ron-english-sketches-and-drawings/images/Sketches/kursed-hero.jpg","=IF(""https://ronenglish-archive.github.io/ron-english-sketches-and-drawings/images/Sketches/kursed-hero.jpg""="""","""",IMAGE(""https://ronenglish-archive.github.io/ron-english-sketches-and-drawings/images/Sketches/kursed-hero.jpg"",1))","","","Not read"
"light-cult-hero.jpg","D:\github\ron-english-sketches-and-drawings\images\Sketches\light-cult-hero.jpg","images\Sketches\light-cult-hero.jpg","light-cult-hero.jpg","","(root)","",".jpg","143182","5/6/2026 6:18:37 AM","Main or unclassified","light cult hero","|light cult hero","https://ronenglish-archive.github.io/ron-english-sketches-and-drawings/images/Sketches/light-cult-hero.jpg","=IF(""https://ronenglish-archive.github.io/ron-english-sketches-and-drawings/images/Sketches/light-cult-hero.jpg""="""","""",IMAGE(""https://ronenglish-archive.github.io/ron-english-sketches-and-drawings/images/Sketches/light-cult-hero.jpg"",1))","","","Not read"
"monkeys-hero.jpg","D:\github\ron-english-sketches-and-drawings\images\Sketches\monkeys-hero.jpg","images\Sketches\monkeys-hero.jpg","monkeys-hero.jpg","","(root)","",".jpg","129391","5/6/2026 6:18:37 AM","Main or unclassified","monkeys hero","|monkeys hero","https://ronenglish-archive.github.io/ron-english-sketches-and-drawings/images/Sketches/monkeys-hero.jpg","=IF(""https://ronenglish-archive.github.io/ron-english-sketches-and-drawings/images/Sketches/monkeys-hero.jpg""="""","""",IMAGE(""https://ronenglish-archive.github.io/ron-english-sketches-and-drawings/images/Sketches/monkeys-hero.jpg"",1))","","","Not read"
"mythical-beings-hero.jpg","D:\github\ron-english-sketches-and-drawings\images\Sketches\mythical-beings-hero.jpg","images\Sketches\mythical-beings-hero.jpg","mythical-beings-hero.jpg","","(root)","",".jpg","126634","5/6/2026 6:18:37 AM","Main or unclassified","mythical beings hero","|mythical beings hero","https://ronenglish-archive.github.io/ron-english-sketches-and-drawings/images/Sketches/mythical-beings-hero.jpg","=IF(""https://ronenglish-archive.github.io/ron-english-sketches-and-drawings/images/Sketches/mythical-beings-hero.jpg""="""","""",IMAGE(""https://ronenglish-archive.github.io/ron-english-sketches-and-drawings/images/Sketches/mythical-beings-hero.jpg"",1))","","","Not read"
"objects-hero.jpg","D:\github\ron-english-sketches-and-drawings\images\Sketches\objects-hero.jpg","images\Sketches\objects-hero.jpg","objects-hero.jpg","","(root)","",".jpg","115007","5/6/2026 6:18:37 AM","Main or unclassified","objects hero","|objects hero","https://ronenglish-archive.github.io/ron-english-sketches-and-drawings/images/Sketches/objects-hero.jpg","=IF(""https://ronenglish-archive.github.io/ron-english-sketches-and-drawings/images/Sketches/objects-hero.jpg""="""","""",IMAGE(""https://ronenglish-archive.github.io/ron-english-sketches-and-drawings/images/Sketches/objects-hero.jpg"",1))","","","Not read"
"pigs.jpg","D:\github\ron-english-sketches-and-drawings\images\Sketches\pigs.jpg","images\Sketches\pigs.jpg","pigs.jpg","","(root)","",".jpg","128389","5/6/2026 6:18:37 AM","Main or unclassified","pigs","|pigs","https://ronenglish-archive.github.io/ron-english-sketches-and-drawings/images/Sketches/pigs.jpg","=IF(""https://ronenglish-archive.github.io/ron-english-sketches-and-drawings/images/Sketches/pigs.jpg""="""","""",IMAGE(""https://ronenglish-archive.github.io/ron-english-sketches-and-drawings/images/Sketches/pigs.jpg"",1))","","","Not read"
"reptiles-hero.jpg","D:\github\ron-english-sketches-and-drawings\images\Sketches\reptiles-hero.jpg","images\Sketches\reptiles-hero.jpg","reptiles-hero.jpg","","(root)","",".jpg","110741","5/6/2026 6:18:37 AM","Main or unclassified","reptiles hero","|reptiles hero","https://ronenglish-archive.github.io/ron-english-sketches-and-drawings/images/Sketches/reptiles-hero.jpg","=IF(""https://ronenglish-archive.github.io/ron-english-sketches-and-drawings/images/Sketches/reptiles-hero.jpg""="""","""",IMAGE(""https://ronenglish-archive.github.io/ron-english-sketches-and-drawings/images/Sketches/reptiles-hero.jpg"",1))","","","Not read"
"salamanders-hero.jpg","D:\github\ron-english-sketches-and-drawings\images\Sketches\salamanders-hero.jpg","images\Sketches\salamanders-hero.jpg","salamanders-hero.jpg","","(root)","",".jpg","170198","5/6/2026 6:18:37 AM","Main or unclassified","salamanders hero","|salamanders hero","https://ronenglish-archive.github.io/ron-english-sketches-and-drawings/images/Sketches/salamanders-hero.jpg","=IF(""https://ronenglish-archive.github.io/ron-english-sketches-and-drawings/images/Sketches/salamanders-hero.jpg""="""","""",IMAGE(""https://ronenglish-archive.github.io/ron-english-sketches-and-drawings/images/Sketches/salamanders-hero.jpg"",1))","","","Not read"
"skeletons-hero.jpg","D:\github\ron-english-sketches-and-drawings\images\Sketches\skeletons-hero.jpg","images\Sketches\skeletons-hero.jpg","skeletons-hero.jpg","","(root)","",".jpg","162332","5/6/2026 6:18:37 AM","Main or unclassified","skeletons hero","|skeletons hero","https://ronenglish-archive.github.io/ron-english-sketches-and-drawings/images/Sketches/skeletons-hero.jpg","=IF(""https://ronenglish-archive.github.io/ron-english-sketches-and-drawings/images/Sketches/skeletons-hero.jpg""="""","""",IMAGE(""https://ronenglish-archive.github.io/ron-english-sketches-and-drawings/images/Sketches/skeletons-hero.jpg"",1))","","","Not read"
"sketches-hero.jpg","D:\github\ron-english-sketches-and-drawings\images\Sketches\sketches-hero.jpg","images\Sketches\sketches-hero.jpg","sketches-hero.jpg","","(root)","",".jpg","186934","5/6/2026 6:18:37 AM","Main or unclassified","sketches hero","|sketches hero","https://ronenglish-archive.github.io/ron-english-sketches-and-drawings/images/Sketches/sketches-hero.jpg","=IF(""https://ronenglish-archive.github.io/ron-english-sketches-and-drawings/images/Sketches/sketches-hero.jpg""="""","""",IMAGE(""https://ronenglish-archive.github.io/ron-english-sketches-and-drawings/images/Sketches/sketches-hero.jpg"",1))","","","Not read"
"small-mammals-hero.jpg","D:\github\ron-english-sketches-and-drawings\images\Sketches\small-mammals-hero.jpg","images\Sketches\small-mammals-hero.jpg","small-mammals-hero.jpg","","(root)","",".jpg","117820","5/6/2026 6:18:37 AM","Main or unclassified","small mammals hero","|small mammals hero","https://ronenglish-archive.github.io/ron-english-sketches-and-drawings/images/Sketches/small-mammals-hero.jpg","=IF(""https://ronenglish-archive.github.io/ron-english-sketches-and-drawings/images/Sketches/small-mammals-hero.jpg""="""","""",IMAGE(""https://ronenglish-archive.github.io/ron-english-sketches-and-drawings/images/Sketches/small-mammals-hero.jpg"",1))","","","Not read"
"Bobsnail B&W.png","D:\github\ron-english-sketches-and-drawings\images\Sketches\Snails\Bobsnail B&W.png","images\Sketches\Snails\Bobsnail B&W.png","Snails\Bobsnail B&W.png","Snails","Snails","",".png","91525","5/10/2026 6:59:55 AM","Main or unclassified","Bobsnail B&W","snails|bobsnail b and w","https://ronenglish-archive.github.io/ron-english-sketches-and-drawings/images/Sketches/Snails/Bobsnail%20B%26W.png","=IF(""https://ronenglish-archive.github.io/ron-english-sketches-and-drawings/images/Sketches/Snails/Bobsnail%20B%26W.png""="""","""",IMAGE(""https://ronenglish-archive.github.io/ron-english-sketches-and-drawings/images/Sketches/Snails/Bobsnail%20B%26W.png"",1))","","","Not read"
"Bobsnail COLOR.png","D:\github\ron-english-sketches-and-drawings\images\Sketches\Snails\Bobsnail COLOR.png","images\Sketches\Snails\Bobsnail COLOR.png","Snails\Bobsnail COLOR.png","Snails","Snails","",".png","775101","5/9/2026 8:07:45 AM","Color","Bobsnail","snails|bobsnail","https://ronenglish-archive.github.io/ron-english-sketches-and-drawings/images/Sketches/Snails/Bobsnail%20COLOR.png","=IF(""https://ronenglish-archive.github.io/ron-english-sketches-and-drawings/images/Sketches/Snails/Bobsnail%20COLOR.png""="""","""",IMAGE(""https://ronenglish-archive.github.io/ron-english-sketches-and-drawings/images/Sketches/Snails/Bobsnail%20COLOR.png"",1))","","","Not read"
"Bobsnail ORIGINAL.jpg","D:\github\ron-english-sketches-and-drawings\images\Sketches\Snails\Bobsnail ORIGINAL.jpg","images\Sketches\Snails\Bobsnail ORIGINAL.jpg","Snails\Bobsnail ORIGINAL.jpg","Snails","Snails","",".jpg","677909","5/9/2026 8:07:48 AM","Original","Bobsnail","snails|bobsnail","https://ronenglish-archive.github.io/ron-english-sketches-and-drawings/images/Sketches/Snails/Bobsnail%20ORIGINAL.jpg","=IF(""https://ronenglish-archive.github.io/ron-english-sketches-and-drawings/images/Sketches/Snails/Bobsnail%20ORIGINAL.jpg""="""","""",IMAGE(""https://ronenglish-archive.github.io/ron-english-sketches-and-drawings/images/Sketches/Snails/Bobsnail%20ORIGINAL.jpg"",1))","","","Not read"
"Cocksnail B&W.png","D:\github\ron-english-sketches-and-drawings\images\Sketches\Snails\Cocksnail B&W.png","images\Sketches\Snails\Cocksnail B&W.png","Snails\Cocksnail B&W.png","Snails","Snails","",".png","118918","5/10/2026 6:57:57 AM","Main or unclassified","Cocksnail B&W","snails|cocksnail b and w","https://ronenglish-archive.github.io/ron-english-sketches-and-drawings/images/Sketches/Snails/Cocksnail%20B%26W.png","=IF(""https://ronenglish-archive.github.io/ron-english-sketches-and-drawings/images/Sketches/Snails/Cocksnail%20B%26W.png""="""","""",IMAGE(""https://ronenglish-archive.github.io/ron-english-sketches-and-drawings/images/Sketches/Snails/Cocksnail%20B%26W.png"",1))","","","Not read"
"Cocksnail COLOR.png","D:\github\ron-english-sketches-and-drawings\images\Sketches\Snails\Cocksnail COLOR.png","images\Sketches\Snails\Cocksnail COLOR.png","Snails\Cocksnail COLOR.png","Snails","Snails","",".png","823886","5/9/2026 8:07:46 AM","Color","Cocksnail","snails|cocksnail","https://ronenglish-archive.github.io/ron-english-sketches-and-drawings/images/Sketches/Snails/Cocksnail%20COLOR.png","=IF(""https://ronenglish-archive.github.io/ron-english-sketches-and-drawings/images/Sketches/Snails/Cocksnail%20COLOR.png""="""","""",IMAGE(""https://ronenglish-archive.github.io/ron-english-sketches-and-drawings/images/Sketches/Snails/Cocksnail%20COLOR.png"",1))","","","Not read"
"Cocksnail ORIGINAL.jpg","D:\github\ron-english-sketches-and-drawings\images\Sketches\Snails\Cocksnail ORIGINAL.jpg","images\Sketches\Snails\Cocksnail ORIGINAL.jpg","Snails\Cocksnail ORIGINAL.jpg","Snails","Snails","",".jpg","618192","5/9/2026 8:07:49 AM","Original","Cocksnail","snails|cocksnail","https://ronenglish-archive.github.io/ron-english-sketches-and-drawings/images/Sketches/Snails/Cocksnail%20ORIGINAL.jpg","=IF(""https://ronenglish-archive.github.io/ron-english-sketches-and-drawings/images/Sketches/Snails/Cocksnail%20ORIGINAL.jpg""="""","""",IMAGE(""https://ronenglish-archive.github.io/ron-english-sketches-and-drawings/images/Sketches/Snails/Cocksnail%20ORIGINAL.jpg"",1))","","","Not read"
"Dale Snail B&W.png","D:\github\ron-english-sketches-and-drawings\images\Sketches\Snails\Dale Snail B&W.png","images\Sketches\Snails\Dale Snail B&W.png","Snails\Dale Snail B&W.png","Snails","Snails","",".png","86029","5/10/2026 6:59:32 AM","Main or unclassified","Dale Snail B&W","snails|dale snail b and w","https://ronenglish-archive.github.io/ron-english-sketches-and-drawings/images/Sketches/Snails/Dale%20Snail%20B%26W.png","=IF(""https://ronenglish-archive.github.io/ron-english-sketches-and-drawings/images/Sketches/Snails/Dale%20Snail%20B%26W.png""="""","""",IMAGE(""https://ronenglish-archive.github.io/ron-english-sketches-and-drawings/images/Sketches/Snails/Dale%20Snail%20B%26W.png"",1))","","","Not read"
"Dale Snail COLOR.jpg","D:\github\ron-english-sketches-and-drawings\images\Sketches\Snails\Dale Snail COLOR.jpg","images\Sketches\Snails\Dale Snail COLOR.jpg","Snails\Dale Snail COLOR.jpg","Snails","Snails","",".jpg","257105","5/10/2026 7:00:27 AM","Color","Dale Snail","snails|dale snail","https://ronenglish-archive.github.io/ron-english-sketches-and-drawings/images/Sketches/Snails/Dale%20Snail%20COLOR.jpg","=IF(""https://ronenglish-archive.github.io/ron-english-sketches-and-drawings/images/Sketches/Snails/Dale%20Snail%20COLOR.jpg""="""","""",IMAGE(""https://ronenglish-archive.github.io/ron-english-sketches-and-drawings/images/Sketches/Snails/Dale%20Snail%20COLOR.jpg"",1))","","","Not read"
"Dale Snail ORIGINAL.jpg","D:\github\ron-english-sketches-and-drawings\images\Sketches\Snails\Dale Snail ORIGINAL.jpg","images\Sketches\Snails\Dale Snail ORIGINAL.jpg","Snails\Dale Snail ORIGINAL.jpg","Snails","Snails","",".jpg","654362","5/9/2026 8:07:50 AM","Original","Dale Snail","snails|dale snail","https://ronenglish-archive.github.io/ron-english-sketches-and-drawings/images/Sketches/Snails/Dale%20Snail%20ORIGINAL.jpg","=IF(""https://ronenglish-archive.github.io/ron-english-sketches-and-drawings/images/Sketches/Snails/Dale%20Snail%20ORIGINAL.jpg""="""","""",IMAGE(""https://ronenglish-archive.github.io/ron-english-sketches-and-drawings/images/Sketches/Snails/Dale%20Snail%20ORIGINAL.jpg"",1))","","","Not read"
"Fairy Snail B&W.jpg","D:\github\ron-english-sketches-and-drawings\images\Sketches\Snails\Fairy Snail B&W.jpg","images\Sketches\Snails\Fairy Snail B&W.jpg","Snails\Fairy Snail B&W.jpg","Snails","Snails","",".jpg","341529","5/10/2026 7:00:58 AM","Main or unclassified","Fairy Snail B&W","snails|fairy snail b and w","https://ronenglish-archive.github.io/ron-english-sketches-and-drawings/images/Sketches/Snails/Fairy%20Snail%20B%26W.jpg","=IF(""https://ronenglish-archive.github.io/ron-english-sketches-and-drawings/images/Sketches/Snails/Fairy%20Snail%20B%26W.jpg""="""","""",IMAGE(""https://ronenglish-archive.github.io/ron-english-sketches-and-drawings/images/Sketches/Snails/Fairy%20Snail%20B%26W.jpg"",1))","","","Not read"
"Fairy Snail COLOR.jpg","D:\github\ron-english-sketches-and-drawings\images\Sketches\Snails\Fairy Snail COLOR.jpg","images\Sketches\Snails\Fairy Snail COLOR.jpg","Snails\Fairy Snail COLOR.jpg","Snails","Snails","",".jpg","384419","5/10/2026 7:00:10 AM","Color","Fairy Snail","snails|fairy snail","https://ronenglish-archive.github.io/ron-english-sketches-and-drawings/images/Sketches/Snails/Fairy%20Snail%20COLOR.jpg","=IF(""https://ronenglish-archive.github.io/ron-english-sketches-and-drawings/images/Sketches/Snails/Fairy%20Snail%20COLOR.jpg""="""","""",IMAGE(""https://ronenglish-archive.github.io/ron-english-sketches-and-drawings/images/Sketches/Snails/Fairy%20Snail%20COLOR.jpg"",1))","","","Not read"
"Pony Snail B&W.jpg","D:\github\ron-english-sketches-and-drawings\images\Sketches\Snails\Pony Snail B&W.jpg","images\Sketches\Snails\Pony Snail B&W.jpg","Snails\Pony Snail B&W.jpg","Snails","Snails","",".jpg","891439","5/10/2026 6:58:41 AM","Main or unclassified","Pony Snail B&W","snails|pony snail b and w","https://ronenglish-archive.github.io/ron-english-sketches-and-drawings/images/Sketches/Snails/Pony%20Snail%20B%26W.jpg","=IF(""https://ronenglish-archive.github.io/ron-english-sketches-and-drawings/images/Sketches/Snails/Pony%20Snail%20B%26W.jpg""="""","""",IMAGE(""https://ronenglish-archive.github.io/ron-english-sketches-and-drawings/images/Sketches/Snails/Pony%20Snail%20B%26W.jpg"",1))","","","Not read"
"Pony Snail COLOR.jpg","D:\github\ron-english-sketches-and-drawings\images\Sketches\Snails\Pony Snail COLOR.jpg","images\Sketches\Snails\Pony Snail COLOR.jpg","Snails\Pony Snail COLOR.jpg","Snails","Snails","",".jpg","119836","5/10/2026 7:01:20 AM","Color","Pony Snail","snails|pony snail","https://ronenglish-archive.github.io/ron-english-sketches-and-drawings/images/Sketches/Snails/Pony%20Snail%20COLOR.jpg","=IF(""https://ronenglish-archive.github.io/ron-english-sketches-and-drawings/images/Sketches/Snails/Pony%20Snail%20COLOR.jpg""="""","""",IMAGE(""https://ronenglish-archive.github.io/ron-english-sketches-and-drawings/images/Sketches/Snails/Pony%20Snail%20COLOR.jpg"",1))","","","Not read"
"Pony Snail ORIGINAL.jpg","D:\github\ron-english-sketches-and-drawings\images\Sketches\Snails\Pony Snail ORIGINAL.jpg","images\Sketches\Snails\Pony Snail ORIGINAL.jpg","Snails\Pony Snail ORIGINAL.jpg","Snails","Snails","",".jpg","816679","5/9/2026 8:07:50 AM","Original","Pony Snail","snails|pony snail","https://ronenglish-archive.github.io/ron-english-sketches-and-drawings/images/Sketches/Snails/Pony%20Snail%20ORIGINAL.jpg","=IF(""https://ronenglish-archive.github.io/ron-english-sketches-and-drawings/images/Sketches/Snails/Pony%20Snail%20ORIGINAL.jpg""="""","""",IMAGE(""https://ronenglish-archive.github.io/ron-english-sketches-and-drawings/images/Sketches/Snails/Pony%20Snail%20ORIGINAL.jpg"",1))","","","Not read"
"Snailien King COLOR 1.png","D:\github\ron-english-sketches-and-drawings\images\Sketches\Snails\Snailien King COLOR 1.png","images\Sketches\Snails\Snailien King COLOR 1.png","Snails\Snailien King COLOR 1.png","Snails","Snails","",".png","779545","5/9/2026 8:07:51 AM","Color","Snailien King 1","snails|snailien king 1","https://ronenglish-archive.github.io/ron-english-sketches-and-drawings/images/Sketches/Snails/Snailien%20King%20COLOR%201.png","=IF(""https://ronenglish-archive.github.io/ron-english-sketches-and-drawings/images/Sketches/Snails/Snailien%20King%20COLOR%201.png""="""","""",IMAGE(""https://ronenglish-archive.github.io/ron-english-sketches-and-drawings/images/Sketches/Snails/Snailien%20King%20COLOR%201.png"",1))","","","Not read"
"Snailien King COLOR 2.jpg","D:\github\ron-english-sketches-and-drawings\images\Sketches\Snails\Snailien King COLOR 2.jpg","images\Sketches\Snails\Snailien King COLOR 2.jpg","Snails\Snailien King COLOR 2.jpg","Snails","Snails","",".jpg","447537","5/10/2026 7:01:41 AM","Color","Snailien King 2","snails|snailien king 2","https://ronenglish-archive.github.io/ron-english-sketches-and-drawings/images/Sketches/Snails/Snailien%20King%20COLOR%202.jpg","=IF(""https://ronenglish-archive.github.io/ron-english-sketches-and-drawings/images/Sketches/Snails/Snailien%20King%20COLOR%202.jpg""="""","""",IMAGE(""https://ronenglish-archive.github.io/ron-english-sketches-and-drawings/images/Sketches/Snails/Snailien%20King%20COLOR%202.jpg"",1))","","","Not read"
"Snailien King COLOR 3.png","D:\github\ron-english-sketches-and-drawings\images\Sketches\Snails\Snailien King COLOR 3.png","images\Sketches\Snails\Snailien King COLOR 3.png","Snails\Snailien King COLOR 3.png","Snails","Snails","",".png","810548","5/9/2026 8:07:51 AM","Color","Snailien King 3","snails|snailien king 3","https://ronenglish-archive.github.io/ron-english-sketches-and-drawings/images/Sketches/Snails/Snailien%20King%20COLOR%203.png","=IF(""https://ronenglish-archive.github.io/ron-english-sketches-and-drawings/images/Sketches/Snails/Snailien%20King%20COLOR%203.png""="""","""",IMAGE(""https://ronenglish-archive.github.io/ron-english-sketches-and-drawings/images/Sketches/Snails/Snailien%20King%20COLOR%203.png"",1))","","","Not read"
"Snailien King ORIGINAL 1.jpg","D:\github\ron-english-sketches-and-drawings\images\Sketches\Snails\Snailien King ORIGINAL 1.jpg","images\Sketches\Snails\Snailien King ORIGINAL 1.jpg","Snails\Snailien King ORIGINAL 1.jpg","Snails","Snails","",".jpg","23061","5/10/2026 6:56:00 AM","Original","Snailien King 1","snails|snailien king 1","https://ronenglish-archive.github.io/ron-english-sketches-and-drawings/images/Sketches/Snails/Snailien%20King%20ORIGINAL%201.jpg","=IF(""https://ronenglish-archive.github.io/ron-english-sketches-and-drawings/images/Sketches/Snails/Snailien%20King%20ORIGINAL%201.jpg""="""","""",IMAGE(""https://ronenglish-archive.github.io/ron-english-sketches-and-drawings/images/Sketches/Snails/Snailien%20King%20ORIGINAL%201.jpg"",1))","","","Not read"
"Snailien King ORIGINAL.jpg","D:\github\ron-english-sketches-and-drawings\images\Sketches\Snails\Snailien King ORIGINAL.jpg","images\Sketches\Snails\Snailien King ORIGINAL.jpg","Snails\Snailien King ORIGINAL.jpg","Snails","Snails","",".jpg","814629","5/9/2026 8:07:51 AM","Original","Snailien King","snails|snailien king","https://ronenglish-archive.github.io/ron-english-sketches-and-drawings/images/Sketches/Snails/Snailien%20King%20ORIGINAL.jpg","=IF(""https://ronenglish-archive.github.io/ron-english-sketches-and-drawings/images/Sketches/Snails/Snailien%20King%20ORIGINAL.jpg""="""","""",IMAGE(""https://ronenglish-archive.github.io/ron-english-sketches-and-drawings/images/Sketches/Snails/Snailien%20King%20ORIGINAL.jpg"",1))","","","Not read"
"Snailmobile B&W.png","D:\github\ron-english-sketches-and-drawings\images\Sketches\Snails\Snailmobile B&W.png","images\Sketches\Snails\Snailmobile B&W.png","Snails\Snailmobile B&W.png","Snails","Snails","",".png","650829","5/9/2026 8:07:46 AM","Main or unclassified","Snailmobile B&W","snails|snailmobile b and w","https://ronenglish-archive.github.io/ron-english-sketches-and-drawings/images/Sketches/Snails/Snailmobile%20B%26W.png","=IF(""https://ronenglish-archive.github.io/ron-english-sketches-and-drawings/images/Sketches/Snails/Snailmobile%20B%26W.png""="""","""",IMAGE(""https://ronenglish-archive.github.io/ron-english-sketches-and-drawings/images/Sketches/Snails/Snailmobile%20B%26W.png"",1))","","","Not read"
"Snailmobile COLOR.jpg","D:\github\ron-english-sketches-and-drawings\images\Sketches\Snails\Snailmobile COLOR.jpg","images\Sketches\Snails\Snailmobile COLOR.jpg","Snails\Snailmobile COLOR.jpg","Snails","Snails","",".jpg","544962","5/10/2026 6:57:15 AM","Color","Snailmobile","snails|snailmobile","https://ronenglish-archive.github.io/ron-english-sketches-and-drawings/images/Sketches/Snails/Snailmobile%20COLOR.jpg","=IF(""https://ronenglish-archive.github.io/ron-english-sketches-and-drawings/images/Sketches/Snails/Snailmobile%20COLOR.jpg""="""","""",IMAGE(""https://ronenglish-archive.github.io/ron-english-sketches-and-drawings/images/Sketches/Snails/Snailmobile%20COLOR.jpg"",1))","","","Not read"
"Snails Family Icon COLOR.jpg","D:\github\ron-english-sketches-and-drawings\images\Sketches\Snails\Snails Family Icon COLOR.jpg","images\Sketches\Snails\Snails Family Icon COLOR.jpg","Snails\Snails Family Icon COLOR.jpg","Snails","Snails","",".jpg","164167","5/10/2026 6:59:17 AM","Color","Snails Family Icon","snails|snails family icon","https://ronenglish-archive.github.io/ron-english-sketches-and-drawings/images/Sketches/Snails/Snails%20Family%20Icon%20COLOR.jpg","=IF(""https://ronenglish-archive.github.io/ron-english-sketches-and-drawings/images/Sketches/Snails/Snails%20Family%20Icon%20COLOR.jpg""="""","""",IMAGE(""https://ronenglish-archive.github.io/ron-english-sketches-and-drawings/images/Sketches/Snails/Snails%20Family%20Icon%20COLOR.jpg"",1))","","","Not read"
"snails-hero.jpg","D:\github\ron-english-sketches-and-drawings\images\Sketches\snails-hero.jpg","images\Sketches\snails-hero.jpg","snails-hero.jpg","","(root)","",".jpg","197434","5/6/2026 6:18:37 AM","Main or unclassified","snails hero","|snails hero","https://ronenglish-archive.github.io/ron-english-sketches-and-drawings/images/Sketches/snails-hero.jpg","=IF(""https://ronenglish-archive.github.io/ron-english-sketches-and-drawings/images/Sketches/snails-hero.jpg""="""","""",IMAGE(""https://ronenglish-archive.github.io/ron-english-sketches-and-drawings/images/Sketches/snails-hero.jpg"",1))","","","Not read"
"tots-hero.jpg","D:\github\ron-english-sketches-and-drawings\images\Sketches\tots-hero.jpg","images\Sketches\tots-hero.jpg","tots-hero.jpg","","(root)","",".jpg","137560","5/6/2026 6:18:37 AM","Main or unclassified","tots hero","|tots hero","https://ronenglish-archive.github.io/ron-english-sketches-and-drawings/images/Sketches/tots-hero.jpg","=IF(""https://ronenglish-archive.github.io/ron-english-sketches-and-drawings/images/Sketches/tots-hero.jpg""="""","""",IMAGE(""https://ronenglish-archive.github.io/ron-english-sketches-and-drawings/images/Sketches/tots-hero.jpg"",1))","","","Not read"
"tvities-hero.jpg","D:\github\ron-english-sketches-and-drawings\images\Sketches\tvities-hero.jpg","images\Sketches\tvities-hero.jpg","tvities-hero.jpg","","(root)","",".jpg","114312","5/6/2026 6:18:37 AM","Main or unclassified","tvities hero","|tvities hero","https://ronenglish-archive.github.io/ron-english-sketches-and-drawings/images/Sketches/tvities-hero.jpg","=IF(""https://ronenglish-archive.github.io/ron-english-sketches-and-drawings/images/Sketches/tvities-hero.jpg""="""","""",IMAGE(""https://ronenglish-archive.github.io/ron-english-sketches-and-drawings/images/Sketches/tvities-hero.jpg"",1))","","","Not read"
"ungulates-hero.jpg","D:\github\ron-english-sketches-and-drawings\images\Sketches\ungulates-hero.jpg","images\Sketches\ungulates-hero.jpg","ungulates-hero.jpg","","(root)","",".jpg","96565","5/6/2026 6:18:37 AM","Main or unclassified","ungulates hero","|ungulates hero","https://ronenglish-archive.github.io/ron-english-sketches-and-drawings/images/Sketches/ungulates-hero.jpg","=IF(""https://ronenglish-archive.github.io/ron-english-sketches-and-drawings/images/Sketches/ungulates-hero.jpg""="""","""",IMAGE(""https://ronenglish-archive.github.io/ron-english-sketches-and-drawings/images/Sketches/ungulates-hero.jpg"",1))","","","Not read"
"words-and-phrases-hero.jpg","D:\github\ron-english-sketches-and-drawings\images\Sketches\words-and-phrases-hero.jpg","images\Sketches\words-and-phrases-hero.jpg","words-and-phrases-hero.jpg","","(root)","",".jpg","146478","5/6/2026 6:18:37 AM","Main or unclassified","words and phrases hero","|words and phrases hero","https://ronenglish-archive.github.io/ron-english-sketches-and-drawings/images/Sketches/words-and-phrases-hero.jpg","=IF(""https://ronenglish-archive.github.io/ron-english-sketches-and-drawings/images/Sketches/words-and-phrases-hero.jpg""="""","""",IMAGE(""https://ronenglish-archive.github.io/ron-english-sketches-and-drawings/images/Sketches/words-and-phrases-hero.jpg"",1))","","","Not read"
"yin-yangs-hero.jpg","D:\github\ron-english-sketches-and-drawings\images\Sketches\yin-yangs-hero.jpg","images\Sketches\yin-yangs-hero.jpg","yin-yangs-hero.jpg","","(root)","",".jpg","72574","5/6/2026 6:18:37 AM","Main or unclassified","yin yangs hero","|yin yangs hero","https://ronenglish-archive.github.io/ron-english-sketches-and-drawings/images/Sketches/yin-yangs-hero.jpg","=IF(""https://ronenglish-archive.github.io/ron-english-sketches-and-drawings/images/Sketches/yin-yangs-hero.jpg""="""","""",IMAGE(""https://ronenglish-archive.github.io/ron-english-sketches-and-drawings/images/Sketches/yin-yangs-hero.jpg"",1))","","","Not read"
