"Action","Page","Title","Image","Detail"
"Added missing index card","basketball-bulldog-grin.html","Basketball Bulldog Grin","Basketball Bulldog Grin COLOR.jpg","Index thumbnail now points to requested image."
"Added missing index card","astrogrin.html","Astrogrin","Astrogrin COLOR.jpg","Index thumbnail now points to requested image."
"Added missing index card","babalouie-grin.html","Babalouie Grin","Babalouie Grin COLOR.jpg","Index thumbnail now points to requested image."
"Added missing index card","baby-grin.html","Baby Grin","Baby Grin COLOR.jpg","Index thumbnail now points to requested image."
"Added missing index card","baby-grin-2.html","Baby Grin 2","Baby Grin 2 COLOR.jpg","Index thumbnail now points to requested image."
"Added missing index card","barney-grin.html","Barney Grin","Barney Grin front 1 COLOR.jpg","Index thumbnail now points to requested image."
"Added missing index card","bart-grin.html","Bart Grin","Bart Grin Chubby front COLOR.jpg","Index thumbnail now points to requested image."
"Added missing index card","basketball-grin.html","Basketball Grin","Basketball Grin COLOR.jpg","Index thumbnail now points to requested image."
"Added missing index card","bat-grin.html","Bat Grin","Bat Grin front COLOR.jpg","Index thumbnail now points to requested image."
"Added missing index card","bat-grin-version-2.html","Bat Grin Version 2","Bat Grin version 2 front COLOR.jpg","Index thumbnail now points to requested image."
"Added missing index card","batman-grin.html","Batman Grin","Batman Grin COLOR.jpg","Index thumbnail now points to requested image."
"Added missing index card","batman-grin-icon.html","Batman Grin Icon","Batman Grin Icon COLOR.jpg","Index thumbnail now points to requested image."
"Added missing index card","battle-cat-grin.html","Battle Cat Grin","Battle Cat Grin Crouching COLOR.jpg","Index thumbnail now points to requested image."
"Archived merged source HTML page","battle-cat-grin-crouching.html","Battle Cat Grin Crouching","","Moved to D:\github\ron-english-sketches-and-drawings\Sketches\grins\_archived-merged-pages\cleanup-pass-01-index-fix-20260508-075444"
"Archived merged source HTML page","barney-grin-flying.html","Barney Grin Flying","","Moved to D:\github\ron-english-sketches-and-drawings\Sketches\grins\_archived-merged-pages\cleanup-pass-01-index-fix-20260508-075444"
"Archived merged source HTML page","bartman-grin-flying.html","Bartman Grin Flying","","Moved to D:\github\ron-english-sketches-and-drawings\Sketches\grins\_archived-merged-pages\cleanup-pass-01-index-fix-20260508-075444"
"Archived merged source HTML page","bart-grin-chubby.html","Bart Grin Chubby","","Moved to D:\github\ron-english-sketches-and-drawings\Sketches\grins\_archived-merged-pages\cleanup-pass-01-index-fix-20260508-075444"
"Archived merged source HTML page","bart-grin-short.html","Bart Grin Short","","Moved to D:\github\ron-english-sketches-and-drawings\Sketches\grins\_archived-merged-pages\cleanup-pass-01-index-fix-20260508-075444"
