"RelativePath","FullPath","Exists","SizeBytes","SizeReadable","Reason","FoundIn","OriginalReference"
".nojekyll","D:\github\ron-english-sketches-and-drawings\.nojekyll","False","","","GitHub Pages support file if present","Script baseline",".nojekyll"
"css\styles.css","D:\github\ron-english-sketches-and-drawings\css\styles.css","True","7655","7.48 KB","Local href reference from bridge page","Sketches\index.html","../css/styles.css"
"images\Sketches\aliens-hero.jpg","D:\github\ron-english-sketches-and-drawings\images\Sketches\aliens-hero.jpg","True","232973","227.51 KB","Local src reference from bridge page","Sketches\index.html","../images/Sketches/aliens-hero.jpg"
"images\Sketches\amphibians-hero.jpg","D:\github\ron-english-sketches-and-drawings\images\Sketches\amphibians-hero.jpg","True","154713","151.09 KB","Local src reference from bridge page","Sketches\index.html","../images/Sketches/amphibians-hero.jpg"
"images\Sketches\aquatic-dwellers-hero.jpg","D:\github\ron-english-sketches-and-drawings\images\Sketches\aquatic-dwellers-hero.jpg","True","148028","144.56 KB","Local src reference from bridge page","Sketches\index.html","../images/Sketches/aquatic-dwellers-hero.jpg"
"images\Sketches\avians-hero.jpg","D:\github\ron-english-sketches-and-drawings\images\Sketches\avians-hero.jpg","True","180716","176.48 KB","Local src reference from bridge page","Sketches\index.html","../images/Sketches/avians-hero.jpg"
"images\Sketches\bears-hero.jpg","D:\github\ron-english-sketches-and-drawings\images\Sketches\bears-hero.jpg","True","154889","151.26 KB","Local src reference from bridge page","Sketches\index.html","../images/Sketches/bears-hero.jpg"
"images\Sketches\bigfoot-hero.jpg","D:\github\ron-english-sketches-and-drawings\images\Sketches\bigfoot-hero.jpg","True","188771","184.35 KB","Local src reference from bridge page","Sketches\index.html","../images/Sketches/bigfoot-hero.jpg"
"images\Sketches\brains-hero.jpg","D:\github\ron-english-sketches-and-drawings\images\Sketches\brains-hero.jpg","True","257542","251.51 KB","Local src reference from bridge page","Sketches\index.html","../images/Sketches/brains-hero.jpg"
"images\Sketches\canines-and-felines-hero.jpg","D:\github\ron-english-sketches-and-drawings\images\Sketches\canines-and-felines-hero.jpg","True","210426","205.49 KB","Local src reference from bridge page","Sketches\index.html","../images/Sketches/canines-and-felines-hero.jpg"
"images\Sketches\celebrity-characters-hero.jpg","D:\github\ron-english-sketches-and-drawings\images\Sketches\celebrity-characters-hero.jpg","True","153487","149.89 KB","Local src reference from bridge page","Sketches\index.html","../images/Sketches/celebrity-characters-hero.jpg"
"images\Sketches\character-balls-hero.jpg","D:\github\ron-english-sketches-and-drawings\images\Sketches\character-balls-hero.jpg","True","155175","151.54 KB","Local src reference from bridge page","Sketches\index.html","../images/Sketches/character-balls-hero.jpg"
"images\Sketches\combrats-hero.jpg","D:\github\ron-english-sketches-and-drawings\images\Sketches\combrats-hero.jpg","True","163438","159.61 KB","Local src reference from bridge page","Sketches\index.html","../images/Sketches/combrats-hero.jpg"
"images\Sketches\flowers-hero.jpg","D:\github\ron-english-sketches-and-drawings\images\Sketches\flowers-hero.jpg","True","188237","183.83 KB","Local src reference from bridge page","Sketches\index.html","../images/Sketches/flowers-hero.jpg"
"images\Sketches\grinnies-hero.jpg","D:\github\ron-english-sketches-and-drawings\images\Sketches\grinnies-hero.jpg","True","139294","136.03 KB","Local src reference from bridge page","Sketches\index.html","../images/Sketches/grinnies-hero.jpg"
"images\Sketches\Insects\Bee Plug COLOR.jpg","D:\github\ron-english-sketches-and-drawings\images\Sketches\Insects\Bee Plug COLOR.jpg","True","146280","142.85 KB","Local src reference from bridge page","Sketches\index.html","../images/Sketches/Insects/Bee%20Plug%20COLOR.jpg"
"images\Sketches\kaijus-hero.jpg","D:\github\ron-english-sketches-and-drawings\images\Sketches\kaijus-hero.jpg","True","122805","119.93 KB","Local src reference from bridge page","Sketches\index.html","../images/Sketches/kaijus-hero.jpg"
"images\Sketches\kursed-hero.jpg","D:\github\ron-english-sketches-and-drawings\images\Sketches\kursed-hero.jpg","True","187932","183.53 KB","Local src reference from bridge page","Sketches\index.html","../images/Sketches/kursed-hero.jpg"
"images\Sketches\light-cult-hero.jpg","D:\github\ron-english-sketches-and-drawings\images\Sketches\light-cult-hero.jpg","True","143182","139.83 KB","Local src reference from bridge page","Sketches\index.html","../images/Sketches/light-cult-hero.jpg"
"images\Sketches\monkeys-hero.jpg","D:\github\ron-english-sketches-and-drawings\images\Sketches\monkeys-hero.jpg","True","129391","126.36 KB","Local src reference from bridge page","Sketches\index.html","../images/Sketches/monkeys-hero.jpg"
"images\Sketches\mythical-beings-hero.jpg","D:\github\ron-english-sketches-and-drawings\images\Sketches\mythical-beings-hero.jpg","True","126634","123.67 KB","Local src reference from bridge page","Sketches\index.html","../images/Sketches/mythical-beings-hero.jpg"
"images\Sketches\objects-hero.jpg","D:\github\ron-english-sketches-and-drawings\images\Sketches\objects-hero.jpg","True","115007","112.31 KB","Local src reference from bridge page","Sketches\index.html","../images/Sketches/objects-hero.jpg"
"images\Sketches\reptiles-hero.jpg","D:\github\ron-english-sketches-and-drawings\images\Sketches\reptiles-hero.jpg","True","110741","108.15 KB","Local src reference from bridge page","Sketches\index.html","../images/Sketches/reptiles-hero.jpg"
"images\Sketches\skeletons-hero.jpg","D:\github\ron-english-sketches-and-drawings\images\Sketches\skeletons-hero.jpg","True","162332","158.53 KB","Local src reference from bridge page","Sketches\index.html","../images/Sketches/skeletons-hero.jpg"
"images\Sketches\small-mammals-hero.jpg","D:\github\ron-english-sketches-and-drawings\images\Sketches\small-mammals-hero.jpg","True","117820","115.06 KB","Local src reference from bridge page","Sketches\index.html","../images/Sketches/small-mammals-hero.jpg"
"images\Sketches\Snails\Pony Snail COLOR.jpg","D:\github\ron-english-sketches-and-drawings\images\Sketches\Snails\Pony Snail COLOR.jpg","True","119836","117.03 KB","Local src reference from bridge page","Sketches\index.html","../images/Sketches/Snails/Pony%20Snail%20COLOR.jpg"
"images\Sketches\tots-hero.jpg","D:\github\ron-english-sketches-and-drawings\images\Sketches\tots-hero.jpg","True","137560","134.34 KB","Local src reference from bridge page","Sketches\index.html","../images/Sketches/tots-hero.jpg"
"images\Sketches\tvities-hero.jpg","D:\github\ron-english-sketches-and-drawings\images\Sketches\tvities-hero.jpg","True","114312","111.63 KB","Local src reference from bridge page","Sketches\index.html","../images/Sketches/tvities-hero.jpg"
"images\Sketches\ungulates-hero.jpg","D:\github\ron-english-sketches-and-drawings\images\Sketches\ungulates-hero.jpg","True","96565","94.30 KB","Local src reference from bridge page","Sketches\index.html","../images/Sketches/ungulates-hero.jpg"
"images\Sketches\words-and-phrases-hero.jpg","D:\github\ron-english-sketches-and-drawings\images\Sketches\words-and-phrases-hero.jpg","True","146478","143.04 KB","Local src reference from bridge page","Sketches\index.html","../images/Sketches/words-and-phrases-hero.jpg"
"images\Sketches\yin-yangs-hero.jpg","D:\github\ron-english-sketches-and-drawings\images\Sketches\yin-yangs-hero.jpg","True","72574","70.87 KB","Local src reference from bridge page","Sketches\index.html","../images/Sketches/yin-yangs-hero.jpg"
"README.md","D:\github\ron-english-sketches-and-drawings\README.md","False","","","Repository documentation if present","Script baseline","README.md"
"Sketches\index.html","D:\github\ron-english-sketches-and-drawings\Sketches\index.html","True","19651","19.19 KB","Main public bridge page","Script baseline","Sketches\index.html"
"Sketches\words-and-phrases\index.html","D:\github\ron-english-sketches-and-drawings\Sketches\words-and-phrases\index.html","False","","","Local href reference from bridge page","Sketches\index.html","words-and-phrases/index.html"
