"ReferenceType","OriginalReference","IsExternalOrSkipped","ResolvedFullPath","ResolvedRelativePath","Exists","PathType"
"attribute:href","../css/styles.css","False","D:\github\ron-english-sketches-and-drawings\css\styles.css","css\styles.css","True","File"
"attribute:href","https://ronenglish-archive.github.io/ron-english-catalogue-raisonne/","True","","","",""
"attribute:href","https://ronenglish-archive.github.io/ron-english-sketches-aliens/Sketches/aliens/index.html","True","","","",""
"attribute:src","../images/Sketches/aliens-hero.jpg","False","D:\github\ron-english-sketches-and-drawings\images\Sketches\aliens-hero.jpg","images\Sketches\aliens-hero.jpg","True","File"
"attribute:href","https://ronenglish-archive.github.io/ron-english-sketches-animals/Sketches/amphibians/index.html","True","","","",""
"attribute:src","../images/Sketches/amphibians-hero.jpg","False","D:\github\ron-english-sketches-and-drawings\images\Sketches\amphibians-hero.jpg","images\Sketches\amphibians-hero.jpg","True","File"
"attribute:href","https://ronenglish-archive.github.io/ron-english-sketches-animals/Sketches/aquatic-dwellers/index.html","True","","","",""
"attribute:src","../images/Sketches/aquatic-dwellers-hero.jpg","False","D:\github\ron-english-sketches-and-drawings\images\Sketches\aquatic-dwellers-hero.jpg","images\Sketches\aquatic-dwellers-hero.jpg","True","File"
"attribute:href","https://ronenglish-archive.github.io/ron-english-sketches-animals/Sketches/avians/index.html","True","","","",""
"attribute:src","../images/Sketches/avians-hero.jpg","False","D:\github\ron-english-sketches-and-drawings\images\Sketches\avians-hero.jpg","images\Sketches\avians-hero.jpg","True","File"
"attribute:href","https://ronenglish-archive.github.io/ron-english-sketches-animals/Sketches/bears/index.html","True","","","",""
"attribute:src","../images/Sketches/bears-hero.jpg","False","D:\github\ron-english-sketches-and-drawings\images\Sketches\bears-hero.jpg","images\Sketches\bears-hero.jpg","True","File"
"attribute:href","https://ronenglish-archive.github.io/ron-english-sketches-animals/Sketches/bigfoot/index.html","True","","","",""
"attribute:src","../images/Sketches/bigfoot-hero.jpg","False","D:\github\ron-english-sketches-and-drawings\images\Sketches\bigfoot-hero.jpg","images\Sketches\bigfoot-hero.jpg","True","File"
"attribute:href","https://ronenglish-archive.github.io/ron-english-sketches-mythic-dark/Sketches/brains/index.html","True","","","",""
"attribute:src","../images/Sketches/brains-hero.jpg","False","D:\github\ron-english-sketches-and-drawings\images\Sketches\brains-hero.jpg","images\Sketches\brains-hero.jpg","True","File"
"attribute:href","https://ronenglish-archive.github.io/ron-english-sketches-animals/Sketches/canines-and-felines/index.html","True","","","",""
"attribute:src","../images/Sketches/canines-and-felines-hero.jpg","False","D:\github\ron-english-sketches-and-drawings\images\Sketches\canines-and-felines-hero.jpg","images\Sketches\canines-and-felines-hero.jpg","True","File"
"attribute:href","https://ronenglish-archive.github.io/ron-english-sketches-pop-culture/Sketches/celebrity-characters/index.html","True","","","",""
"attribute:src","../images/Sketches/celebrity-characters-hero.jpg","False","D:\github\ron-english-sketches-and-drawings\images\Sketches\celebrity-characters-hero.jpg","images\Sketches\celebrity-characters-hero.jpg","True","File"
"attribute:href","https://ronenglish-archive.github.io/ron-english-sketches-pop-culture/Sketches/character-balls/index.html","True","","","",""
"attribute:src","../images/Sketches/character-balls-hero.jpg","False","D:\github\ron-english-sketches-and-drawings\images\Sketches\character-balls-hero.jpg","images\Sketches\character-balls-hero.jpg","True","File"
"attribute:href","https://ronenglish-archive.github.io/ron-english-sketches-pop-culture/Sketches/combrats/index.html","True","","","",""
"attribute:src","../images/Sketches/combrats-hero.jpg","False","D:\github\ron-english-sketches-and-drawings\images\Sketches\combrats-hero.jpg","images\Sketches\combrats-hero.jpg","True","File"
"attribute:href","https://ronenglish-archive.github.io/ron-english-sketches-objects/Sketches/flowers/index.html","True","","","",""
"attribute:src","../images/Sketches/flowers-hero.jpg","False","D:\github\ron-english-sketches-and-drawings\images\Sketches\flowers-hero.jpg","images\Sketches\flowers-hero.jpg","True","File"
"attribute:href","https://ronenglish-archive.github.io/ron-english-sketches-grins/Sketches/grins/index.html","True","","","",""
"attribute:src","../images/Sketches/grinnies-hero.jpg","False","D:\github\ron-english-sketches-and-drawings\images\Sketches\grinnies-hero.jpg","images\Sketches\grinnies-hero.jpg","True","File"
"attribute:href","https://ronenglish-archive.github.io/ron-english-sketches-animals/Sketches/insects/index.html","True","","","",""
"attribute:src","../images/Sketches/Insects/Bee%20Plug%20COLOR.jpg","False","D:\github\ron-english-sketches-and-drawings\images\Sketches\Insects\Bee Plug COLOR.jpg","images\Sketches\Insects\Bee Plug COLOR.jpg","True","File"
"attribute:href","https://ronenglish-archive.github.io/ron-english-sketches-mythic-dark/Sketches/kaijus/index.html","True","","","",""
"attribute:src","../images/Sketches/kaijus-hero.jpg","False","D:\github\ron-english-sketches-and-drawings\images\Sketches\kaijus-hero.jpg","images\Sketches\kaijus-hero.jpg","True","File"
"attribute:href","https://ronenglish-archive.github.io/ron-english-sketches-mythic-dark/Sketches/kursed/index.html","True","","","",""
"attribute:src","../images/Sketches/kursed-hero.jpg","False","D:\github\ron-english-sketches-and-drawings\images\Sketches\kursed-hero.jpg","images\Sketches\kursed-hero.jpg","True","File"
"attribute:href","https://ronenglish-archive.github.io/ron-english-sketches-mythic-dark/Sketches/light-cult/index.html","True","","","",""
"attribute:src","../images/Sketches/light-cult-hero.jpg","False","D:\github\ron-english-sketches-and-drawings\images\Sketches\light-cult-hero.jpg","images\Sketches\light-cult-hero.jpg","True","File"
"attribute:href","https://ronenglish-archive.github.io/ron-english-sketches-animals/Sketches/monkeys/index.html","True","","","",""
"attribute:src","../images/Sketches/monkeys-hero.jpg","False","D:\github\ron-english-sketches-and-drawings\images\Sketches\monkeys-hero.jpg","images\Sketches\monkeys-hero.jpg","True","File"
"attribute:href","https://ronenglish-archive.github.io/ron-english-sketches-mythic-dark/Sketches/mythical-beings/index.html","True","","","",""
"attribute:src","../images/Sketches/mythical-beings-hero.jpg","False","D:\github\ron-english-sketches-and-drawings\images\Sketches\mythical-beings-hero.jpg","images\Sketches\mythical-beings-hero.jpg","True","File"
"attribute:href","https://ronenglish-archive.github.io/ron-english-sketches-objects/Sketches/objects/index.html","True","","","",""
"attribute:src","../images/Sketches/objects-hero.jpg","False","D:\github\ron-english-sketches-and-drawings\images\Sketches\objects-hero.jpg","images\Sketches\objects-hero.jpg","True","File"
"attribute:href","https://ronenglish-archive.github.io/ron-english-sketches-animals/Sketches/reptiles/index.html","True","","","",""
"attribute:src","../images/Sketches/reptiles-hero.jpg","False","D:\github\ron-english-sketches-and-drawings\images\Sketches\reptiles-hero.jpg","images\Sketches\reptiles-hero.jpg","True","File"
"attribute:href","https://ronenglish-archive.github.io/ron-english-sketches-mythic-dark/Sketches/skeletons/index.html","True","","","",""
"attribute:src","../images/Sketches/skeletons-hero.jpg","False","D:\github\ron-english-sketches-and-drawings\images\Sketches\skeletons-hero.jpg","images\Sketches\skeletons-hero.jpg","True","File"
"attribute:href","https://ronenglish-archive.github.io/ron-english-sketches-animals/Sketches/small-mammals/index.html","True","","","",""
"attribute:src","../images/Sketches/small-mammals-hero.jpg","False","D:\github\ron-english-sketches-and-drawings\images\Sketches\small-mammals-hero.jpg","images\Sketches\small-mammals-hero.jpg","True","File"
"attribute:href","https://ronenglish-archive.github.io/ron-english-sketches-animals/Sketches/snails/index.html","True","","","",""
"attribute:src","../images/Sketches/Snails/Pony%20Snail%20COLOR.jpg","False","D:\github\ron-english-sketches-and-drawings\images\Sketches\Snails\Pony Snail COLOR.jpg","images\Sketches\Snails\Pony Snail COLOR.jpg","True","File"
"attribute:href","https://ronenglish-archive.github.io/ron-english-sketches-mythic-dark/Sketches/tots/index.html","True","","","",""
"attribute:src","../images/Sketches/tots-hero.jpg","False","D:\github\ron-english-sketches-and-drawings\images\Sketches\tots-hero.jpg","images\Sketches\tots-hero.jpg","True","File"
"attribute:href","https://ronenglish-archive.github.io/ron-english-sketches-pop-culture/Sketches/tvities/index.html","True","","","",""
"attribute:src","../images/Sketches/tvities-hero.jpg","False","D:\github\ron-english-sketches-and-drawings\images\Sketches\tvities-hero.jpg","images\Sketches\tvities-hero.jpg","True","File"
"attribute:href","https://ronenglish-archive.github.io/ron-english-sketches-animals/Sketches/ungulates/index.html","True","","","",""
"attribute:src","../images/Sketches/ungulates-hero.jpg","False","D:\github\ron-english-sketches-and-drawings\images\Sketches\ungulates-hero.jpg","images\Sketches\ungulates-hero.jpg","True","File"
"attribute:href","https://ronenglish-archive.github.io/ron-english-sketches-mythic-dark/Sketches/yin-yangs/index.html","True","","","",""
"attribute:src","../images/Sketches/yin-yangs-hero.jpg","False","D:\github\ron-english-sketches-and-drawings\images\Sketches\yin-yangs-hero.jpg","images\Sketches\yin-yangs-hero.jpg","True","File"
"attribute:href","words-and-phrases/index.html","False","D:\github\ron-english-sketches-and-drawings\Sketches\words-and-phrases\index.html","Sketches\words-and-phrases\index.html","False","Missing"
"attribute:src","../images/Sketches/words-and-phrases-hero.jpg","False","D:\github\ron-english-sketches-and-drawings\images\Sketches\words-and-phrases-hero.jpg","images\Sketches\words-and-phrases-hero.jpg","True","File"
