"Name","Type","RelativePath","FullPath","IsProtectedByBridgeAudit","FileCount","FolderCount","SizeBytes","SizeReadable","Recommendation","Reason"
"grins","Folder","images\Sketches\grins","D:\github\ron-english-sketches-and-drawings\images\Sketches\grins","False","1363","0","345723015","329.71 MB","Strong candidate for removal later","This old image folder should now be served from a split repo."
"aliens","Folder","images\Sketches\aliens","D:\github\ron-english-sketches-and-drawings\images\Sketches\aliens","False","1000","0","199718317","190.47 MB","Strong candidate for removal later","This old image folder should now be served from a split repo."
"celebrity-characters","Folder","images\Sketches\celebrity-characters","D:\github\ron-english-sketches-and-drawings\images\Sketches\celebrity-characters","False","412","25","109690542","104.61 MB","Strong candidate for removal later","This old image folder should now be served from a split repo."
"Objects","Folder","images\Sketches\Objects","D:\github\ron-english-sketches-and-drawings\images\Sketches\Objects","False","546","22","109383396","104.32 MB","Strong candidate for removal later","This old image folder should now be served from a split repo."
"aliens 2","Folder","images\Sketches\aliens 2","D:\github\ron-english-sketches-and-drawings\images\Sketches\aliens 2","False","470","0","105576548","100.69 MB","Strong candidate for removal later","This old image folder should now be served from a split repo."
"Small Mammals","Folder","images\Sketches\Small Mammals","D:\github\ron-english-sketches-and-drawings\images\Sketches\Small Mammals","False","588","9","83113826","79.26 MB","Strong candidate for removal later","This old image folder should now be served from a split repo."
"Ungulates","Folder","images\Sketches\Ungulates","D:\github\ron-english-sketches-and-drawings\images\Sketches\Ungulates","False","492","7","75515722","72.02 MB","Strong candidate for removal later","This old image folder should now be served from a split repo."
"Mythical Beings","Folder","images\Sketches\Mythical Beings","D:\github\ron-english-sketches-and-drawings\images\Sketches\Mythical Beings","False","383","7","65006458","61.99 MB","Strong candidate for removal later","This old image folder should now be served from a split repo."
"Skeletons","Folder","images\Sketches\Skeletons","D:\github\ron-english-sketches-and-drawings\images\Sketches\Skeletons","False","297","0","59012859","56.28 MB","Strong candidate for removal later","This old image folder should now be served from a split repo."
"Kaijus","Folder","images\Sketches\Kaijus","D:\github\ron-english-sketches-and-drawings\images\Sketches\Kaijus","False","304","0","53995359","51.49 MB","Strong candidate for removal later","This old image folder should now be served from a split repo."
"aquatic-dwellers","Folder","images\Sketches\aquatic-dwellers","D:\github\ron-english-sketches-and-drawings\images\Sketches\aquatic-dwellers","False","214","7","46081079","43.95 MB","Strong candidate for removal later","This old image folder should now be served from a split repo."
"Canines and felines","Folder","images\Sketches\Canines and felines","D:\github\ron-english-sketches-and-drawings\images\Sketches\Canines and felines","False","323","4","45940949","43.81 MB","Strong candidate for removal later","This old image folder should now be served from a split repo."
"avians","Folder","images\Sketches\avians","D:\github\ron-english-sketches-and-drawings\images\Sketches\avians","False","219","5","33474206","31.92 MB","Strong candidate for removal later","This old image folder should now be served from a split repo."
"Light Cult","Folder","images\Sketches\Light Cult","D:\github\ron-english-sketches-and-drawings\images\Sketches\Light Cult","False","269","0","32748089","31.23 MB","Strong candidate for removal later","This old image folder should now be served from a split repo."
"Kursed","Folder","images\Sketches\Kursed","D:\github\ron-english-sketches-and-drawings\images\Sketches\Kursed","False","120","0","27924051","26.63 MB","Strong candidate for removal later","This old image folder should now be served from a split repo."
"Reptiles","Folder","images\Sketches\Reptiles","D:\github\ron-english-sketches-and-drawings\images\Sketches\Reptiles","False","146","6","26581756","25.35 MB","Strong candidate for removal later","This old image folder should now be served from a split repo."
"brains","Folder","images\Sketches\brains","D:\github\ron-english-sketches-and-drawings\images\Sketches\brains","False","98","0","19590951","18.68 MB","Strong candidate for removal later","This old image folder should now be served from a split repo."
"bigfoot","Folder","images\Sketches\bigfoot","D:\github\ron-english-sketches-and-drawings\images\Sketches\bigfoot","False","81","0","17699167","16.88 MB","Strong candidate for removal later","This old image folder should now be served from a split repo."
"amphibians","Folder","images\Sketches\amphibians","D:\github\ron-english-sketches-and-drawings\images\Sketches\amphibians","False","99","2","12850160","12.25 MB","Strong candidate for removal later","This old image folder should now be served from a split repo."
"Monkeys","Folder","images\Sketches\Monkeys","D:\github\ron-english-sketches-and-drawings\images\Sketches\Monkeys","False","69","0","11432775","10.90 MB","Strong candidate for removal later","This old image folder should now be served from a split repo."
"Snails","Folder","images\Sketches\Snails","D:\github\ron-english-sketches-and-drawings\images\Sketches\Snails","False","22","0","10892207","10.39 MB","Strong candidate for removal later","This old image folder should now be served from a split repo."
"flowers","Folder","images\Sketches\flowers","D:\github\ron-english-sketches-and-drawings\images\Sketches\flowers","False","64","0","10149688","9.68 MB","Strong candidate for removal later","This old image folder should now be served from a split repo."
"Combrats","Folder","images\Sketches\Combrats","D:\github\ron-english-sketches-and-drawings\images\Sketches\Combrats","False","55","0","9622890","9.18 MB","Strong candidate for removal later","This old image folder should now be served from a split repo."
"character balls","Folder","images\Sketches\character balls","D:\github\ron-english-sketches-and-drawings\images\Sketches\character balls","False","80","0","9017229","8.60 MB","Strong candidate for removal later","This old image folder should now be served from a split repo."
"Tots","Folder","images\Sketches\Tots","D:\github\ron-english-sketches-and-drawings\images\Sketches\Tots","False","50","0","8978667","8.56 MB","Strong candidate for removal later","This old image folder should now be served from a split repo."
"Yin Yangs","Folder","images\Sketches\Yin Yangs","D:\github\ron-english-sketches-and-drawings\images\Sketches\Yin Yangs","False","50","0","7169986","6.84 MB","Strong candidate for removal later","This old image folder should now be served from a split repo."
"sharks","Folder","images\Sketches\sharks","D:\github\ron-english-sketches-and-drawings\images\Sketches\sharks","False","39","0","7023887","6.70 MB","Strong candidate for removal later","This old image folder should now be served from a split repo."
"bears","Folder","images\Sketches\bears","D:\github\ron-english-sketches-and-drawings\images\Sketches\bears","False","29","0","6149270","5.86 MB","Strong candidate for removal later","This old image folder should now be served from a split repo."
"animation","Folder","images\Sketches\animation","D:\github\ron-english-sketches-and-drawings\images\Sketches\animation","False","10","0","3578956","3.41 MB","Strong candidate for removal later","This old image folder should now be served from a split repo."
"TVities","Folder","images\Sketches\TVities","D:\github\ron-english-sketches-and-drawings\images\Sketches\TVities","False","14","0","2024277","1.93 MB","Strong candidate for removal later","This old image folder should now be served from a split repo."
"Insects","Folder","images\Sketches\Insects","D:\github\ron-english-sketches-and-drawings\images\Sketches\Insects","False","7","0","1075799","1.03 MB","Strong candidate for removal later","This old image folder should now be served from a split repo."
"brains-hero.jpg","File","images\Sketches\brains-hero.jpg","D:\github\ron-english-sketches-and-drawings\images\Sketches\brains-hero.jpg","True","","","257542","251.51 KB","KEEP / REVIEW","This item is referenced by the bridge page or is in a protected path."
"birdy card 2.jpg","File","images\Sketches\birdy card 2.jpg","D:\github\ron-english-sketches-and-drawings\images\Sketches\birdy card 2.jpg","False","","","235005","229.50 KB","Review","Root-level image file under images\Sketches. It may be a bridge thumbnail or an old hero file."
"aliens-hero.jpg","File","images\Sketches\aliens-hero.jpg","D:\github\ron-english-sketches-and-drawings\images\Sketches\aliens-hero.jpg","True","","","232973","227.51 KB","KEEP / REVIEW","This item is referenced by the bridge page or is in a protected path."
"birdy card 1.jpg","File","images\Sketches\birdy card 1.jpg","D:\github\ron-english-sketches-and-drawings\images\Sketches\birdy card 1.jpg","False","","","229158","223.79 KB","Review","Root-level image file under images\Sketches. It may be a bridge thumbnail or an old hero file."
"canines-and-felines-hero.jpg","File","images\Sketches\canines-and-felines-hero.jpg","D:\github\ron-english-sketches-and-drawings\images\Sketches\canines-and-felines-hero.jpg","True","","","210426","205.49 KB","KEEP / REVIEW","This item is referenced by the bridge page or is in a protected path."
"cereal-killer-hero.jpg","File","images\Sketches\cereal-killer-hero.jpg","D:\github\ron-english-sketches-and-drawings\images\Sketches\cereal-killer-hero.jpg","False","","","207232","202.38 KB","Review","Root-level image file under images\Sketches. It may be a bridge thumbnail or an old hero file."
"snails-hero.jpg","File","images\Sketches\snails-hero.jpg","D:\github\ron-english-sketches-and-drawings\images\Sketches\snails-hero.jpg","False","","","197434","192.81 KB","Review","Root-level image file under images\Sketches. It may be a bridge thumbnail or an old hero file."
"frog-hero.jpg","File","images\Sketches\frog-hero.jpg","D:\github\ron-english-sketches-and-drawings\images\Sketches\frog-hero.jpg","False","","","192919","188.40 KB","Review","Root-level image file under images\Sketches. It may be a bridge thumbnail or an old hero file."
"bigfoot-hero.jpg","File","images\Sketches\bigfoot-hero.jpg","D:\github\ron-english-sketches-and-drawings\images\Sketches\bigfoot-hero.jpg","True","","","188771","184.35 KB","KEEP / REVIEW","This item is referenced by the bridge page or is in a protected path."
"flowers-hero.jpg","File","images\Sketches\flowers-hero.jpg","D:\github\ron-english-sketches-and-drawings\images\Sketches\flowers-hero.jpg","True","","","188237","183.83 KB","KEEP / REVIEW","This item is referenced by the bridge page or is in a protected path."
"kursed-hero.jpg","File","images\Sketches\kursed-hero.jpg","D:\github\ron-english-sketches-and-drawings\images\Sketches\kursed-hero.jpg","True","","","187932","183.53 KB","KEEP / REVIEW","This item is referenced by the bridge page or is in a protected path."
"sketches-hero.jpg","File","images\Sketches\sketches-hero.jpg","D:\github\ron-english-sketches-and-drawings\images\Sketches\sketches-hero.jpg","False","","","186934","182.55 KB","Review","Root-level image file under images\Sketches. It may be a bridge thumbnail or an old hero file."
"avians-hero.jpg","File","images\Sketches\avians-hero.jpg","D:\github\ron-english-sketches-and-drawings\images\Sketches\avians-hero.jpg","True","","","180716","176.48 KB","KEEP / REVIEW","This item is referenced by the bridge page or is in a protected path."
"salamanders-hero.jpg","File","images\Sketches\salamanders-hero.jpg","D:\github\ron-english-sketches-and-drawings\images\Sketches\salamanders-hero.jpg","False","","","170198","166.21 KB","Review","Root-level image file under images\Sketches. It may be a bridge thumbnail or an old hero file."
"combrats-hero.jpg","File","images\Sketches\combrats-hero.jpg","D:\github\ron-english-sketches-and-drawings\images\Sketches\combrats-hero.jpg","True","","","163438","159.61 KB","KEEP / REVIEW","This item is referenced by the bridge page or is in a protected path."
"skeletons-hero.jpg","File","images\Sketches\skeletons-hero.jpg","D:\github\ron-english-sketches-and-drawings\images\Sketches\skeletons-hero.jpg","True","","","162332","158.53 KB","KEEP / REVIEW","This item is referenced by the bridge page or is in a protected path."
"buzzards-hero.jpg","File","images\Sketches\buzzards-hero.jpg","D:\github\ron-english-sketches-and-drawings\images\Sketches\buzzards-hero.jpg","False","","","159369","155.63 KB","Review","Root-level image file under images\Sketches. It may be a bridge thumbnail or an old hero file."
"character-balls-hero.jpg","File","images\Sketches\character-balls-hero.jpg","D:\github\ron-english-sketches-and-drawings\images\Sketches\character-balls-hero.jpg","True","","","155175","151.54 KB","KEEP / REVIEW","This item is referenced by the bridge page or is in a protected path."
"bears-hero.jpg","File","images\Sketches\bears-hero.jpg","D:\github\ron-english-sketches-and-drawings\images\Sketches\bears-hero.jpg","True","","","154889","151.26 KB","KEEP / REVIEW","This item is referenced by the bridge page or is in a protected path."
"amphibians-hero.jpg","File","images\Sketches\amphibians-hero.jpg","D:\github\ron-english-sketches-and-drawings\images\Sketches\amphibians-hero.jpg","True","","","154713","151.09 KB","KEEP / REVIEW","This item is referenced by the bridge page or is in a protected path."
"celebrity-characters-hero.jpg","File","images\Sketches\celebrity-characters-hero.jpg","D:\github\ron-english-sketches-and-drawings\images\Sketches\celebrity-characters-hero.jpg","True","","","153487","149.89 KB","KEEP / REVIEW","This item is referenced by the bridge page or is in a protected path."
"aquatic-dwellers-hero.jpg","File","images\Sketches\aquatic-dwellers-hero.jpg","D:\github\ron-english-sketches-and-drawings\images\Sketches\aquatic-dwellers-hero.jpg","True","","","148028","144.56 KB","KEEP / REVIEW","This item is referenced by the bridge page or is in a protected path."
"words-and-phrases-hero.jpg","File","images\Sketches\words-and-phrases-hero.jpg","D:\github\ron-english-sketches-and-drawings\images\Sketches\words-and-phrases-hero.jpg","True","","","146478","143.04 KB","KEEP / REVIEW","This item is referenced by the bridge page or is in a protected path."
"light-cult-hero.jpg","File","images\Sketches\light-cult-hero.jpg","D:\github\ron-english-sketches-and-drawings\images\Sketches\light-cult-hero.jpg","True","","","143182","139.83 KB","KEEP / REVIEW","This item is referenced by the bridge page or is in a protected path."
"animation-sketches-hero.jpg","File","images\Sketches\animation-sketches-hero.jpg","D:\github\ron-english-sketches-and-drawings\images\Sketches\animation-sketches-hero.jpg","False","","","140732","137.43 KB","Review","Root-level image file under images\Sketches. It may be a bridge thumbnail or an old hero file."
"grinnies-hero.jpg","File","images\Sketches\grinnies-hero.jpg","D:\github\ron-english-sketches-and-drawings\images\Sketches\grinnies-hero.jpg","True","","","139294","136.03 KB","KEEP / REVIEW","This item is referenced by the bridge page or is in a protected path."
"tots-hero.jpg","File","images\Sketches\tots-hero.jpg","D:\github\ron-english-sketches-and-drawings\images\Sketches\tots-hero.jpg","True","","","137560","134.34 KB","KEEP / REVIEW","This item is referenced by the bridge page or is in a protected path."
"body-parts-hero.jpg","File","images\Sketches\body-parts-hero.jpg","D:\github\ron-english-sketches-and-drawings\images\Sketches\body-parts-hero.jpg","False","","","131273","128.20 KB","Review","Root-level image file under images\Sketches. It may be a bridge thumbnail or an old hero file."
"monkeys-hero.jpg","File","images\Sketches\monkeys-hero.jpg","D:\github\ron-english-sketches-and-drawings\images\Sketches\monkeys-hero.jpg","True","","","129391","126.36 KB","KEEP / REVIEW","This item is referenced by the bridge page or is in a protected path."
"pigs.jpg","File","images\Sketches\pigs.jpg","D:\github\ron-english-sketches-and-drawings\images\Sketches\pigs.jpg","False","","","128389","125.38 KB","Review","Root-level image file under images\Sketches. It may be a bridge thumbnail or an old hero file."
"mythical-beings-hero.jpg","File","images\Sketches\mythical-beings-hero.jpg","D:\github\ron-english-sketches-and-drawings\images\Sketches\mythical-beings-hero.jpg","True","","","126634","123.67 KB","KEEP / REVIEW","This item is referenced by the bridge page or is in a protected path."
"kaijus-hero.jpg","File","images\Sketches\kaijus-hero.jpg","D:\github\ron-english-sketches-and-drawings\images\Sketches\kaijus-hero.jpg","True","","","122805","119.93 KB","KEEP / REVIEW","This item is referenced by the bridge page or is in a protected path."
"insects-hero.jpg","File","images\Sketches\insects-hero.jpg","D:\github\ron-english-sketches-and-drawings\images\Sketches\insects-hero.jpg","False","","","122467","119.60 KB","Review","Root-level image file under images\Sketches. It may be a bridge thumbnail or an old hero file."
"small-mammals-hero.jpg","File","images\Sketches\small-mammals-hero.jpg","D:\github\ron-english-sketches-and-drawings\images\Sketches\small-mammals-hero.jpg","True","","","117820","115.06 KB","KEEP / REVIEW","This item is referenced by the bridge page or is in a protected path."
"objects-hero.jpg","File","images\Sketches\objects-hero.jpg","D:\github\ron-english-sketches-and-drawings\images\Sketches\objects-hero.jpg","True","","","115007","112.31 KB","KEEP / REVIEW","This item is referenced by the bridge page or is in a protected path."
"tvities-hero.jpg","File","images\Sketches\tvities-hero.jpg","D:\github\ron-english-sketches-and-drawings\images\Sketches\tvities-hero.jpg","True","","","114312","111.63 KB","KEEP / REVIEW","This item is referenced by the bridge page or is in a protected path."
"reptiles-hero.jpg","File","images\Sketches\reptiles-hero.jpg","D:\github\ron-english-sketches-and-drawings\images\Sketches\reptiles-hero.jpg","True","","","110741","108.15 KB","KEEP / REVIEW","This item is referenced by the bridge page or is in a protected path."
"ungulates-hero.jpg","File","images\Sketches\ungulates-hero.jpg","D:\github\ron-english-sketches-and-drawings\images\Sketches\ungulates-hero.jpg","True","","","96565","94.30 KB","KEEP / REVIEW","This item is referenced by the bridge page or is in a protected path."
"yin-yangs-hero.jpg","File","images\Sketches\yin-yangs-hero.jpg","D:\github\ron-english-sketches-and-drawings\images\Sketches\yin-yangs-hero.jpg","True","","","72574","70.87 KB","KEEP / REVIEW","This item is referenced by the bridge page or is in a protected path."
