"Name","Extension","RelativePath","FullPath","IsProtectedByBridgeAudit","SizeBytes","SizeReadable","LastWriteTime","Recommendation"
"Bart Grin chubby side ORIGINAL.jpg",".jpg","images\Sketches\grins\Bart Grin chubby side ORIGINAL.jpg","D:\github\ron-english-sketches-and-drawings\images\Sketches\grins\Bart Grin chubby side ORIGINAL.jpg","False","987040","963.91 KB","5/8/2026 5:41:22 AM","Candidate for removal later if not needed by bridge"
"Bart Grin chubby back ORIGINAL.jpg",".jpg","images\Sketches\grins\Bart Grin chubby back ORIGINAL.jpg","D:\github\ron-english-sketches-and-drawings\images\Sketches\grins\Bart Grin chubby back ORIGINAL.jpg","False","956258","933.85 KB","5/8/2026 5:41:22 AM","Candidate for removal later if not needed by bridge"
"Pony Snail B&W.jpg",".jpg","images\Sketches\Snails\Pony Snail B&W.jpg","D:\github\ron-english-sketches-and-drawings\images\Sketches\Snails\Pony Snail B&W.jpg","False","891439","870.55 KB","5/10/2026 6:58:41 AM","Candidate for removal later if not needed by bridge"
"DEADMAU5 Grin side ORIGINAL.jpg",".jpg","images\Sketches\grins\DEADMAU5 Grin side ORIGINAL.jpg","D:\github\ron-english-sketches-and-drawings\images\Sketches\grins\DEADMAU5 Grin side ORIGINAL.jpg","False","884733","864.00 KB","5/8/2026 5:39:41 AM","Candidate for removal later if not needed by bridge"
"Bart Grin Chubby front B&W.png",".png","images\Sketches\grins\Bart Grin Chubby front B&W.png","D:\github\ron-english-sketches-and-drawings\images\Sketches\grins\Bart Grin Chubby front B&W.png","False","863056","842.83 KB","5/8/2026 5:39:06 AM","Candidate for removal later if not needed by bridge"
"Cocksnail COLOR.png",".png","images\Sketches\Snails\Cocksnail COLOR.png","D:\github\ron-english-sketches-and-drawings\images\Sketches\Snails\Cocksnail COLOR.png","False","823886","804.58 KB","5/9/2026 8:07:46 AM","Candidate for removal later if not needed by bridge"
"Pony Snail ORIGINAL.jpg",".jpg","images\Sketches\Snails\Pony Snail ORIGINAL.jpg","D:\github\ron-english-sketches-and-drawings\images\Sketches\Snails\Pony Snail ORIGINAL.jpg","False","816679","797.54 KB","5/9/2026 8:07:50 AM","Candidate for removal later if not needed by bridge"
"Snailien King ORIGINAL.jpg",".jpg","images\Sketches\Snails\Snailien King ORIGINAL.jpg","D:\github\ron-english-sketches-and-drawings\images\Sketches\Snails\Snailien King ORIGINAL.jpg","False","814629","795.54 KB","5/9/2026 8:07:51 AM","Candidate for removal later if not needed by bridge"
"Snailien King COLOR 3.png",".png","images\Sketches\Snails\Snailien King COLOR 3.png","D:\github\ron-english-sketches-and-drawings\images\Sketches\Snails\Snailien King COLOR 3.png","False","810548","791.55 KB","5/9/2026 8:07:51 AM","Candidate for removal later if not needed by bridge"
"Snailien King COLOR 1.png",".png","images\Sketches\Snails\Snailien King COLOR 1.png","D:\github\ron-english-sketches-and-drawings\images\Sketches\Snails\Snailien King COLOR 1.png","False","779545","761.27 KB","5/9/2026 8:07:51 AM","Candidate for removal later if not needed by bridge"
"Bobsnail COLOR.png",".png","images\Sketches\Snails\Bobsnail COLOR.png","D:\github\ron-english-sketches-and-drawings\images\Sketches\Snails\Bobsnail COLOR.png","False","775101","756.93 KB","5/9/2026 8:07:45 AM","Candidate for removal later if not needed by bridge"
"Santa Christ ORIGINAL.jpg",".jpg","images\Sketches\Mythical Beings\Santas\Santa Christ ORIGINAL.jpg","D:\github\ron-english-sketches-and-drawings\images\Sketches\Mythical Beings\Santas\Santa Christ ORIGINAL.jpg","False","730478","713.36 KB","5/9/2026 12:17:01 PM","Candidate for removal later if not needed by bridge"
"Mothship ORIGINAL COLOR 3.jpg",".jpg","images\Sketches\Objects\transportation\Mothship ORIGINAL COLOR 3.jpg","D:\github\ron-english-sketches-and-drawings\images\Sketches\Objects\transportation\Mothship ORIGINAL COLOR 3.jpg","False","721974","705.05 KB","5/9/2026 12:17:02 PM","Candidate for removal later if not needed by bridge"
"Fat Bart B&W.png",".png","images\Sketches\celebrity-characters\Simpsons\Fat Bart B&W.png","D:\github\ron-english-sketches-and-drawings\images\Sketches\celebrity-characters\Simpsons\Fat Bart B&W.png","False","716663","699.87 KB","5/8/2026 11:02:29 AM","Candidate for removal later if not needed by bridge"
"Bart side 1 ORIGINAL.jpg",".jpg","images\Sketches\celebrity-characters\Simpsons\Bart side 1 ORIGINAL.jpg","D:\github\ron-english-sketches-and-drawings\images\Sketches\celebrity-characters\Simpsons\Bart side 1 ORIGINAL.jpg","False","706170","689.62 KB","5/8/2026 11:02:36 AM","Candidate for removal later if not needed by bridge"
"Potato Rabbbit in Delusionville ORIGINAL 2.jpg",".jpg","images\Sketches\Small Mammals\rabbbits\Potato Rabbbit in Delusionville ORIGINAL 2.jpg","D:\github\ron-english-sketches-and-drawings\images\Sketches\Small Mammals\rabbbits\Potato Rabbbit in Delusionville ORIGINAL 2.jpg","False","699774","683.37 KB","5/8/2026 4:35:24 PM","Candidate for removal later if not needed by bridge"
"simpsons HERO.jpg",".jpg","images\Sketches\celebrity-characters\simpsons HERO.jpg","D:\github\ron-english-sketches-and-drawings\images\Sketches\celebrity-characters\simpsons HERO.jpg","False","692703","676.47 KB","5/8/2026 12:48:20 PM","Candidate for removal later if not needed by bridge"
"Stratus Simpson COLOR.jpg",".jpg","images\Sketches\celebrity-characters\Simpsons\Stratus Simpson COLOR.jpg","D:\github\ron-english-sketches-and-drawings\images\Sketches\celebrity-characters\Simpsons\Stratus Simpson COLOR.jpg","False","692703","676.47 KB","5/8/2026 12:48:20 PM","Candidate for removal later if not needed by bridge"
"Salt of the Girth ORIGINAL.jpg",".jpg","images\Sketches\celebrity-characters\Morton Salt Girl\Salt of the Girth ORIGINAL.jpg","D:\github\ron-english-sketches-and-drawings\images\Sketches\celebrity-characters\Morton Salt Girl\Salt of the Girth ORIGINAL.jpg","False","689872","673.70 KB","5/8/2026 12:20:15 PM","Candidate for removal later if not needed by bridge"
"Shark Head 2 COLOR digital.png",".png","images\Sketches\aquatic-dwellers\sharks\Shark Head 2 COLOR digital.png","D:\github\ron-english-sketches-and-drawings\images\Sketches\aquatic-dwellers\sharks\Shark Head 2 COLOR digital.png","False","684965","668.91 KB","5/9/2026 12:16:58 PM","Candidate for removal later if not needed by bridge"
"Shark Head 2 COLOR digital.png",".png","images\Sketches\sharks\Shark Head 2 COLOR digital.png","D:\github\ron-english-sketches-and-drawings\images\Sketches\sharks\Shark Head 2 COLOR digital.png","False","684965","668.91 KB","5/9/2026 12:16:59 PM","Candidate for removal later if not needed by bridge"
"bear_bill.jpg",".jpg","images\Sketches\Objects\money-and-currency\bear_bill.jpg","D:\github\ron-english-sketches-and-drawings\images\Sketches\Objects\money-and-currency\bear_bill.jpg","False","682042","666.06 KB","5/9/2026 11:41:32 AM","Candidate for removal later if not needed by bridge"
"COVID Grin card.jpg",".jpg","images\Sketches\grins\COVID Grin card.jpg","D:\github\ron-english-sketches-and-drawings\images\Sketches\grins\COVID Grin card.jpg","False","680506","664.56 KB","5/7/2026 3:56:43 PM","Candidate for removal later if not needed by bridge"
"Bobsnail ORIGINAL.jpg",".jpg","images\Sketches\Snails\Bobsnail ORIGINAL.jpg","D:\github\ron-english-sketches-and-drawings\images\Sketches\Snails\Bobsnail ORIGINAL.jpg","False","677909","662.02 KB","5/9/2026 8:07:48 AM","Candidate for removal later if not needed by bridge"
"Octopi HERO.png",".png","images\Sketches\aquatic-dwellers\Octopi HERO.png","D:\github\ron-english-sketches-and-drawings\images\Sketches\aquatic-dwellers\Octopi HERO.png","False","668914","653.24 KB","5/6/2026 8:35:22 AM","Candidate for removal later if not needed by bridge"
"paisleypattern2.pdf_1.jpg",".jpg","images\Sketches\Objects\patterns-symbols-and-icons\paisleypattern2.pdf_1.jpg","D:\github\ron-english-sketches-and-drawings\images\Sketches\Objects\patterns-symbols-and-icons\paisleypattern2.pdf_1.jpg","False","667579","651.93 KB","5/9/2026 11:42:07 AM","Candidate for removal later if not needed by bridge"
"Potato Rabbbit in Delusionville COLOR.jpg",".jpg","images\Sketches\Small Mammals\rabbbits\Potato Rabbbit in Delusionville COLOR.jpg","D:\github\ron-english-sketches-and-drawings\images\Sketches\Small Mammals\rabbbits\Potato Rabbbit in Delusionville COLOR.jpg","False","666691","651.07 KB","5/8/2026 4:35:23 PM","Candidate for removal later if not needed by bridge"
"Fish in Cowboy Hat COLORED digital.png",".png","images\Sketches\aquatic-dwellers\fish\Fish in Cowboy Hat COLORED digital.png","D:\github\ron-english-sketches-and-drawings\images\Sketches\aquatic-dwellers\fish\Fish in Cowboy Hat COLORED digital.png","False","665888","650.28 KB","5/6/2026 8:22:32 AM","Candidate for removal later if not needed by bridge"
"brainbackdrop (3).jpg",".jpg","images\Sketches\Objects\patterns-symbols-and-icons\brainbackdrop (3).jpg","D:\github\ron-english-sketches-and-drawings\images\Sketches\Objects\patterns-symbols-and-icons\brainbackdrop (3).jpg","False","665044","649.46 KB","5/9/2026 11:42:00 AM","Candidate for removal later if not needed by bridge"
"coloringbook3.jpg",".jpg","images\Sketches\Objects\patterns-symbols-and-icons\coloringbook3.jpg","D:\github\ron-english-sketches-and-drawings\images\Sketches\Objects\patterns-symbols-and-icons\coloringbook3.jpg","False","661332","645.83 KB","5/9/2026 11:42:02 AM","Candidate for removal later if not needed by bridge"
"brainbackdrop (1).jpg",".jpg","images\Sketches\Objects\patterns-symbols-and-icons\brainbackdrop (1).jpg","D:\github\ron-english-sketches-and-drawings\images\Sketches\Objects\patterns-symbols-and-icons\brainbackdrop (1).jpg","False","661211","645.71 KB","5/9/2026 11:41:59 AM","Candidate for removal later if not needed by bridge"
"Bear Portrait ORIGINAL.jpg",".jpg","images\Sketches\bears\Bear Portrait ORIGINAL.jpg","D:\github\ron-english-sketches-and-drawings\images\Sketches\bears\Bear Portrait ORIGINAL.jpg","False","660392","644.91 KB","5/6/2026 6:15:18 AM","Candidate for removal later if not needed by bridge"
"Street Fighter Guile Grin ORIGINAL.jpg",".jpg","images\Sketches\grins\Street Fighter Guile Grin ORIGINAL.jpg","D:\github\ron-english-sketches-and-drawings\images\Sketches\grins\Street Fighter Guile Grin ORIGINAL.jpg","False","659154","643.71 KB","5/7/2026 6:58:01 PM","Candidate for removal later if not needed by bridge"
"brainbackdrop.jpg",".jpg","images\Sketches\Objects\patterns-symbols-and-icons\brainbackdrop.jpg","D:\github\ron-english-sketches-and-drawings\images\Sketches\Objects\patterns-symbols-and-icons\brainbackdrop.jpg","False","655724","640.36 KB","5/9/2026 11:42:00 AM","Candidate for removal later if not needed by bridge"
"Fish in Bowl no bowl  B&W digital.png",".png","images\Sketches\aquatic-dwellers\fish\Fish in Bowl no bowl  B&W digital.png","D:\github\ron-english-sketches-and-drawings\images\Sketches\aquatic-dwellers\fish\Fish in Bowl no bowl  B&W digital.png","False","655101","639.75 KB","5/6/2026 8:15:16 AM","Candidate for removal later if not needed by bridge"
"paisleypatternemoji.jpg",".jpg","images\Sketches\Objects\patterns-symbols-and-icons\paisleypatternemoji.jpg","D:\github\ron-english-sketches-and-drawings\images\Sketches\Objects\patterns-symbols-and-icons\paisleypatternemoji.jpg","False","655014","639.66 KB","5/9/2026 11:42:07 AM","Candidate for removal later if not needed by bridge"
"Dale Snail ORIGINAL.jpg",".jpg","images\Sketches\Snails\Dale Snail ORIGINAL.jpg","D:\github\ron-english-sketches-and-drawings\images\Sketches\Snails\Dale Snail ORIGINAL.jpg","False","654362","639.03 KB","5/9/2026 8:07:50 AM","Candidate for removal later if not needed by bridge"
"Duckbill Platypus ORIGINAL.jpg",".jpg","images\Sketches\aquatic-dwellers\platypus\Duckbill Platypus ORIGINAL.jpg","D:\github\ron-english-sketches-and-drawings\images\Sketches\aquatic-dwellers\platypus\Duckbill Platypus ORIGINAL.jpg","False","653607","638.29 KB","5/6/2026 6:41:57 AM","Candidate for removal later if not needed by bridge"
"emojipaisley.pdf_1.jpg",".jpg","images\Sketches\Objects\patterns-symbols-and-icons\emojipaisley.pdf_1.jpg","D:\github\ron-english-sketches-and-drawings\images\Sketches\Objects\patterns-symbols-and-icons\emojipaisley.pdf_1.jpg","False","653098","637.79 KB","5/9/2026 11:42:03 AM","Candidate for removal later if not needed by bridge"
"Snailmobile B&W.png",".png","images\Sketches\Snails\Snailmobile B&W.png","D:\github\ron-english-sketches-and-drawings\images\Sketches\Snails\Snailmobile B&W.png","False","650829","635.58 KB","5/9/2026 8:07:46 AM","Candidate for removal later if not needed by bridge"
"Lightcult Art 9.jpg",".jpg","images\Sketches\Light Cult\Lightcult Art 9.jpg","D:\github\ron-english-sketches-and-drawings\images\Sketches\Light Cult\Lightcult Art 9.jpg","False","645534","630.40 KB","5/9/2026 8:24:34 AM","Candidate for removal later if not needed by bridge"
"Trump Richie Rich ORIGINAL.jpg",".jpg","images\Sketches\celebrity-characters\Politicians\Trump Richie Rich ORIGINAL.jpg","D:\github\ron-english-sketches-and-drawings\images\Sketches\celebrity-characters\Politicians\Trump Richie Rich ORIGINAL.jpg","False","643219","628.14 KB","5/8/2026 12:42:56 PM","Candidate for removal later if not needed by bridge"
"CAMODOT_PATTERN_ALT_COLORWAYS.jpg",".jpg","images\Sketches\Objects\patterns-symbols-and-icons\CAMODOT_PATTERN_ALT_COLORWAYS.jpg","D:\github\ron-english-sketches-and-drawings\images\Sketches\Objects\patterns-symbols-and-icons\CAMODOT_PATTERN_ALT_COLORWAYS.jpg","False","642878","627.81 KB","5/9/2026 11:42:01 AM","Candidate for removal later if not needed by bridge"
"Potato Rabbbit in Delusionville B&W.jpg",".jpg","images\Sketches\Small Mammals\rabbbits\Potato Rabbbit in Delusionville B&W.jpg","D:\github\ron-english-sketches-and-drawings\images\Sketches\Small Mammals\rabbbits\Potato Rabbbit in Delusionville B&W.jpg","False","640147","625.14 KB","5/8/2026 4:35:20 PM","Candidate for removal later if not needed by bridge"
"Bart side 2 ORIGINAL.jpg",".jpg","images\Sketches\celebrity-characters\Simpsons\Bart side 2 ORIGINAL.jpg","D:\github\ron-english-sketches-and-drawings\images\Sketches\celebrity-characters\Simpsons\Bart side 2 ORIGINAL.jpg","False","633354","618.51 KB","5/8/2026 11:02:37 AM","Candidate for removal later if not needed by bridge"
"Mothship ORIGINAL COLOR 2.jpg",".jpg","images\Sketches\Objects\transportation\Mothship ORIGINAL COLOR 2.jpg","D:\github\ron-english-sketches-and-drawings\images\Sketches\Objects\transportation\Mothship ORIGINAL COLOR 2.jpg","False","630654","615.87 KB","5/9/2026 11:42:25 AM","Candidate for removal later if not needed by bridge"
"Mr Numb Nut COLOR.jpg",".jpg","images\Sketches\celebrity-characters\Numb Nuts Family\Mr Numb Nut COLOR.jpg","D:\github\ron-english-sketches-and-drawings\images\Sketches\celebrity-characters\Numb Nuts Family\Mr Numb Nut COLOR.jpg","False","629177","614.43 KB","5/8/2026 12:21:50 PM","Candidate for removal later if not needed by bridge"
"diamondskullsgreypattern.pdf_1.jpg",".jpg","images\Sketches\Objects\patterns-symbols-and-icons\diamondskullsgreypattern.pdf_1.jpg","D:\github\ron-english-sketches-and-drawings\images\Sketches\Objects\patterns-symbols-and-icons\diamondskullsgreypattern.pdf_1.jpg","False","626703","612.01 KB","5/9/2026 11:42:03 AM","Candidate for removal later if not needed by bridge"
"series 1 #6 back - AQUA APES - Younger Waters.png",".png","images\Sketches\aquatic-dwellers\aqua-apes\series 1 #6 back - AQUA APES - Younger Waters.png","D:\github\ron-english-sketches-and-drawings\images\Sketches\aquatic-dwellers\aqua-apes\series 1 #6 back - AQUA APES - Younger Waters.png","False","624854","610.21 KB","5/6/2026 10:53:41 AM","Candidate for removal later if not needed by bridge"
"Santa Christ with background B&W.jpg",".jpg","images\Sketches\Mythical Beings\Santas\Santa Christ with background B&W.jpg","D:\github\ron-english-sketches-and-drawings\images\Sketches\Mythical Beings\Santas\Santa Christ with background B&W.jpg","False","624088","609.46 KB","5/9/2026 7:19:16 AM","Candidate for removal later if not needed by bridge"
"brainbackdrop (4).jpg",".jpg","images\Sketches\Objects\patterns-symbols-and-icons\brainbackdrop (4).jpg","D:\github\ron-english-sketches-and-drawings\images\Sketches\Objects\patterns-symbols-and-icons\brainbackdrop (4).jpg","False","623676","609.06 KB","5/9/2026 11:42:00 AM","Candidate for removal later if not needed by bridge"
"brainbackdrop (2).jpg",".jpg","images\Sketches\Objects\patterns-symbols-and-icons\brainbackdrop (2).jpg","D:\github\ron-english-sketches-and-drawings\images\Sketches\Objects\patterns-symbols-and-icons\brainbackdrop (2).jpg","False","623560","608.95 KB","5/9/2026 11:41:59 AM","Candidate for removal later if not needed by bridge"
"Potato Rabbbit in Delusionville ORIGINAL.jpg",".jpg","images\Sketches\Small Mammals\rabbbits\Potato Rabbbit in Delusionville ORIGINAL.jpg","D:\github\ron-english-sketches-and-drawings\images\Sketches\Small Mammals\rabbbits\Potato Rabbbit in Delusionville ORIGINAL.jpg","False","622177","607.59 KB","5/8/2026 4:35:26 PM","Candidate for removal later if not needed by bridge"
"See Money B&W digital.jpg",".jpg","images\Sketches\aquatic-dwellers\aqua-apes\See Money B&W digital.jpg","D:\github\ron-english-sketches-and-drawings\images\Sketches\aquatic-dwellers\aqua-apes\See Money B&W digital.jpg","False","620689","606.14 KB","5/6/2026 7:50:59 AM","Candidate for removal later if not needed by bridge"
"Cocksnail ORIGINAL.jpg",".jpg","images\Sketches\Snails\Cocksnail ORIGINAL.jpg","D:\github\ron-english-sketches-and-drawings\images\Sketches\Snails\Cocksnail ORIGINAL.jpg","False","618192","603.70 KB","5/9/2026 8:07:49 AM","Candidate for removal later if not needed by bridge"
"Kursed Kid 3 ORIGINAL COLOR.jpg",".jpg","images\Sketches\Kursed\Kursed Kid 3 ORIGINAL COLOR.jpg","D:\github\ron-english-sketches-and-drawings\images\Sketches\Kursed\Kursed Kid 3 ORIGINAL COLOR.jpg","False","613880","599.49 KB","5/9/2026 8:16:14 AM","Candidate for removal later if not needed by bridge"
"Mothship ORIGINAL COLOR 1.jpg",".jpg","images\Sketches\Objects\transportation\Mothship ORIGINAL COLOR 1.jpg","D:\github\ron-english-sketches-and-drawings\images\Sketches\Objects\transportation\Mothship ORIGINAL COLOR 1.jpg","False","613514","599.13 KB","5/9/2026 11:42:25 AM","Candidate for removal later if not needed by bridge"
"Trump Duck Face B&W.jpg",".jpg","images\Sketches\celebrity-characters\Politicians\Trump Duck Face B&W.jpg","D:\github\ron-english-sketches-and-drawings\images\Sketches\celebrity-characters\Politicians\Trump Duck Face B&W.jpg","False","609129","594.85 KB","5/8/2026 12:42:56 PM","Candidate for removal later if not needed by bridge"
"smileypaisley.pdf_1.jpg",".jpg","images\Sketches\Objects\patterns-symbols-and-icons\smileypaisley.pdf_1.jpg","D:\github\ron-english-sketches-and-drawings\images\Sketches\Objects\patterns-symbols-and-icons\smileypaisley.pdf_1.jpg","False","607481","593.24 KB","5/9/2026 11:42:10 AM","Candidate for removal later if not needed by bridge"
"Chuckie Grin ORIGINAL COLOR.jpg",".jpg","images\Sketches\grins\Chuckie Grin ORIGINAL COLOR.jpg","D:\github\ron-english-sketches-and-drawings\images\Sketches\grins\Chuckie Grin ORIGINAL COLOR.jpg","False","603538","589.39 KB","5/7/2026 3:55:28 PM","Candidate for removal later if not needed by bridge"
"Chuckie Grin ORIGINAL.jpg",".jpg","images\Sketches\grins\Chuckie Grin ORIGINAL.jpg","D:\github\ron-english-sketches-and-drawings\images\Sketches\grins\Chuckie Grin ORIGINAL.jpg","False","599741","585.68 KB","5/7/2026 4:03:51 PM","Candidate for removal later if not needed by bridge"
"backdrop (4).jpg",".jpg","images\Sketches\Objects\patterns-symbols-and-icons\backdrop (4).jpg","D:\github\ron-english-sketches-and-drawings\images\Sketches\Objects\patterns-symbols-and-icons\backdrop (4).jpg","False","592700","578.81 KB","5/9/2026 11:41:59 AM","Candidate for removal later if not needed by bridge"
"heart bomb.jpg",".jpg","images\Sketches\Objects\weaponry-bombs-and-explosives\heart bomb.jpg","D:\github\ron-english-sketches-and-drawings\images\Sketches\Objects\weaponry-bombs-and-explosives\heart bomb.jpg","False","586518","572.77 KB","5/9/2026 11:43:26 AM","Candidate for removal later if not needed by bridge"
"Street Fighter Yoshimitsu ORIGINAL.png",".png","images\Sketches\celebrity-characters\Street Fighters\Street Fighter Yoshimitsu ORIGINAL.png","D:\github\ron-english-sketches-and-drawings\images\Sketches\celebrity-characters\Street Fighters\Street Fighter Yoshimitsu ORIGINAL.png","False","585876","572.14 KB","5/8/2026 11:05:48 AM","Candidate for removal later if not needed by bridge"
"Street Fighter HERO.png",".png","images\Sketches\celebrity-characters\Street Fighter HERO.png","D:\github\ron-english-sketches-and-drawings\images\Sketches\celebrity-characters\Street Fighter HERO.png","False","585876","572.14 KB","5/8/2026 11:05:48 AM","Candidate for removal later if not needed by bridge"
"Cowgirl Portrait ORIGINAL.jpg",".jpg","images\Sketches\Ungulates\cattle\Cowgirl Portrait ORIGINAL.jpg","D:\github\ron-english-sketches-and-drawings\images\Sketches\Ungulates\cattle\Cowgirl Portrait ORIGINAL.jpg","False","585673","571.95 KB","5/8/2026 6:23:01 PM","Candidate for removal later if not needed by bridge"
"Bart front B&W.png",".png","images\Sketches\celebrity-characters\Simpsons\Bart front B&W.png","D:\github\ron-english-sketches-and-drawings\images\Sketches\celebrity-characters\Simpsons\Bart front B&W.png","False","584997","571.29 KB","5/8/2026 11:02:30 AM","Candidate for removal later if not needed by bridge"
"newbackdrop1.jpg",".jpg","images\Sketches\Objects\patterns-symbols-and-icons\newbackdrop1.jpg","D:\github\ron-english-sketches-and-drawings\images\Sketches\Objects\patterns-symbols-and-icons\newbackdrop1.jpg","False","583530","569.85 KB","5/9/2026 11:42:06 AM","Candidate for removal later if not needed by bridge"
"Meet the Delusionville Residents-Brooke Waterst.mp4",".mp4","images\Sketches\aquatic-dwellers\aqua-apes\Meet the Delusionville Residents-Brooke Waterst.mp4","D:\github\ron-english-sketches-and-drawings\images\Sketches\aquatic-dwellers\aqua-apes\Meet the Delusionville Residents-Brooke Waterst.mp4","False","581398","567.77 KB","5/6/2026 10:11:37 AM","Candidate for removal later if not needed by bridge"
"Screamer ORIGINAL.jpg",".jpg","images\Sketches\Mythical Beings\Multiple Faces\Screamer ORIGINAL.jpg","D:\github\ron-english-sketches-and-drawings\images\Sketches\Mythical Beings\Multiple Faces\Screamer ORIGINAL.jpg","False","578566","565.01 KB","5/9/2026 7:09:51 AM","Candidate for removal later if not needed by bridge"
"Pepe Bikini B&W.jpg",".jpg","images\Sketches\celebrity-characters\Pepe the Frog\Pepe Bikini B&W.jpg","D:\github\ron-english-sketches-and-drawings\images\Sketches\celebrity-characters\Pepe the Frog\Pepe Bikini B&W.jpg","False","577178","563.65 KB","5/8/2026 12:38:26 PM","Candidate for removal later if not needed by bridge"
"Trump Duck Face ORIGINAL.jpg",".jpg","images\Sketches\celebrity-characters\Politicians\Trump Duck Face ORIGINAL.jpg","D:\github\ron-english-sketches-and-drawings\images\Sketches\celebrity-characters\Politicians\Trump Duck Face ORIGINAL.jpg","False","576426","562.92 KB","5/8/2026 12:42:56 PM","Candidate for removal later if not needed by bridge"
"Two Point Five Children ORIGINAL.jpg",".jpg","images\Sketches\aquatic-dwellers\sharks\Two Point Five Children ORIGINAL.jpg","D:\github\ron-english-sketches-and-drawings\images\Sketches\aquatic-dwellers\sharks\Two Point Five Children ORIGINAL.jpg","False","573605","560.16 KB","5/6/2026 6:42:35 AM","Candidate for removal later if not needed by bridge"
"Two Point Five Children ORIGINAL.jpg",".jpg","images\Sketches\sharks\Two Point Five Children ORIGINAL.jpg","D:\github\ron-english-sketches-and-drawings\images\Sketches\sharks\Two Point Five Children ORIGINAL.jpg","False","573605","560.16 KB","5/6/2026 6:42:35 AM","Candidate for removal later if not needed by bridge"
"Stratus Sipson B&W.jpg",".jpg","images\Sketches\celebrity-characters\Simpsons\Stratus Sipson B&W.jpg","D:\github\ron-english-sketches-and-drawings\images\Sketches\celebrity-characters\Simpsons\Stratus Sipson B&W.jpg","False","573386","559.95 KB","5/8/2026 12:48:21 PM","Candidate for removal later if not needed by bridge"
"Stratus Sipson B&W.jpg",".jpg","images\Sketches\celebrity-characters\Stratus Sipson B&W.jpg","D:\github\ron-english-sketches-and-drawings\images\Sketches\celebrity-characters\Stratus Sipson B&W.jpg","False","573386","559.95 KB","5/8/2026 12:48:21 PM","Candidate for removal later if not needed by bridge"
"Allie Quack walking COLOR.png",".png","images\Sketches\avians\ducks\Allie Quack walking COLOR.png","D:\github\ron-english-sketches-and-drawings\images\Sketches\avians\ducks\Allie Quack walking COLOR.png","False","569027","555.69 KB","5/6/2026 2:56:46 PM","Candidate for removal later if not needed by bridge"
"Feather Flower with Eye ORIGINAL COLOR.jpg",".jpg","images\Sketches\flowers\Feather Flower with Eye ORIGINAL COLOR.jpg","D:\github\ron-english-sketches-and-drawings\images\Sketches\flowers\Feather Flower with Eye ORIGINAL COLOR.jpg","False","568190","554.87 KB","5/9/2026 8:06:29 AM","Candidate for removal later if not needed by bridge"
"Sex Brain 2 ORIGINAL.jpg",".jpg","images\Sketches\brains\Sex Brain 2 ORIGINAL.jpg","D:\github\ron-english-sketches-and-drawings\images\Sketches\brains\Sex Brain 2 ORIGINAL.jpg","False","566705","553.42 KB","5/8/2026 5:08:49 PM","Candidate for removal later if not needed by bridge"
"Mr Numb Nut B&W.jpg",".jpg","images\Sketches\celebrity-characters\Numb Nuts Family\Mr Numb Nut B&W.jpg","D:\github\ron-english-sketches-and-drawings\images\Sketches\celebrity-characters\Numb Nuts Family\Mr Numb Nut B&W.jpg","False","560867","547.72 KB","5/8/2026 12:21:50 PM","Candidate for removal later if not needed by bridge"
"Bart Grin Chubby front ORIGINAL.jpg",".jpg","images\Sketches\grins\Bart Grin Chubby front ORIGINAL.jpg","D:\github\ron-english-sketches-and-drawings\images\Sketches\grins\Bart Grin Chubby front ORIGINAL.jpg","False","559676","546.56 KB","5/8/2026 5:41:42 AM","Candidate for removal later if not needed by bridge"
"FinFlyer Finley ORIGINAL.jpg",".jpg","images\Sketches\aquatic-dwellers\fish\FinFlyer Finley ORIGINAL.jpg","D:\github\ron-english-sketches-and-drawings\images\Sketches\aquatic-dwellers\fish\FinFlyer Finley ORIGINAL.jpg","False","559572","546.46 KB","5/6/2026 6:42:07 AM","Candidate for removal later if not needed by bridge"
"Gummy Bear Grin COLOR.jpg",".jpg","images\Sketches\grins\Gummy Bear Grin COLOR.jpg","D:\github\ron-english-sketches-and-drawings\images\Sketches\grins\Gummy Bear Grin COLOR.jpg","False","559133","546.03 KB","5/8/2026 6:53:03 AM","Candidate for removal later if not needed by bridge"
"Delusionville+Camodot_HighResl.jpg",".jpg","images\Sketches\Objects\patterns-symbols-and-icons\Delusionville+Camodot_HighResl.jpg","D:\github\ron-english-sketches-and-drawings\images\Sketches\Objects\patterns-symbols-and-icons\Delusionville+Camodot_HighResl.jpg","False","557883","544.81 KB","5/9/2026 11:42:02 AM","Candidate for removal later if not needed by bridge"
"Batman Grin and Robin 2 ORIGINAL.jpg",".jpg","images\Sketches\grins\Batman Grin and Robin 2 ORIGINAL.jpg","D:\github\ron-english-sketches-and-drawings\images\Sketches\grins\Batman Grin and Robin 2 ORIGINAL.jpg","False","556718","543.67 KB","5/7/2026 3:53:17 PM","Candidate for removal later if not needed by bridge"
"Bart Face 2 ORIGINAL.jpg",".jpg","images\Sketches\celebrity-characters\Simpsons\Bart Face 2 ORIGINAL.jpg","D:\github\ron-english-sketches-and-drawings\images\Sketches\celebrity-characters\Simpsons\Bart Face 2 ORIGINAL.jpg","False","555484","542.46 KB","5/8/2026 11:02:36 AM","Candidate for removal later if not needed by bridge"
"40-Year-Old Fetus ORIGINAL.jpg",".jpg","images\Sketches\Mythical Beings\Mythical Humans\40-Year-Old Fetus ORIGINAL.jpg","D:\github\ron-english-sketches-and-drawings\images\Sketches\Mythical Beings\Mythical Humans\40-Year-Old Fetus ORIGINAL.jpg","False","553118","540.15 KB","5/9/2026 7:10:01 AM","Candidate for removal later if not needed by bridge"
"Freak Bro Grin COLOR.jpg",".jpg","images\Sketches\grins\Freak Bro Grin COLOR.jpg","D:\github\ron-english-sketches-and-drawings\images\Sketches\grins\Freak Bro Grin COLOR.jpg","False","552744","539.79 KB","5/8/2026 6:52:45 AM","Candidate for removal later if not needed by bridge"
"Mr Numb Nut ORIGINAL.jpg",".jpg","images\Sketches\celebrity-characters\Numb Nuts Family\Mr Numb Nut ORIGINAL.jpg","D:\github\ron-english-sketches-and-drawings\images\Sketches\celebrity-characters\Numb Nuts Family\Mr Numb Nut ORIGINAL.jpg","False","552627","539.67 KB","5/8/2026 12:21:50 PM","Candidate for removal later if not needed by bridge"
"Kursed Kid 2 ORIGINAL.jpg",".jpg","images\Sketches\Kursed\Kursed Kid 2 ORIGINAL.jpg","D:\github\ron-english-sketches-and-drawings\images\Sketches\Kursed\Kursed Kid 2 ORIGINAL.jpg","False","548240","535.39 KB","5/9/2026 8:16:13 AM","Candidate for removal later if not needed by bridge"
"camoarmymenversion3.jpg",".jpg","images\Sketches\Objects\patterns-symbols-and-icons\camoarmymenversion3.jpg","D:\github\ron-english-sketches-and-drawings\images\Sketches\Objects\patterns-symbols-and-icons\camoarmymenversion3.jpg","False","545603","532.82 KB","5/9/2026 11:42:01 AM","Candidate for removal later if not needed by bridge"
"Snailmobile COLOR.jpg",".jpg","images\Sketches\Snails\Snailmobile COLOR.jpg","D:\github\ron-english-sketches-and-drawings\images\Sketches\Snails\Snailmobile COLOR.jpg","False","544962","532.19 KB","5/10/2026 6:57:15 AM","Candidate for removal later if not needed by bridge"
"camoarmymenversion1.jpg",".jpg","images\Sketches\Objects\patterns-symbols-and-icons\camoarmymenversion1.jpg","D:\github\ron-english-sketches-and-drawings\images\Sketches\Objects\patterns-symbols-and-icons\camoarmymenversion1.jpg","False","544839","532.07 KB","5/9/2026 11:42:01 AM","Candidate for removal later if not needed by bridge"
"series 1 #11 back - DUCKS - Allie Quack - common.png",".png","images\Sketches\avians\ducks\series 1 #11 back - DUCKS - Allie Quack - common.png","D:\github\ron-english-sketches-and-drawings\images\Sketches\avians\ducks\series 1 #11 back - DUCKS - Allie Quack - common.png","False","544574","531.81 KB","5/6/2026 5:29:16 PM","Candidate for removal later if not needed by bridge"
"Kursed Kid 3 ORIGINAL.jpg",".jpg","images\Sketches\Kursed\Kursed Kid 3 ORIGINAL.jpg","D:\github\ron-english-sketches-and-drawings\images\Sketches\Kursed\Kursed Kid 3 ORIGINAL.jpg","False","542725","530.00 KB","5/9/2026 8:16:14 AM","Candidate for removal later if not needed by bridge"
"Rugrat Grin COLOR.jpg",".jpg","images\Sketches\grins\Rugrat Grin COLOR.jpg","D:\github\ron-english-sketches-and-drawings\images\Sketches\grins\Rugrat Grin COLOR.jpg","False","542091","529.39 KB","5/8/2026 6:53:03 AM","Candidate for removal later if not needed by bridge"
"Mothship ORIGINAL.jpg",".jpg","images\Sketches\Objects\transportation\Mothship ORIGINAL.jpg","D:\github\ron-english-sketches-and-drawings\images\Sketches\Objects\transportation\Mothship ORIGINAL.jpg","False","540885","528.21 KB","5/9/2026 11:42:26 AM","Candidate for removal later if not needed by bridge"
"series 1 #7 front - BUZZARDS - Vull Ture.png",".png","images\Sketches\avians\buzzards\series 1 #7 front - BUZZARDS - Vull Ture.png","D:\github\ron-english-sketches-and-drawings\images\Sketches\avians\buzzards\series 1 #7 front - BUZZARDS - Vull Ture.png","False","540059","527.40 KB","5/6/2026 1:47:20 PM","Candidate for removal later if not needed by bridge"
"Peter Grin COLOR.jpg",".jpg","images\Sketches\grins\Peter Grin COLOR.jpg","D:\github\ron-english-sketches-and-drawings\images\Sketches\grins\Peter Grin COLOR.jpg","False","539669","527.02 KB","5/8/2026 6:53:03 AM","Candidate for removal later if not needed by bridge"
"Mogul Grin back COLOR.jpg",".jpg","images\Sketches\grins\Mogul Grin back COLOR.jpg","D:\github\ron-english-sketches-and-drawings\images\Sketches\grins\Mogul Grin back COLOR.jpg","False","537502","524.90 KB","5/8/2026 6:52:45 AM","Candidate for removal later if not needed by bridge"
"Poultry Plump (500-Pound Poultry) back COLORdigital.png",".png","images\Sketches\avians\chickens\Poultry Plump (500-Pound Poultry) back COLORdigital.png","D:\github\ron-english-sketches-and-drawings\images\Sketches\avians\chickens\Poultry Plump (500-Pound Poultry) back COLORdigital.png","False","536427","523.85 KB","3/19/2026 3:11:34 PM","Candidate for removal later if not needed by bridge"
"Ben Banger in Car ORIGINAL COLOR 1.jpg",".jpg","images\Sketches\Kursed\Ben Banger in Car ORIGINAL COLOR 1.jpg","D:\github\ron-english-sketches-and-drawings\images\Sketches\Kursed\Ben Banger in Car ORIGINAL COLOR 1.jpg","False","536106","523.54 KB","5/9/2026 8:14:51 AM","Candidate for removal later if not needed by bridge"
"Homer Grin COLOR.jpg",".jpg","images\Sketches\grins\Homer Grin COLOR.jpg","D:\github\ron-english-sketches-and-drawings\images\Sketches\grins\Homer Grin COLOR.jpg","False","535389","522.84 KB","5/8/2026 6:53:03 AM","Candidate for removal later if not needed by bridge"
"Dudebox Monster ORIGINAL.jpg",".jpg","images\Sketches\Kaijus\Dudebox Monster ORIGINAL.jpg","D:\github\ron-english-sketches-and-drawings\images\Sketches\Kaijus\Dudebox Monster ORIGINAL.jpg","False","533376","520.88 KB","5/8/2026 5:30:16 PM","Candidate for removal later if not needed by bridge"
"See Money COLOR digital.jpg",".jpg","images\Sketches\aquatic-dwellers\aqua-apes\See Money COLOR digital.jpg","D:\github\ron-english-sketches-and-drawings\images\Sketches\aquatic-dwellers\aqua-apes\See Money COLOR digital.jpg","False","533012","520.52 KB","5/6/2026 7:21:21 AM","Candidate for removal later if not needed by bridge"
"Right Left Wing B&W.jpg",".jpg","images\Sketches\Skeletons\Right Left Wing B&W.jpg","D:\github\ron-english-sketches-and-drawings\images\Sketches\Skeletons\Right Left Wing B&W.jpg","False","532379","519.90 KB","5/9/2026 10:34:51 AM","Candidate for removal later if not needed by bridge"
"Yin Yang Grin 2 B&W.jpg",".jpg","images\Sketches\grins\Yin Yang Grin 2 B&W.jpg","D:\github\ron-english-sketches-and-drawings\images\Sketches\grins\Yin Yang Grin 2 B&W.jpg","False","531244","518.79 KB","5/7/2026 6:58:01 PM","Candidate for removal later if not needed by bridge"
"Kursed Grin Side View B&W.jpg",".jpg","images\Sketches\grins\Kursed Grin Side View B&W.jpg","D:\github\ron-english-sketches-and-drawings\images\Sketches\grins\Kursed Grin Side View B&W.jpg","False","531118","518.67 KB","5/8/2026 6:52:54 AM","Candidate for removal later if not needed by bridge"
"Grin Brain Cone B&W.jpg",".jpg","images\Sketches\grins\Grin Brain Cone B&W.jpg","D:\github\ron-english-sketches-and-drawings\images\Sketches\grins\Grin Brain Cone B&W.jpg","False","531057","518.61 KB","5/8/2026 6:52:45 AM","Candidate for removal later if not needed by bridge"
"Area 54 Cards - 340 - Cavaler Avaler.jpg",".jpg","images\Sketches\aliens\Area 54 Cards - 340 - Cavaler Avaler.jpg","D:\github\ron-english-sketches-and-drawings\images\Sketches\aliens\Area 54 Cards - 340 - Cavaler Avaler.jpg","False","530738","518.30 KB","5/9/2026 12:16:41 PM","Candidate for removal later if not needed by bridge"
"Mr Met Grin COLOR.jpg",".jpg","images\Sketches\grins\Mr Met Grin COLOR.jpg","D:\github\ron-english-sketches-and-drawings\images\Sketches\grins\Mr Met Grin COLOR.jpg","False","530078","517.65 KB","5/8/2026 6:53:03 AM","Candidate for removal later if not needed by bridge"
"Right Left Wing COLOR.jpg",".jpg","images\Sketches\Skeletons\Right Left Wing COLOR.jpg","D:\github\ron-english-sketches-and-drawings\images\Sketches\Skeletons\Right Left Wing COLOR.jpg","False","528443","516.06 KB","5/9/2026 10:34:56 AM","Candidate for removal later if not needed by bridge"
"Numb Nut HERO.jpg",".jpg","images\Sketches\celebrity-characters\Numb Nut HERO.jpg","D:\github\ron-english-sketches-and-drawings\images\Sketches\celebrity-characters\Numb Nut HERO.jpg","False","527627","515.26 KB","5/8/2026 12:21:51 PM","Candidate for removal later if not needed by bridge"
"Mrs Numb Nut COLOR.jpg",".jpg","images\Sketches\celebrity-characters\Numb Nuts Family\Mrs Numb Nut COLOR.jpg","D:\github\ron-english-sketches-and-drawings\images\Sketches\celebrity-characters\Numb Nuts Family\Mrs Numb Nut COLOR.jpg","False","527627","515.26 KB","5/8/2026 12:21:51 PM","Candidate for removal later if not needed by bridge"
"Spongebob Grin in Waves B&W.jpg",".jpg","images\Sketches\grins\Spongebob Grin in Waves B&W.jpg","D:\github\ron-english-sketches-and-drawings\images\Sketches\grins\Spongebob Grin in Waves B&W.jpg","False","526960","514.61 KB","5/7/2026 6:53:53 PM","Candidate for removal later if not needed by bridge"
"Lucky Cat Grin B&W.jpg",".jpg","images\Sketches\grins\Lucky Cat Grin B&W.jpg","D:\github\ron-english-sketches-and-drawings\images\Sketches\grins\Lucky Cat Grin B&W.jpg","False","526599","514.26 KB","5/8/2026 6:53:03 AM","Candidate for removal later if not needed by bridge"
"Teddy Bear Grin Standing B&W.jpg",".jpg","images\Sketches\grins\Teddy Bear Grin Standing B&W.jpg","D:\github\ron-english-sketches-and-drawings\images\Sketches\grins\Teddy Bear Grin Standing B&W.jpg","False","522112","509.88 KB","5/8/2026 6:53:03 AM","Candidate for removal later if not needed by bridge"
"camoclowndollarback copy.jpg",".jpg","images\Sketches\Objects\money-and-currency\camoclowndollarback copy.jpg","D:\github\ron-english-sketches-and-drawings\images\Sketches\Objects\money-and-currency\camoclowndollarback copy.jpg","False","519703","507.52 KB","5/9/2026 11:41:33 AM","Candidate for removal later if not needed by bridge"
"Staples Pigeon Grin front COLOR.jpg",".jpg","images\Sketches\grins\Staples Pigeon Grin front COLOR.jpg","D:\github\ron-english-sketches-and-drawings\images\Sketches\grins\Staples Pigeon Grin front COLOR.jpg","False","519556","507.38 KB","5/8/2026 6:52:45 AM","Candidate for removal later if not needed by bridge"
"newskullplaid sm.jpg",".jpg","images\Sketches\Objects\patterns-symbols-and-icons\newskullplaid sm.jpg","D:\github\ron-english-sketches-and-drawings\images\Sketches\Objects\patterns-symbols-and-icons\newskullplaid sm.jpg","False","519494","507.32 KB","5/9/2026 11:42:07 AM","Candidate for removal later if not needed by bridge"
"Elephant Grin COLOR.jpg",".jpg","images\Sketches\grins\Elephant Grin COLOR.jpg","D:\github\ron-english-sketches-and-drawings\images\Sketches\grins\Elephant Grin COLOR.jpg","False","519235","507.07 KB","5/8/2026 6:53:03 AM","Candidate for removal later if not needed by bridge"
"Scrap Ard ORIGINAL COLOR (2).jpg",".jpg","images\Sketches\avians\buzzards\Scrap Ard ORIGINAL COLOR (2).jpg","D:\github\ron-english-sketches-and-drawings\images\Sketches\avians\buzzards\Scrap Ard ORIGINAL COLOR (2).jpg","False","517883","505.75 KB","3/19/2026 3:11:17 PM","Candidate for removal later if not needed by bridge"
"series 2 #29 front - DUCKS - Jet Quack - Uncommon.jpg",".jpg","images\Sketches\avians\ducks\series 2 #29 front - DUCKS - Jet Quack - Uncommon.jpg","D:\github\ron-english-sketches-and-drawings\images\Sketches\avians\ducks\series 2 #29 front - DUCKS - Jet Quack - Uncommon.jpg","False","517212","505.09 KB","5/6/2026 5:25:45 PM","Candidate for removal later if not needed by bridge"
"Smurf Grin COLOR.jpg",".jpg","images\Sketches\grins\Smurf Grin COLOR.jpg","D:\github\ron-english-sketches-and-drawings\images\Sketches\grins\Smurf Grin COLOR.jpg","False","516987","504.87 KB","5/8/2026 6:53:03 AM","Candidate for removal later if not needed by bridge"
"Salt of the Girth COLOR.jpg",".jpg","images\Sketches\celebrity-characters\Morton Salt Girl\Salt of the Girth COLOR.jpg","D:\github\ron-english-sketches-and-drawings\images\Sketches\celebrity-characters\Morton Salt Girl\Salt of the Girth COLOR.jpg","False","516764","504.65 KB","5/8/2026 12:20:15 PM","Candidate for removal later if not needed by bridge"
"morton salt HERO.jpg",".jpg","images\Sketches\celebrity-characters\morton salt HERO.jpg","D:\github\ron-english-sketches-and-drawings\images\Sketches\celebrity-characters\morton salt HERO.jpg","False","516764","504.65 KB","5/8/2026 12:20:15 PM","Candidate for removal later if not needed by bridge"
"Dripping Grin ORIGINAL COLOR.jpg",".jpg","images\Sketches\grins\Dripping Grin ORIGINAL COLOR.jpg","D:\github\ron-english-sketches-and-drawings\images\Sketches\grins\Dripping Grin ORIGINAL COLOR.jpg","False","516274","504.17 KB","5/8/2026 6:53:03 AM","Candidate for removal later if not needed by bridge"
"Ben Banger in Car ORIGINAL.jpg",".jpg","images\Sketches\Kursed\Ben Banger in Car ORIGINAL.jpg","D:\github\ron-english-sketches-and-drawings\images\Sketches\Kursed\Ben Banger in Car ORIGINAL.jpg","False","515659","503.57 KB","5/9/2026 8:14:51 AM","Candidate for removal later if not needed by bridge"
"Street Fighter Juri ORIGINAL.jpg",".jpg","images\Sketches\celebrity-characters\Street Fighters\Street Fighter Juri ORIGINAL.jpg","D:\github\ron-english-sketches-and-drawings\images\Sketches\celebrity-characters\Street Fighters\Street Fighter Juri ORIGINAL.jpg","False","515275","503.20 KB","5/8/2026 11:05:47 AM","Candidate for removal later if not needed by bridge"
"Snoopy Traditional Grin B&W.jpg",".jpg","images\Sketches\grins\Snoopy Traditional Grin B&W.jpg","D:\github\ron-english-sketches-and-drawings\images\Sketches\grins\Snoopy Traditional Grin B&W.jpg","False","514795","502.73 KB","5/7/2026 6:53:53 PM","Candidate for removal later if not needed by bridge"
"Judge Mental ORIGINAL COLOR.jpg",".jpg","images\Sketches\Mythical Beings\Multiple Faces\Judge Mental ORIGINAL COLOR.jpg","D:\github\ron-english-sketches-and-drawings\images\Sketches\Mythical Beings\Multiple Faces\Judge Mental ORIGINAL COLOR.jpg","False","514792","502.73 KB","5/9/2026 7:08:39 AM","Candidate for removal later if not needed by bridge"
"Allie Quack walking B&W.png",".png","images\Sketches\avians\ducks\Allie Quack walking B&W.png","D:\github\ron-english-sketches-and-drawings\images\Sketches\avians\ducks\Allie Quack walking B&W.png","False","513857","501.81 KB","5/6/2026 2:57:23 PM","Candidate for removal later if not needed by bridge"
"Battle Cat Grin Crouching COLOR.jpg",".jpg","images\Sketches\grins\Battle Cat Grin Crouching COLOR.jpg","D:\github\ron-english-sketches-and-drawings\images\Sketches\grins\Battle Cat Grin Crouching COLOR.jpg","False","511897","499.90 KB","5/7/2026 3:53:31 PM","Candidate for removal later if not needed by bridge"
"Lisa Grin right side COLOR.jpg",".jpg","images\Sketches\grins\Lisa Grin right side COLOR.jpg","D:\github\ron-english-sketches-and-drawings\images\Sketches\grins\Lisa Grin right side COLOR.jpg","False","511815","499.82 KB","5/8/2026 6:52:45 AM","Candidate for removal later if not needed by bridge"
"Right Left Wing ORIGINAL.jpg",".jpg","images\Sketches\Skeletons\Right Left Wing ORIGINAL.jpg","D:\github\ron-english-sketches-and-drawings\images\Sketches\Skeletons\Right Left Wing ORIGINAL.jpg","False","511416","499.43 KB","5/9/2026 10:34:58 AM","Candidate for removal later if not needed by bridge"
"moth ship.jpg",".jpg","images\Sketches\Objects\transportation\moth ship.jpg","D:\github\ron-english-sketches-and-drawings\images\Sketches\Objects\transportation\moth ship.jpg","False","510852","498.88 KB","5/9/2026 11:42:24 AM","Candidate for removal later if not needed by bridge"
"Mogul Grin right side COLOR.jpg",".jpg","images\Sketches\grins\Mogul Grin right side COLOR.jpg","D:\github\ron-english-sketches-and-drawings\images\Sketches\grins\Mogul Grin right side COLOR.jpg","False","510687","498.72 KB","5/8/2026 6:53:03 AM","Candidate for removal later if not needed by bridge"
"img214 (2).jpg",".jpg","images\Sketches\Objects\patterns-symbols-and-icons\img214 (2).jpg","D:\github\ron-english-sketches-and-drawings\images\Sketches\Objects\patterns-symbols-and-icons\img214 (2).jpg","False","510125","498.17 KB","5/9/2026 11:42:04 AM","Candidate for removal later if not needed by bridge"
"Delusionville+Camodot_Diamond.jpg",".jpg","images\Sketches\Objects\patterns-symbols-and-icons\Delusionville+Camodot_Diamond.jpg","D:\github\ron-english-sketches-and-drawings\images\Sketches\Objects\patterns-symbols-and-icons\Delusionville+Camodot_Diamond.jpg","False","509266","497.33 KB","5/9/2026 11:42:02 AM","Candidate for removal later if not needed by bridge"
"Kursed Kid 1 ORIGINAL.jpg",".jpg","images\Sketches\Kursed\Kursed Kid 1 ORIGINAL.jpg","D:\github\ron-english-sketches-and-drawings\images\Sketches\Kursed\Kursed Kid 1 ORIGINAL.jpg","False","508558","496.64 KB","5/9/2026 8:16:13 AM","Candidate for removal later if not needed by bridge"
"Caterpillar ORIGINAL 2.jpg",".jpg","images\Sketches\Kaijus\Caterpillar ORIGINAL 2.jpg","D:\github\ron-english-sketches-and-drawings\images\Sketches\Kaijus\Caterpillar ORIGINAL 2.jpg","False","508495","496.58 KB","5/8/2026 5:28:22 PM","Candidate for removal later if not needed by bridge"
"The Pepe in the Hat B&W.jpg",".jpg","images\Sketches\celebrity-characters\Pepe the Frog\The Pepe in the Hat B&W.jpg","D:\github\ron-english-sketches-and-drawings\images\Sketches\celebrity-characters\Pepe the Frog\The Pepe in the Hat B&W.jpg","False","508184","496.27 KB","5/8/2026 12:38:26 PM","Candidate for removal later if not needed by bridge"
"Mr Potato Grin COLOR 2.png",".png","images\Sketches\grins\Mr Potato Grin COLOR 2.png","D:\github\ron-english-sketches-and-drawings\images\Sketches\grins\Mr Potato Grin COLOR 2.png","False","507234","495.35 KB","3/21/2026 7:22:57 AM","Candidate for removal later if not needed by bridge"
"Stratus Sipson ORIGINAL.jpg",".jpg","images\Sketches\celebrity-characters\Simpsons\Stratus Sipson ORIGINAL.jpg","D:\github\ron-english-sketches-and-drawings\images\Sketches\celebrity-characters\Simpsons\Stratus Sipson ORIGINAL.jpg","False","507088","495.20 KB","5/8/2026 11:02:39 AM","Candidate for removal later if not needed by bridge"
"paisleysmile.jpg",".jpg","images\Sketches\Objects\patterns-symbols-and-icons\paisleysmile.jpg","D:\github\ron-english-sketches-and-drawings\images\Sketches\Objects\patterns-symbols-and-icons\paisleysmile.jpg","False","506505","494.63 KB","5/9/2026 11:42:08 AM","Candidate for removal later if not needed by bridge"
"Richie Grin COLOR.jpg",".jpg","images\Sketches\grins\Richie Grin COLOR.jpg","D:\github\ron-english-sketches-and-drawings\images\Sketches\grins\Richie Grin COLOR.jpg","False","506096","494.23 KB","5/8/2026 6:53:03 AM","Candidate for removal later if not needed by bridge"
"Grouch Grin B&W.jpg",".jpg","images\Sketches\grins\Grouch Grin B&W.jpg","D:\github\ron-english-sketches-and-drawings\images\Sketches\grins\Grouch Grin B&W.jpg","False","505243","493.40 KB","5/8/2026 6:52:54 AM","Candidate for removal later if not needed by bridge"
"Pepe Squidward B&W.jpg",".jpg","images\Sketches\celebrity-characters\Pepe the Frog\Pepe Squidward B&W.jpg","D:\github\ron-english-sketches-and-drawings\images\Sketches\celebrity-characters\Pepe the Frog\Pepe Squidward B&W.jpg","False","504252","492.43 KB","5/8/2026 12:38:26 PM","Candidate for removal later if not needed by bridge"
"Sin of Consciousness ORIGINAL.jpg",".jpg","images\Sketches\brains\Sin of Consciousness ORIGINAL.jpg","D:\github\ron-english-sketches-and-drawings\images\Sketches\brains\Sin of Consciousness ORIGINAL.jpg","False","503750","491.94 KB","5/8/2026 5:09:02 PM","Candidate for removal later if not needed by bridge"
"Kursed Kid 5 ORIGINAL.jpg",".jpg","images\Sketches\Kursed\Kursed Kid 5 ORIGINAL.jpg","D:\github\ron-english-sketches-and-drawings\images\Sketches\Kursed\Kursed Kid 5 ORIGINAL.jpg","False","503139","491.35 KB","5/9/2026 8:16:15 AM","Candidate for removal later if not needed by bridge"
"Jane Jetson Grin B&W.jpg",".jpg","images\Sketches\grins\Jane Jetson Grin B&W.jpg","D:\github\ron-english-sketches-and-drawings\images\Sketches\grins\Jane Jetson Grin B&W.jpg","False","503044","491.25 KB","5/8/2026 6:53:03 AM","Candidate for removal later if not needed by bridge"
"Rabbbit Double Grin Mouth COLOR.jpg",".jpg","images\Sketches\grins\Rabbbit Double Grin Mouth COLOR.jpg","D:\github\ron-english-sketches-and-drawings\images\Sketches\grins\Rabbbit Double Grin Mouth COLOR.jpg","False","502680","490.90 KB","5/8/2026 6:52:54 AM","Candidate for removal later if not needed by bridge"
"Clown in Car 2 ORIGINAL COLOR.jpg",".jpg","images\Sketches\Mythical Beings\Mythical Humans\Clown in Car 2 ORIGINAL COLOR.jpg","D:\github\ron-english-sketches-and-drawings\images\Sketches\Mythical Beings\Mythical Humans\Clown in Car 2 ORIGINAL COLOR.jpg","False","501688","489.93 KB","5/9/2026 7:12:08 AM","Candidate for removal later if not needed by bridge"
"Jake the Dog Grin COLOR.jpg",".jpg","images\Sketches\grins\Jake the Dog Grin COLOR.jpg","D:\github\ron-english-sketches-and-drawings\images\Sketches\grins\Jake the Dog Grin COLOR.jpg","False","501487","489.73 KB","5/8/2026 6:53:03 AM","Candidate for removal later if not needed by bridge"
"rollercoastersketch.jpg",".jpg","images\Sketches\Objects\amusement-rides-and-games\rollercoastersketch.jpg","D:\github\ron-english-sketches-and-drawings\images\Sketches\Objects\amusement-rides-and-games\rollercoastersketch.jpg","False","499745","488.03 KB","5/9/2026 11:40:34 AM","Candidate for removal later if not needed by bridge"
"Kiss Skull Ace ORIGINAL.jpg",".jpg","images\Sketches\Skeletons\Kiss Skull Ace ORIGINAL.jpg","D:\github\ron-english-sketches-and-drawings\images\Sketches\Skeletons\Kiss Skull Ace ORIGINAL.jpg","False","499351","487.65 KB","5/9/2026 10:30:36 AM","Candidate for removal later if not needed by bridge"
"Timid Shark Grin COLOR.jpg",".jpg","images\Sketches\grins\Timid Shark Grin COLOR.jpg","D:\github\ron-english-sketches-and-drawings\images\Sketches\grins\Timid Shark Grin COLOR.jpg","False","499153","487.45 KB","5/8/2026 6:52:54 AM","Candidate for removal later if not needed by bridge"
"camoarmymenversion6.jpg",".jpg","images\Sketches\Objects\patterns-symbols-and-icons\camoarmymenversion6.jpg","D:\github\ron-english-sketches-and-drawings\images\Sketches\Objects\patterns-symbols-and-icons\camoarmymenversion6.jpg","False","498940","487.25 KB","5/9/2026 11:42:01 AM","Candidate for removal later if not needed by bridge"
"badlydrawnbucksm.jpg",".jpg","images\Sketches\Objects\money-and-currency\badlydrawnbucksm.jpg","D:\github\ron-english-sketches-and-drawings\images\Sketches\Objects\money-and-currency\badlydrawnbucksm.jpg","False","498837","487.15 KB","5/9/2026 11:41:32 AM","Candidate for removal later if not needed by bridge"
"Honey Butts Grin COLOR.jpg",".jpg","images\Sketches\grins\Honey Butts Grin COLOR.jpg","D:\github\ron-english-sketches-and-drawings\images\Sketches\grins\Honey Butts Grin COLOR.jpg","False","498184","486.51 KB","5/8/2026 6:52:54 AM","Candidate for removal later if not needed by bridge"
"Cathy Cowgirl Holding Pepe Head B&W.jpg",".jpg","images\Sketches\celebrity-characters\Pepe the Frog\Cathy Cowgirl Holding Pepe Head B&W.jpg","D:\github\ron-english-sketches-and-drawings\images\Sketches\celebrity-characters\Pepe the Frog\Cathy Cowgirl Holding Pepe Head B&W.jpg","False","497290","485.63 KB","5/8/2026 12:38:26 PM","Candidate for removal later if not needed by bridge"
"Leopard Grin 1 COLOR.png",".png","images\Sketches\grins\Leopard Grin 1 COLOR.png","D:\github\ron-english-sketches-and-drawings\images\Sketches\grins\Leopard Grin 1 COLOR.png","False","497289","485.63 KB","3/21/2026 7:21:56 AM","Candidate for removal later if not needed by bridge"
"David Grin ORIGINAL.jpg",".jpg","images\Sketches\grins\David Grin ORIGINAL.jpg","D:\github\ron-english-sketches-and-drawings\images\Sketches\grins\David Grin ORIGINAL.jpg","False","496968","485.32 KB","5/8/2026 6:53:03 AM","Candidate for removal later if not needed by bridge"
"Fat Pebbles ORIGINAL.jpg",".jpg","images\Sketches\celebrity-characters\Flintstones\Fat Pebbles ORIGINAL.jpg","D:\github\ron-english-sketches-and-drawings\images\Sketches\celebrity-characters\Flintstones\Fat Pebbles ORIGINAL.jpg","False","496540","484.90 KB","5/8/2026 11:03:03 AM","Candidate for removal later if not needed by bridge"
"Robbie Spray Grin.jpg",".jpg","images\Sketches\grins\Robbie Spray Grin.jpg","D:\github\ron-english-sketches-and-drawings\images\Sketches\grins\Robbie Spray Grin.jpg","False","495347","483.74 KB","5/7/2026 9:49:23 AM","Candidate for removal later if not needed by bridge"
"Bart back COLOR.png",".png","images\Sketches\celebrity-characters\Simpsons\Bart back COLOR.png","D:\github\ron-english-sketches-and-drawings\images\Sketches\celebrity-characters\Simpsons\Bart back COLOR.png","False","494772","483.18 KB","5/8/2026 11:02:32 AM","Candidate for removal later if not needed by bridge"
"Tupac Grin COLOR 1.jpg",".jpg","images\Sketches\grins\Tupac Grin COLOR 1.jpg","D:\github\ron-english-sketches-and-drawings\images\Sketches\grins\Tupac Grin COLOR 1.jpg","False","494083","482.50 KB","3/21/2026 7:25:44 AM","Candidate for removal later if not needed by bridge"
"newskullplaid.jpg",".jpg","images\Sketches\Objects\patterns-symbols-and-icons\newskullplaid.jpg","D:\github\ron-english-sketches-and-drawings\images\Sketches\Objects\patterns-symbols-and-icons\newskullplaid.jpg","False","493950","482.37 KB","5/9/2026 11:42:07 AM","Candidate for removal later if not needed by bridge"
"Hello Kitty Grin COLOR.jpg",".jpg","images\Sketches\grins\Hello Kitty Grin COLOR.jpg","D:\github\ron-english-sketches-and-drawings\images\Sketches\grins\Hello Kitty Grin COLOR.jpg","False","493448","481.88 KB","5/8/2026 6:53:03 AM","Candidate for removal later if not needed by bridge"
"Skeleton Grin front B&W.jpg",".jpg","images\Sketches\grins\Skeleton Grin front B&W.jpg","D:\github\ron-english-sketches-and-drawings\images\Sketches\grins\Skeleton Grin front B&W.jpg","False","493360","481.80 KB","5/8/2026 6:53:03 AM","Candidate for removal later if not needed by bridge"
"Area 54 Cards - 337 - Cavaler Avaler.jpg",".jpg","images\Sketches\aliens\Area 54 Cards - 337 - Cavaler Avaler.jpg","D:\github\ron-english-sketches-and-drawings\images\Sketches\aliens\Area 54 Cards - 337 - Cavaler Avaler.jpg","False","493360","481.80 KB","5/9/2026 12:16:41 PM","Candidate for removal later if not needed by bridge"
"series 1 #12 back - DUCKS - Dr bub quack - common.png",".png","images\Sketches\avians\ducks\series 1 #12 back - DUCKS - Dr bub quack - common.png","D:\github\ron-english-sketches-and-drawings\images\Sketches\avians\ducks\series 1 #12 back - DUCKS - Dr bub quack - common.png","False","493253","481.69 KB","5/6/2026 5:29:44 PM","Candidate for removal later if not needed by bridge"
"pinocchio grin left side - B&W - Trace girl.jpg",".jpg","images\Sketches\grins\pinocchio grin left side - B&W - Trace girl.jpg","D:\github\ron-english-sketches-and-drawings\images\Sketches\grins\pinocchio grin left side - B&W - Trace girl.jpg","False","493012","481.46 KB","5/8/2026 6:52:45 AM","Candidate for removal later if not needed by bridge"
"series 2 #3 back - AQUA APES - Jah Bliss Octopus - common.jpg",".jpg","images\Sketches\aquatic-dwellers\octopi\series 2 #3 back - AQUA APES - Jah Bliss Octopus - common.jpg","D:\github\ron-english-sketches-and-drawings\images\Sketches\aquatic-dwellers\octopi\series 2 #3 back - AQUA APES - Jah Bliss Octopus - common.jpg","False","492339","480.80 KB","5/6/2026 12:09:41 PM","Candidate for removal later if not needed by bridge"
"Feather Flower PATTERN 2 COLOR.jpg",".jpg","images\Sketches\flowers\Feather Flower PATTERN 2 COLOR.jpg","D:\github\ron-english-sketches-and-drawings\images\Sketches\flowers\Feather Flower PATTERN 2 COLOR.jpg","False","492313","480.77 KB","5/9/2026 8:06:29 AM","Candidate for removal later if not needed by bridge"
"series 2 #5 back - AQUA APES - Shellsea Waters - common.jpg",".jpg","images\Sketches\aquatic-dwellers\aqua-apes\series 2 #5 back - AQUA APES - Shellsea Waters - common.jpg","D:\github\ron-english-sketches-and-drawings\images\Sketches\aquatic-dwellers\aqua-apes\series 2 #5 back - AQUA APES - Shellsea Waters - common.jpg","False","491886","480.36 KB","5/6/2026 10:30:06 AM","Candidate for removal later if not needed by bridge"
"camoclowndollar bill copy.jpg",".jpg","images\Sketches\Objects\money-and-currency\camoclowndollar bill copy.jpg","D:\github\ron-english-sketches-and-drawings\images\Sketches\Objects\money-and-currency\camoclowndollar bill copy.jpg","False","491623","480.10 KB","5/9/2026 11:41:33 AM","Candidate for removal later if not needed by bridge"
"Dino Grenade Portrait ORIGINAL COLOR.jpg",".jpg","images\Sketches\Kaijus\Dino Grenade Portrait ORIGINAL COLOR.jpg","D:\github\ron-english-sketches-and-drawings\images\Sketches\Kaijus\Dino Grenade Portrait ORIGINAL COLOR.jpg","False","491597","480.08 KB","5/8/2026 5:29:20 PM","Candidate for removal later if not needed by bridge"
"Homer Grin Flying COLOR.jpg",".jpg","images\Sketches\grins\Homer Grin Flying COLOR.jpg","D:\github\ron-english-sketches-and-drawings\images\Sketches\grins\Homer Grin Flying COLOR.jpg","False","491442","479.92 KB","5/8/2026 6:53:03 AM","Candidate for removal later if not needed by bridge"
"Grin Baby ORIGINAL.jpg",".jpg","images\Sketches\grins\Grin Baby ORIGINAL.jpg","D:\github\ron-english-sketches-and-drawings\images\Sketches\grins\Grin Baby ORIGINAL.jpg","False","491187","479.67 KB","3/21/2026 7:20:42 AM","Candidate for removal later if not needed by bridge"
"Rosie Jetson Grin B&W.jpg",".jpg","images\Sketches\grins\Rosie Jetson Grin B&W.jpg","D:\github\ron-english-sketches-and-drawings\images\Sketches\grins\Rosie Jetson Grin B&W.jpg","False","491097","479.59 KB","5/8/2026 6:52:54 AM","Candidate for removal later if not needed by bridge"
"Feather Flower PATTERN 1.jpg",".jpg","images\Sketches\flowers\Feather Flower PATTERN 1.jpg","D:\github\ron-english-sketches-and-drawings\images\Sketches\flowers\Feather Flower PATTERN 1.jpg","False","489839","478.36 KB","5/9/2026 8:06:28 AM","Candidate for removal later if not needed by bridge"
"Kiss Gene Grin COLOR.jpg",".jpg","images\Sketches\grins\Kiss Gene Grin COLOR.jpg","D:\github\ron-english-sketches-and-drawings\images\Sketches\grins\Kiss Gene Grin COLOR.jpg","False","489578","478.10 KB","5/8/2026 6:53:03 AM","Candidate for removal later if not needed by bridge"
"Grin Car side B&W.jpg",".jpg","images\Sketches\grins\Grin Car side B&W.jpg","D:\github\ron-english-sketches-and-drawings\images\Sketches\grins\Grin Car side B&W.jpg","False","488835","477.38 KB","5/8/2026 6:52:45 AM","Candidate for removal later if not needed by bridge"
"Bert Grin COLOR.jpg",".jpg","images\Sketches\grins\Bert Grin COLOR.jpg","D:\github\ron-english-sketches-and-drawings\images\Sketches\grins\Bert Grin COLOR.jpg","False","488343","476.90 KB","5/7/2026 3:53:49 PM","Candidate for removal later if not needed by bridge"
"Mrs Numb Nut B&W.jpg",".jpg","images\Sketches\celebrity-characters\Numb Nuts Family\Mrs Numb Nut B&W.jpg","D:\github\ron-english-sketches-and-drawings\images\Sketches\celebrity-characters\Numb Nuts Family\Mrs Numb Nut B&W.jpg","False","488201","476.76 KB","5/8/2026 12:21:50 PM","Candidate for removal later if not needed by bridge"
"Dripping Grin head COLOR.jpg",".jpg","images\Sketches\grins\Dripping Grin head COLOR.jpg","D:\github\ron-english-sketches-and-drawings\images\Sketches\grins\Dripping Grin head COLOR.jpg","False","487341","475.92 KB","3/21/2026 7:27:59 AM","Candidate for removal later if not needed by bridge"
"Sin of Consciousness COLOR.jpg",".jpg","images\Sketches\brains\Sin of Consciousness COLOR.jpg","D:\github\ron-english-sketches-and-drawings\images\Sketches\brains\Sin of Consciousness COLOR.jpg","False","487338","475.92 KB","5/8/2026 5:09:00 PM","Candidate for removal later if not needed by bridge"
"Pinocchio Grin Right Side B&W.jpg",".jpg","images\Sketches\grins\Pinocchio Grin Right Side B&W.jpg","D:\github\ron-english-sketches-and-drawings\images\Sketches\grins\Pinocchio Grin Right Side B&W.jpg","False","486551","475.15 KB","5/8/2026 6:52:45 AM","Candidate for removal later if not needed by bridge"
"Two-Faced Rabbbit Grin back B&W.jpg",".jpg","images\Sketches\grins\Two-Faced Rabbbit Grin back B&W.jpg","D:\github\ron-english-sketches-and-drawings\images\Sketches\grins\Two-Faced Rabbbit Grin back B&W.jpg","False","484748","473.39 KB","5/8/2026 6:52:54 AM","Candidate for removal later if not needed by bridge"
"Olive Oil Grin COLOR.jpg",".jpg","images\Sketches\grins\Olive Oil Grin COLOR.jpg","D:\github\ron-english-sketches-and-drawings\images\Sketches\grins\Olive Oil Grin COLOR.jpg","False","484457","473.10 KB","5/8/2026 6:53:03 AM","Candidate for removal later if not needed by bridge"
"Pepe Brain B&W.jpg",".jpg","images\Sketches\celebrity-characters\Pepe the Frog\Pepe Brain B&W.jpg","D:\github\ron-english-sketches-and-drawings\images\Sketches\celebrity-characters\Pepe the Frog\Pepe Brain B&W.jpg","False","484269","472.92 KB","5/8/2026 12:38:26 PM","Candidate for removal later if not needed by bridge"
"Swirly Octopus COLOR.png",".png","images\Sketches\aquatic-dwellers\octopi\Swirly Octopus COLOR.png","D:\github\ron-english-sketches-and-drawings\images\Sketches\aquatic-dwellers\octopi\Swirly Octopus COLOR.png","False","483489","472.16 KB","5/6/2026 11:58:53 AM","Candidate for removal later if not needed by bridge"
"Flower Brain Grin COLOR.png",".png","images\Sketches\grins\Flower Brain Grin COLOR.png","D:\github\ron-english-sketches-and-drawings\images\Sketches\grins\Flower Brain Grin COLOR.png","False","483350","472.02 KB","3/21/2026 7:27:46 AM","Candidate for removal later if not needed by bridge"
"Powerpuff Girl Bubbles Grin COLOR.jpg",".jpg","images\Sketches\grins\Powerpuff Girl Bubbles Grin COLOR.jpg","D:\github\ron-english-sketches-and-drawings\images\Sketches\grins\Powerpuff Girl Bubbles Grin COLOR.jpg","False","483313","471.99 KB","5/8/2026 6:53:03 AM","Candidate for removal later if not needed by bridge"
"Flava Fav ORIGINAL.jpg",".jpg","images\Sketches\celebrity-characters\Flava Flav\Flava Fav ORIGINAL.jpg","D:\github\ron-english-sketches-and-drawings\images\Sketches\celebrity-characters\Flava Flav\Flava Fav ORIGINAL.jpg","False","482501","471.19 KB","5/8/2026 12:11:28 PM","Candidate for removal later if not needed by bridge"
"South Park Last Supper Chef ORIGINAL.jpg",".jpg","images\Sketches\celebrity-characters\South Park\South Park Last Supper Chef ORIGINAL.jpg","D:\github\ron-english-sketches-and-drawings\images\Sketches\celebrity-characters\South Park\South Park Last Supper Chef ORIGINAL.jpg","False","482332","471.03 KB","5/8/2026 12:50:37 PM","Candidate for removal later if not needed by bridge"
"Freak Bro Afro Stache COLOR.jpg",".jpg","images\Sketches\grins\Freak Bro Afro Stache COLOR.jpg","D:\github\ron-english-sketches-and-drawings\images\Sketches\grins\Freak Bro Afro Stache COLOR.jpg","False","481612","470.32 KB","5/8/2026 6:52:54 AM","Candidate for removal later if not needed by bridge"
"Spongebob Grin ORIGINAL.jpg",".jpg","images\Sketches\grins\Spongebob Grin ORIGINAL.jpg","D:\github\ron-english-sketches-and-drawings\images\Sketches\grins\Spongebob Grin ORIGINAL.jpg","False","481604","470.32 KB","5/7/2026 6:58:01 PM","Candidate for removal later if not needed by bridge"
"Grinnie Sideview Eyeball COLOR.jpg",".jpg","images\Sketches\grins\Grinnie Sideview Eyeball COLOR.jpg","D:\github\ron-english-sketches-and-drawings\images\Sketches\grins\Grinnie Sideview Eyeball COLOR.jpg","False","481010","469.74 KB","5/8/2026 6:53:03 AM","Candidate for removal later if not needed by bridge"
"Bart side 1 COLOR.png",".png","images\Sketches\celebrity-characters\Simpsons\Bart side 1 COLOR.png","D:\github\ron-english-sketches-and-drawings\images\Sketches\celebrity-characters\Simpsons\Bart side 1 COLOR.png","False","479940","468.69 KB","5/8/2026 11:02:33 AM","Candidate for removal later if not needed by bridge"
"Mickey Mouse Grin back B&W.jpg",".jpg","images\Sketches\grins\Mickey Mouse Grin back B&W.jpg","D:\github\ron-english-sketches-and-drawings\images\Sketches\grins\Mickey Mouse Grin back B&W.jpg","False","479928","468.68 KB","5/8/2026 6:52:54 AM","Candidate for removal later if not needed by bridge"
"Smack, Crack, Pop Grin B&W.jpg",".jpg","images\Sketches\grins\Smack, Crack, Pop Grin B&W.jpg","D:\github\ron-english-sketches-and-drawings\images\Sketches\grins\Smack, Crack, Pop Grin B&W.jpg","False","479910","468.66 KB","5/8/2026 6:52:54 AM","Candidate for removal later if not needed by bridge"
"family_iconpage_delusionville_book-01.jpg",".jpg","images\Sketches\Objects\patterns-symbols-and-icons\family_iconpage_delusionville_book-01.jpg","D:\github\ron-english-sketches-and-drawings\images\Sketches\Objects\patterns-symbols-and-icons\family_iconpage_delusionville_book-01.jpg","False","478568","467.35 KB","5/9/2026 11:42:03 AM","Candidate for removal later if not needed by bridge"
"Ring Racer ORIGINAL COLOR.jpg",".jpg","images\Sketches\grins\Ring Racer ORIGINAL COLOR.jpg","D:\github\ron-english-sketches-and-drawings\images\Sketches\grins\Ring Racer ORIGINAL COLOR.jpg","False","477933","466.73 KB","5/8/2026 6:53:03 AM","Candidate for removal later if not needed by bridge"
"Santa Grin 1 B&W.jpg",".jpg","images\Sketches\grins\Santa Grin 1 B&W.jpg","D:\github\ron-english-sketches-and-drawings\images\Sketches\grins\Santa Grin 1 B&W.jpg","False","477909","466.71 KB","5/8/2026 6:52:54 AM","Candidate for removal later if not needed by bridge"
"Alien Quack Crown COLOR.png",".png","images\Sketches\avians\ducks\Alien Quack Crown COLOR.png","D:\github\ron-english-sketches-and-drawings\images\Sketches\avians\ducks\Alien Quack Crown COLOR.png","False","476874","465.70 KB","5/6/2026 2:56:39 PM","Candidate for removal later if not needed by bridge"
"psychedelicdollarbill copy.jpg",".jpg","images\Sketches\Objects\money-and-currency\psychedelicdollarbill copy.jpg","D:\github\ron-english-sketches-and-drawings\images\Sketches\Objects\money-and-currency\psychedelicdollarbill copy.jpg","False","475710","464.56 KB","5/9/2026 11:41:51 AM","Candidate for removal later if not needed by bridge"
"DEADMAU5 Grin B&W.jpg",".jpg","images\Sketches\grins\DEADMAU5 Grin B&W.jpg","D:\github\ron-english-sketches-and-drawings\images\Sketches\grins\DEADMAU5 Grin B&W.jpg","False","475424","464.28 KB","5/8/2026 6:52:54 AM","Candidate for removal later if not needed by bridge"
"Melting Monster Grin B&W.jpg",".jpg","images\Sketches\grins\Melting Monster Grin B&W.jpg","D:\github\ron-english-sketches-and-drawings\images\Sketches\grins\Melting Monster Grin B&W.jpg","False","475305","464.17 KB","5/8/2026 6:52:54 AM","Candidate for removal later if not needed by bridge"
"Mickey Hands COLOR.jpg",".jpg","images\Sketches\Objects\patterns-symbols-and-icons\Mickey Hands COLOR.jpg","D:\github\ron-english-sketches-and-drawings\images\Sketches\Objects\patterns-symbols-and-icons\Mickey Hands COLOR.jpg","False","474992","463.86 KB","5/9/2026 11:42:06 AM","Candidate for removal later if not needed by bridge"
"Pepe Snapper B&W.jpg",".jpg","images\Sketches\celebrity-characters\Pepe the Frog\Pepe Snapper B&W.jpg","D:\github\ron-english-sketches-and-drawings\images\Sketches\celebrity-characters\Pepe the Frog\Pepe Snapper B&W.jpg","False","474053","462.94 KB","5/8/2026 12:38:26 PM","Candidate for removal later if not needed by bridge"
"Krusty the Clown Grin front COLOR.jpg",".jpg","images\Sketches\grins\Krusty the Clown Grin front COLOR.jpg","D:\github\ron-english-sketches-and-drawings\images\Sketches\grins\Krusty the Clown Grin front COLOR.jpg","False","473915","462.81 KB","5/8/2026 6:52:54 AM","Candidate for removal later if not needed by bridge"
"Allie Quack COLOR.png",".png","images\Sketches\avians\ducks\Allie Quack COLOR.png","D:\github\ron-english-sketches-and-drawings\images\Sketches\avians\ducks\Allie Quack COLOR.png","False","473523","462.42 KB","5/6/2026 2:56:04 PM","Candidate for removal later if not needed by bridge"
"Mickey Mouse Grin Flying B&W.jpg",".jpg","images\Sketches\grins\Mickey Mouse Grin Flying B&W.jpg","D:\github\ron-english-sketches-and-drawings\images\Sketches\grins\Mickey Mouse Grin Flying B&W.jpg","False","473468","462.37 KB","5/8/2026 6:52:54 AM","Candidate for removal later if not needed by bridge"
"Body and Mind ORIGINAL.jpg",".jpg","images\Sketches\brains\Body and Mind ORIGINAL.jpg","D:\github\ron-english-sketches-and-drawings\images\Sketches\brains\Body and Mind ORIGINAL.jpg","False","473442","462.35 KB","5/8/2026 5:03:09 PM","Candidate for removal later if not needed by bridge"
"Ben Banger in Car ORIGINAL COLOR 2.jpg",".jpg","images\Sketches\Kursed\Ben Banger in Car ORIGINAL COLOR 2.jpg","D:\github\ron-english-sketches-and-drawings\images\Sketches\Kursed\Ben Banger in Car ORIGINAL COLOR 2.jpg","False","472276","461.21 KB","5/9/2026 8:14:51 AM","Candidate for removal later if not needed by bridge"
"Qhrist Grin 2 B&W.png",".png","images\Sketches\grins\Qhrist Grin 2 B&W.png","D:\github\ron-english-sketches-and-drawings\images\Sketches\grins\Qhrist Grin 2 B&W.png","False","471733","460.68 KB","3/21/2026 7:20:21 AM","Candidate for removal later if not needed by bridge"
"Tupac Grin COLOR 2.jpg",".jpg","images\Sketches\grins\Tupac Grin COLOR 2.jpg","D:\github\ron-english-sketches-and-drawings\images\Sketches\grins\Tupac Grin COLOR 2.jpg","False","471076","460.04 KB","3/21/2026 7:25:44 AM","Candidate for removal later if not needed by bridge"
"Area 54 Cards - 342 - Cavaler Avaler.jpg",".jpg","images\Sketches\aliens\Area 54 Cards - 342 - Cavaler Avaler.jpg","D:\github\ron-english-sketches-and-drawings\images\Sketches\aliens\Area 54 Cards - 342 - Cavaler Avaler.jpg","False","470079","459.06 KB","5/9/2026 12:16:42 PM","Candidate for removal later if not needed by bridge"
"Peter Potamus Grin COLOR.jpg",".jpg","images\Sketches\grins\Peter Potamus Grin COLOR.jpg","D:\github\ron-english-sketches-and-drawings\images\Sketches\grins\Peter Potamus Grin COLOR.jpg","False","469982","458.97 KB","5/8/2026 6:53:03 AM","Candidate for removal later if not needed by bridge"
"series 1 #11 front - DUCKS - allie quack - common.png",".png","images\Sketches\avians\ducks\series 1 #11 front - DUCKS - allie quack - common.png","D:\github\ron-english-sketches-and-drawings\images\Sketches\avians\ducks\series 1 #11 front - DUCKS - allie quack - common.png","False","469298","458.30 KB","5/6/2026 2:22:47 PM","Candidate for removal later if not needed by bridge"
"Grin Car back B&W.jpg",".jpg","images\Sketches\grins\Grin Car back B&W.jpg","D:\github\ron-english-sketches-and-drawings\images\Sketches\grins\Grin Car back B&W.jpg","False","468952","457.96 KB","5/8/2026 6:52:45 AM","Candidate for removal later if not needed by bridge"
"David Grin COLOR.jpg",".jpg","images\Sketches\grins\David Grin COLOR.jpg","D:\github\ron-english-sketches-and-drawings\images\Sketches\grins\David Grin COLOR.jpg","False","468923","457.93 KB","5/8/2026 6:52:54 AM","Candidate for removal later if not needed by bridge"
"backdrop (1).jpg",".jpg","images\Sketches\Objects\patterns-symbols-and-icons\backdrop (1).jpg","D:\github\ron-english-sketches-and-drawings\images\Sketches\Objects\patterns-symbols-and-icons\backdrop (1).jpg","False","468117","457.15 KB","5/9/2026 11:41:59 AM","Candidate for removal later if not needed by bridge"
"Staples Pigeon Grin side B&W.jpg",".jpg","images\Sketches\grins\Staples Pigeon Grin side B&W.jpg","D:\github\ron-english-sketches-and-drawings\images\Sketches\grins\Staples Pigeon Grin side B&W.jpg","False","467833","456.87 KB","5/8/2026 6:52:45 AM","Candidate for removal later if not needed by bridge"
"mickey hands pattern.jpg",".jpg","images\Sketches\Objects\patterns-symbols-and-icons\mickey hands pattern.jpg","D:\github\ron-english-sketches-and-drawings\images\Sketches\Objects\patterns-symbols-and-icons\mickey hands pattern.jpg","False","467717","456.75 KB","5/9/2026 11:42:06 AM","Candidate for removal later if not needed by bridge"
"Tupac Grin B&W.jpg",".jpg","images\Sketches\grins\Tupac Grin B&W.jpg","D:\github\ron-english-sketches-and-drawings\images\Sketches\grins\Tupac Grin B&W.jpg","False","467068","456.12 KB","5/8/2026 6:52:54 AM","Candidate for removal later if not needed by bridge"
"MC Supersized Grin 2 B&W.jpg",".jpg","images\Sketches\grins\MC Supersized Grin 2 B&W.jpg","D:\github\ron-english-sketches-and-drawings\images\Sketches\grins\MC Supersized Grin 2 B&W.jpg","False","466820","455.88 KB","5/8/2026 6:52:54 AM","Candidate for removal later if not needed by bridge"
"dividedstatesback copy.jpg",".jpg","images\Sketches\Objects\money-and-currency\dividedstatesback copy.jpg","D:\github\ron-english-sketches-and-drawings\images\Sketches\Objects\money-and-currency\dividedstatesback copy.jpg","False","465781","454.86 KB","5/9/2026 11:41:46 AM","Candidate for removal later if not needed by bridge"
"Mounted Gorilla Grin COLOR.jpg",".jpg","images\Sketches\grins\Mounted Gorilla Grin COLOR.jpg","D:\github\ron-english-sketches-and-drawings\images\Sketches\grins\Mounted Gorilla Grin COLOR.jpg","False","464948","454.05 KB","5/8/2026 6:52:45 AM","Candidate for removal later if not needed by bridge"
"backdrop (3).jpg",".jpg","images\Sketches\Objects\patterns-symbols-and-icons\backdrop (3).jpg","D:\github\ron-english-sketches-and-drawings\images\Sketches\Objects\patterns-symbols-and-icons\backdrop (3).jpg","False","464132","453.25 KB","5/9/2026 11:41:59 AM","Candidate for removal later if not needed by bridge"
"Sugar Clown Grin left side COLOR.jpg",".jpg","images\Sketches\grins\Sugar Clown Grin left side COLOR.jpg","D:\github\ron-english-sketches-and-drawings\images\Sketches\grins\Sugar Clown Grin left side COLOR.jpg","False","463403","452.54 KB","5/8/2026 6:52:45 AM","Candidate for removal later if not needed by bridge"
"plane smoke pattern.jpg",".jpg","images\Sketches\Objects\transportation\plane smoke pattern.jpg","D:\github\ron-english-sketches-and-drawings\images\Sketches\Objects\transportation\plane smoke pattern.jpg","False","462630","451.79 KB","5/9/2026 11:42:34 AM","Candidate for removal later if not needed by bridge"
"Popeye Butthead Grin COLOR.jpg",".jpg","images\Sketches\grins\Popeye Butthead Grin COLOR.jpg","D:\github\ron-english-sketches-and-drawings\images\Sketches\grins\Popeye Butthead Grin COLOR.jpg","False","462430","451.59 KB","5/8/2026 6:53:03 AM","Candidate for removal later if not needed by bridge"
"Hawaiian Punch Grin COLOR.jpg",".jpg","images\Sketches\grins\Hawaiian Punch Grin COLOR.jpg","D:\github\ron-english-sketches-and-drawings\images\Sketches\grins\Hawaiian Punch Grin COLOR.jpg","False","462130","451.30 KB","5/8/2026 6:52:54 AM","Candidate for removal later if not needed by bridge"
"Bart side 2 COLOR.png",".png","images\Sketches\celebrity-characters\Simpsons\Bart side 2 COLOR.png","D:\github\ron-english-sketches-and-drawings\images\Sketches\celebrity-characters\Simpsons\Bart side 2 COLOR.png","False","461532","450.71 KB","5/8/2026 11:02:34 AM","Candidate for removal later if not needed by bridge"
"Stormtrooper Grin COLOR.jpg",".jpg","images\Sketches\grins\Stormtrooper Grin COLOR.jpg","D:\github\ron-english-sketches-and-drawings\images\Sketches\grins\Stormtrooper Grin COLOR.jpg","False","460539","449.75 KB","5/8/2026 6:53:03 AM","Candidate for removal later if not needed by bridge"
"Grin animation back COLOR.jpg",".jpg","images\Sketches\grins\Grin animation back COLOR.jpg","D:\github\ron-english-sketches-and-drawings\images\Sketches\grins\Grin animation back COLOR.jpg","False","460529","449.74 KB","5/8/2026 6:52:54 AM","Candidate for removal later if not needed by bridge"
"40-Year-Old Fetus COLOR.jpg",".jpg","images\Sketches\Mythical Beings\Mythical Humans\40-Year-Old Fetus COLOR.jpg","D:\github\ron-english-sketches-and-drawings\images\Sketches\Mythical Beings\Mythical Humans\40-Year-Old Fetus COLOR.jpg","False","459183","448.42 KB","5/9/2026 7:10:01 AM","Candidate for removal later if not needed by bridge"
"backdrop (2).jpg",".jpg","images\Sketches\Objects\patterns-symbols-and-icons\backdrop (2).jpg","D:\github\ron-english-sketches-and-drawings\images\Sketches\Objects\patterns-symbols-and-icons\backdrop (2).jpg","False","459129","448.37 KB","5/9/2026 11:41:59 AM","Candidate for removal later if not needed by bridge"
"Kiss Skull Gene ORIGINAL.jpg",".jpg","images\Sketches\Skeletons\Kiss Skull Gene ORIGINAL.jpg","D:\github\ron-english-sketches-and-drawings\images\Sketches\Skeletons\Kiss Skull Gene ORIGINAL.jpg","False","458676","447.93 KB","5/9/2026 10:30:47 AM","Candidate for removal later if not needed by bridge"
"Robbie Spray Grin B&W.jpg",".jpg","images\Sketches\grins\Robbie Spray Grin B&W.jpg","D:\github\ron-english-sketches-and-drawings\images\Sketches\grins\Robbie Spray Grin B&W.jpg","False","458011","447.28 KB","5/8/2026 6:52:45 AM","Candidate for removal later if not needed by bridge"
"Tony Tiger Grin 2 B&W.jpg",".jpg","images\Sketches\grins\Tony Tiger Grin 2 B&W.jpg","D:\github\ron-english-sketches-and-drawings\images\Sketches\grins\Tony Tiger Grin 2 B&W.jpg","False","456889","446.18 KB","5/8/2026 6:52:54 AM","Candidate for removal later if not needed by bridge"
"40-Year-Old Fetus B&W.jpg",".jpg","images\Sketches\Mythical Beings\Mythical Humans\40-Year-Old Fetus B&W.jpg","D:\github\ron-english-sketches-and-drawings\images\Sketches\Mythical Beings\Mythical Humans\40-Year-Old Fetus B&W.jpg","False","456526","445.83 KB","5/9/2026 7:09:58 AM","Candidate for removal later if not needed by bridge"
"Dunny Grin COLOR.jpg",".jpg","images\Sketches\grins\Dunny Grin COLOR.jpg","D:\github\ron-english-sketches-and-drawings\images\Sketches\grins\Dunny Grin COLOR.jpg","False","456268","445.57 KB","5/8/2026 6:52:45 AM","Candidate for removal later if not needed by bridge"
"series 2 #7 front - BIGFOOTS - Myth Mother Bigfoot - common copy.jpg",".jpg","images\Sketches\bigfoot\series 2 #7 front - BIGFOOTS - Myth Mother Bigfoot - common copy.jpg","D:\github\ron-english-sketches-and-drawings\images\Sketches\bigfoot\series 2 #7 front - BIGFOOTS - Myth Mother Bigfoot - common copy.jpg","False","455685","445.00 KB","5/7/2026 6:47:28 AM","Candidate for removal later if not needed by bridge"
"Stitch Grin COLOR.jpg",".jpg","images\Sketches\grins\Stitch Grin COLOR.jpg","D:\github\ron-english-sketches-and-drawings\images\Sketches\grins\Stitch Grin COLOR.jpg","False","455420","444.75 KB","5/8/2026 6:52:54 AM","Candidate for removal later if not needed by bridge"
"Santa Grin 2 B&W.jpg",".jpg","images\Sketches\grins\Santa Grin 2 B&W.jpg","D:\github\ron-english-sketches-and-drawings\images\Sketches\grins\Santa Grin 2 B&W.jpg","False","454859","444.20 KB","5/8/2026 6:52:54 AM","Candidate for removal later if not needed by bridge"
"Grinnie COLOR.jpg",".jpg","images\Sketches\grins\Grinnie COLOR.jpg","D:\github\ron-english-sketches-and-drawings\images\Sketches\grins\Grinnie COLOR.jpg","False","454122","443.48 KB","5/8/2026 6:52:45 AM","Candidate for removal later if not needed by bridge"
"img215 (2).jpg",".jpg","images\Sketches\Objects\patterns-symbols-and-icons\img215 (2).jpg","D:\github\ron-english-sketches-and-drawings\images\Sketches\Objects\patterns-symbols-and-icons\img215 (2).jpg","False","453913","443.27 KB","5/9/2026 11:42:04 AM","Candidate for removal later if not needed by bridge"
"Sugar Diabetic Bear Grin B&W.jpg",".jpg","images\Sketches\grins\Sugar Diabetic Bear Grin B&W.jpg","D:\github\ron-english-sketches-and-drawings\images\Sketches\grins\Sugar Diabetic Bear Grin B&W.jpg","False","453712","443.08 KB","5/8/2026 6:52:54 AM","Candidate for removal later if not needed by bridge"
"Salt of the Girth B&W.jpg",".jpg","images\Sketches\celebrity-characters\Morton Salt Girl\Salt of the Girth B&W.jpg","D:\github\ron-english-sketches-and-drawings\images\Sketches\celebrity-characters\Morton Salt Girl\Salt of the Girth B&W.jpg","False","453607","442.98 KB","5/8/2026 12:20:15 PM","Candidate for removal later if not needed by bridge"
"DEADMAUGrin back COLORS.jpg",".jpg","images\Sketches\grins\DEADMAUGrin back COLORS.jpg","D:\github\ron-english-sketches-and-drawings\images\Sketches\grins\DEADMAUGrin back COLORS.jpg","False","453489","442.86 KB","5/7/2026 9:51:19 AM","Candidate for removal later if not needed by bridge"
"Dripping Grin head B&W.jpg",".jpg","images\Sketches\grins\Dripping Grin head B&W.jpg","D:\github\ron-english-sketches-and-drawings\images\Sketches\grins\Dripping Grin head B&W.jpg","False","453278","442.65 KB","5/8/2026 6:52:45 AM","Candidate for removal later if not needed by bridge"
"series 1 #6 front - AQUA APES - younger waters - common.jpg",".jpg","images\Sketches\aquatic-dwellers\aqua-apes\series 1 #6 front - AQUA APES - younger waters - common.jpg","D:\github\ron-english-sketches-and-drawings\images\Sketches\aquatic-dwellers\aqua-apes\series 1 #6 front - AQUA APES - younger waters - common.jpg","False","453226","442.60 KB","5/9/2026 12:16:57 PM","Candidate for removal later if not needed by bridge"
"Scrap Ard side ORIGINAL COLOR.jpg",".jpg","images\Sketches\avians\buzzards\Scrap Ard side ORIGINAL COLOR.jpg","D:\github\ron-english-sketches-and-drawings\images\Sketches\avians\buzzards\Scrap Ard side ORIGINAL COLOR.jpg","False","452710","442.10 KB","3/19/2026 3:11:18 PM","Candidate for removal later if not needed by bridge"
"camonew2.pdf_1.jpg",".jpg","images\Sketches\Objects\patterns-symbols-and-icons\camonew2.pdf_1.jpg","D:\github\ron-english-sketches-and-drawings\images\Sketches\Objects\patterns-symbols-and-icons\camonew2.pdf_1.jpg","False","452383","441.78 KB","5/9/2026 11:42:02 AM","Candidate for removal later if not needed by bridge"
"Area 54 Cards - 339 - Cavaler Avaler.jpg",".jpg","images\Sketches\aliens\Area 54 Cards - 339 - Cavaler Avaler.jpg","D:\github\ron-english-sketches-and-drawings\images\Sketches\aliens\Area 54 Cards - 339 - Cavaler Avaler.jpg","False","452064","441.47 KB","5/9/2026 12:16:43 PM","Candidate for removal later if not needed by bridge"
"Scrap Ard back digital COLOR.jpg",".jpg","images\Sketches\avians\buzzards\Scrap Ard back digital COLOR.jpg","D:\github\ron-english-sketches-and-drawings\images\Sketches\avians\buzzards\Scrap Ard back digital COLOR.jpg","False","451446","440.87 KB","3/19/2026 3:11:18 PM","Candidate for removal later if not needed by bridge"
"DEADMAU5 Grin back B&W.jpg",".jpg","images\Sketches\grins\DEADMAU5 Grin back B&W.jpg","D:\github\ron-english-sketches-and-drawings\images\Sketches\grins\DEADMAU5 Grin back B&W.jpg","False","451366","440.79 KB","5/8/2026 6:52:54 AM","Candidate for removal later if not needed by bridge"
"Teletubby Grin Flying COLOR.jpg",".jpg","images\Sketches\grins\Teletubby Grin Flying COLOR.jpg","D:\github\ron-english-sketches-and-drawings\images\Sketches\grins\Teletubby Grin Flying COLOR.jpg","False","451268","440.69 KB","5/8/2026 6:52:54 AM","Candidate for removal later if not needed by bridge"
"Sugar Clown Grin back B&W.jpg",".jpg","images\Sketches\grins\Sugar Clown Grin back B&W.jpg","D:\github\ron-english-sketches-and-drawings\images\Sketches\grins\Sugar Clown Grin back B&W.jpg","False","451201","440.63 KB","5/8/2026 6:52:54 AM","Candidate for removal later if not needed by bridge"
"Kursed Kid 4 ORIGINAL.jpg",".jpg","images\Sketches\Kursed\Kursed Kid 4 ORIGINAL.jpg","D:\github\ron-english-sketches-and-drawings\images\Sketches\Kursed\Kursed Kid 4 ORIGINAL.jpg","False","451160","440.59 KB","5/9/2026 8:16:15 AM","Candidate for removal later if not needed by bridge"
"Ninja Turtle Grin B&W.jpg",".jpg","images\Sketches\grins\Ninja Turtle Grin B&W.jpg","D:\github\ron-english-sketches-and-drawings\images\Sketches\grins\Ninja Turtle Grin B&W.jpg","False","451047","440.48 KB","5/8/2026 6:52:54 AM","Candidate for removal later if not needed by bridge"
"Dino Heart Grin ORIGINAL.jpg",".jpg","images\Sketches\grins\Dino Heart Grin ORIGINAL.jpg","D:\github\ron-english-sketches-and-drawings\images\Sketches\grins\Dino Heart Grin ORIGINAL.jpg","False","450951","440.38 KB","5/8/2026 6:53:03 AM","Candidate for removal later if not needed by bridge"
"Freak Cat COLOR.jpg",".jpg","images\Sketches\grins\Freak Cat COLOR.jpg","D:\github\ron-english-sketches-and-drawings\images\Sketches\grins\Freak Cat COLOR.jpg","False","450791","440.23 KB","5/8/2026 6:52:45 AM","Candidate for removal later if not needed by bridge"
"Grin Car front COLOR.jpg",".jpg","images\Sketches\grins\Grin Car front COLOR.jpg","D:\github\ron-english-sketches-and-drawings\images\Sketches\grins\Grin Car front COLOR.jpg","False","449504","438.97 KB","5/8/2026 6:52:54 AM","Candidate for removal later if not needed by bridge"
"Figment Bust left side ORIGINAL.jpg",".jpg","images\Sketches\Skeletons\Figment Bust left side ORIGINAL.jpg","D:\github\ron-english-sketches-and-drawings\images\Sketches\Skeletons\Figment Bust left side ORIGINAL.jpg","False","449403","438.87 KB","5/9/2026 10:28:22 AM","Candidate for removal later if not needed by bridge"
"Snoopy Grin front B&W.jpg",".jpg","images\Sketches\grins\Snoopy Grin front B&W.jpg","D:\github\ron-english-sketches-and-drawings\images\Sketches\grins\Snoopy Grin front B&W.jpg","False","449221","438.69 KB","5/8/2026 6:52:45 AM","Candidate for removal later if not needed by bridge"
"Spongebob Grin B&W.jpg",".jpg","images\Sketches\grins\Spongebob Grin B&W.jpg","D:\github\ron-english-sketches-and-drawings\images\Sketches\grins\Spongebob Grin B&W.jpg","False","448859","438.34 KB","5/8/2026 6:52:54 AM","Candidate for removal later if not needed by bridge"
"Two-Faced Rabbbit Grin front ORIGINAL.jpg",".jpg","images\Sketches\grins\Two-Faced Rabbbit Grin front ORIGINAL.jpg","D:\github\ron-english-sketches-and-drawings\images\Sketches\grins\Two-Faced Rabbbit Grin front ORIGINAL.jpg","False","448693","438.18 KB","3/21/2026 7:28:43 AM","Candidate for removal later if not needed by bridge"
"Starskull Trooper Grin B&W.jpg",".jpg","images\Sketches\grins\Starskull Trooper Grin B&W.jpg","D:\github\ron-english-sketches-and-drawings\images\Sketches\grins\Starskull Trooper Grin B&W.jpg","False","447926","437.43 KB","5/8/2026 6:52:54 AM","Candidate for removal later if not needed by bridge"
"Snailien King COLOR 2.jpg",".jpg","images\Sketches\Snails\Snailien King COLOR 2.jpg","D:\github\ron-english-sketches-and-drawings\images\Sketches\Snails\Snailien King COLOR 2.jpg","False","447537","437.05 KB","5/10/2026 7:01:41 AM","Candidate for removal later if not needed by bridge"
"Telegrinnie side ORIGINAL.jpg",".jpg","images\Sketches\grins\Telegrinnie side ORIGINAL.jpg","D:\github\ron-english-sketches-and-drawings\images\Sketches\grins\Telegrinnie side ORIGINAL.jpg","False","447185","436.70 KB","3/21/2026 7:24:46 AM","Candidate for removal later if not needed by bridge"
"family_iconpage_delusionville_book-01-2-0.jpg",".jpg","images\Sketches\Objects\patterns-symbols-and-icons\family_iconpage_delusionville_book-01-2-0.jpg","D:\github\ron-english-sketches-and-drawings\images\Sketches\Objects\patterns-symbols-and-icons\family_iconpage_delusionville_book-01-2-0.jpg","False","446697","436.23 KB","5/9/2026 11:42:03 AM","Candidate for removal later if not needed by bridge"
"Zubby Tubby left side COLOR.jpg",".jpg","images\Sketches\celebrity-characters\Teletubbies\Zubby Tubby left side COLOR.jpg","D:\github\ron-english-sketches-and-drawings\images\Sketches\celebrity-characters\Teletubbies\Zubby Tubby left side COLOR.jpg","False","446490","436.03 KB","5/8/2026 1:05:48 PM","Candidate for removal later if not needed by bridge"
"MC Supersized Grin B&W.jpg",".jpg","images\Sketches\grins\MC Supersized Grin B&W.jpg","D:\github\ron-english-sketches-and-drawings\images\Sketches\grins\MC Supersized Grin B&W.jpg","False","446174","435.72 KB","5/8/2026 6:52:54 AM","Candidate for removal later if not needed by bridge"
"Area 54 Cards - 338 - Cavaler Avaler.jpg",".jpg","images\Sketches\aliens\Area 54 Cards - 338 - Cavaler Avaler.jpg","D:\github\ron-english-sketches-and-drawings\images\Sketches\aliens\Area 54 Cards - 338 - Cavaler Avaler.jpg","False","446021","435.57 KB","5/9/2026 12:16:42 PM","Candidate for removal later if not needed by bridge"
"Surrealasaurus three quarters ORIGINAL.jpg",".jpg","images\Sketches\Kaijus\Surrealasaurus three quarters ORIGINAL.jpg","D:\github\ron-english-sketches-and-drawings\images\Sketches\Kaijus\Surrealasaurus three quarters ORIGINAL.jpg","False","445870","435.42 KB","5/8/2026 5:40:11 PM","Candidate for removal later if not needed by bridge"
"series 2 #37 back - AQUA APES - Walter Waters - rare.jpg",".jpg","images\Sketches\aquatic-dwellers\aqua-apes\series 2 #37 back - AQUA APES - Walter Waters - rare.jpg","D:\github\ron-english-sketches-and-drawings\images\Sketches\aquatic-dwellers\aqua-apes\series 2 #37 back - AQUA APES - Walter Waters - rare.jpg","False","445618","435.17 KB","5/6/2026 10:34:43 AM","Candidate for removal later if not needed by bridge"
"Mogul Grin right side B&W.jpg",".jpg","images\Sketches\grins\Mogul Grin right side B&W.jpg","D:\github\ron-english-sketches-and-drawings\images\Sketches\grins\Mogul Grin right side B&W.jpg","False","445139","434.71 KB","5/8/2026 6:53:03 AM","Candidate for removal later if not needed by bridge"
"Grimical Credance - color.jpg",".jpg","images\Sketches\aliens\Grimical Credance - color.jpg","D:\github\ron-english-sketches-and-drawings\images\Sketches\aliens\Grimical Credance - color.jpg","False","444860","434.43 KB","5/6/2026 6:18:36 AM","Candidate for removal later if not needed by bridge"
"Dubby Tubby back COLOR.jpg",".jpg","images\Sketches\celebrity-characters\Teletubbies\Dubby Tubby back COLOR.jpg","D:\github\ron-english-sketches-and-drawings\images\Sketches\celebrity-characters\Teletubbies\Dubby Tubby back COLOR.jpg","False","444510","434.09 KB","5/8/2026 1:04:56 PM","Candidate for removal later if not needed by bridge"
"Zubby Tubby front ORIGINAL.jpg",".jpg","images\Sketches\celebrity-characters\Teletubbies\Zubby Tubby front ORIGINAL.jpg","D:\github\ron-english-sketches-and-drawings\images\Sketches\celebrity-characters\Teletubbies\Zubby Tubby front ORIGINAL.jpg","False","444230","433.82 KB","5/8/2026 1:04:56 PM","Candidate for removal later if not needed by bridge"
"cashcowback copy.jpg",".jpg","images\Sketches\Objects\money-and-currency\cashcowback copy.jpg","D:\github\ron-english-sketches-and-drawings\images\Sketches\Objects\money-and-currency\cashcowback copy.jpg","False","443828","433.43 KB","5/9/2026 11:41:34 AM","Candidate for removal later if not needed by bridge"
"Kanegon Grin B&W.jpg",".jpg","images\Sketches\grins\Kanegon Grin B&W.jpg","D:\github\ron-english-sketches-and-drawings\images\Sketches\grins\Kanegon Grin B&W.jpg","False","442876","432.50 KB","5/8/2026 6:52:54 AM","Candidate for removal later if not needed by bridge"
"Smurfette Grin B&W.jpg",".jpg","images\Sketches\grins\Smurfette Grin B&W.jpg","D:\github\ron-english-sketches-and-drawings\images\Sketches\grins\Smurfette Grin B&W.jpg","False","442145","431.78 KB","5/8/2026 6:52:54 AM","Candidate for removal later if not needed by bridge"
"Grin Reaper version 2 COLOR.jpg",".jpg","images\Sketches\grins\Grin Reaper version 2 COLOR.jpg","D:\github\ron-english-sketches-and-drawings\images\Sketches\grins\Grin Reaper version 2 COLOR.jpg","False","442129","431.77 KB","5/8/2026 6:52:54 AM","Candidate for removal later if not needed by bridge"
"Vull Ture COLOR ORIGINAL 3.jpg",".jpg","images\Sketches\avians\buzzards\Vull Ture COLOR ORIGINAL 3.jpg","D:\github\ron-english-sketches-and-drawings\images\Sketches\avians\buzzards\Vull Ture COLOR ORIGINAL 3.jpg","False","441615","431.26 KB","3/19/2026 3:11:16 PM","Candidate for removal later if not needed by bridge"
"plaidpattern1-1small.jpg",".jpg","images\Sketches\Objects\patterns-symbols-and-icons\plaidpattern1-1small.jpg","D:\github\ron-english-sketches-and-drawings\images\Sketches\Objects\patterns-symbols-and-icons\plaidpattern1-1small.jpg","False","441016","430.68 KB","5/9/2026 11:42:08 AM","Candidate for removal later if not needed by bridge"
"Hawaiian Punch Grin B&W.jpg",".jpg","images\Sketches\grins\Hawaiian Punch Grin B&W.jpg","D:\github\ron-english-sketches-and-drawings\images\Sketches\grins\Hawaiian Punch Grin B&W.jpg","False","441002","430.67 KB","5/8/2026 6:52:54 AM","Candidate for removal later if not needed by bridge"
"Homer Grin 3 back COLOR.jpg",".jpg","images\Sketches\grins\Homer Grin 3 back COLOR.jpg","D:\github\ron-english-sketches-and-drawings\images\Sketches\grins\Homer Grin 3 back COLOR.jpg","False","440592","430.27 KB","5/8/2026 6:52:54 AM","Candidate for removal later if not needed by bridge"
"Zubby Tubby left side B&W.png",".png","images\Sketches\celebrity-characters\Teletubbies\Zubby Tubby left side B&W.png","D:\github\ron-english-sketches-and-drawings\images\Sketches\celebrity-characters\Teletubbies\Zubby Tubby left side B&W.png","False","440238","429.92 KB","5/8/2026 11:03:37 AM","Candidate for removal later if not needed by bridge"
"Rabbit Grin 2 B&W.jpg",".jpg","images\Sketches\grins\Rabbit Grin 2 B&W.jpg","D:\github\ron-english-sketches-and-drawings\images\Sketches\grins\Rabbit Grin 2 B&W.jpg","False","440086","429.77 KB","5/8/2026 6:53:03 AM","Candidate for removal later if not needed by bridge"
"mousemaskbill-back copy.jpg",".jpg","images\Sketches\Objects\money-and-currency\mousemaskbill-back copy.jpg","D:\github\ron-english-sketches-and-drawings\images\Sketches\Objects\money-and-currency\mousemaskbill-back copy.jpg","False","440035","429.72 KB","5/9/2026 11:41:49 AM","Candidate for removal later if not needed by bridge"
"Finn Grin COLOR.jpg",".jpg","images\Sketches\grins\Finn Grin COLOR.jpg","D:\github\ron-english-sketches-and-drawings\images\Sketches\grins\Finn Grin COLOR.jpg","False","440021","429.71 KB","5/8/2026 6:53:03 AM","Candidate for removal later if not needed by bridge"
"Lisa Grin front B&W.jpg",".jpg","images\Sketches\grins\Lisa Grin front B&W.jpg","D:\github\ron-english-sketches-and-drawings\images\Sketches\grins\Lisa Grin front B&W.jpg","False","439450","429.15 KB","5/8/2026 6:53:03 AM","Candidate for removal later if not needed by bridge"
"series 1 #35 back - AQUA APES - Infant Aqua Ape - uncommon.jpg",".jpg","images\Sketches\aquatic-dwellers\aqua-apes\series 1 #35 back - AQUA APES - Infant Aqua Ape - uncommon.jpg","D:\github\ron-english-sketches-and-drawings\images\Sketches\aquatic-dwellers\aqua-apes\series 1 #35 back - AQUA APES - Infant Aqua Ape - uncommon.jpg","False","439396","429.10 KB","5/6/2026 10:23:31 AM","Candidate for removal later if not needed by bridge"
"Area 54 Cards - 341 - Cavaler Avaler.jpg",".jpg","images\Sketches\aliens\Area 54 Cards - 341 - Cavaler Avaler.jpg","D:\github\ron-english-sketches-and-drawings\images\Sketches\aliens\Area 54 Cards - 341 - Cavaler Avaler.jpg","False","438634","428.35 KB","5/9/2026 12:16:41 PM","Candidate for removal later if not needed by bridge"
